5.871080470970735377e-03,1.222431204958953840e-03,1.416676587184911851e-02,-3.947360581187277576e-03,-1.150160878607975334e-03,-9.512447032735118699e-03,-1.416448082454246915e-02,-5.721286105539074782e-03,4.077340953157426728e-03,9.922812420886575197e-04,-2.052593038652222868e-02,-8.535299776972036720e-03,3.300291618823311679e-02
1.025697688625804016e-02,-1.537339026625150415e-03,2.250815734158168047e-02,-1.372999754356049595e-03,-1.051807458993453404e-02,-1.741921199613950810e-02,-1.121881582732731086e-02,6.585738019745362298e-04,6.657189667447216408e-05,9.999188122081902746e-03,-1.720889418703197560e-02,-1.179756817688924070e-02,4.113079743914422465e-02
1.289306368354814492e-02,-1.282254500478908349e-03,-6.977237804952685085e-03,-5.273175270744388451e-03,-1.550100508646995445e-02,-2.395737557204189599e-02,-2.527773771436320205e-02,4.651713457439032862e-03,1.023820085124776957e-02,3.947196703819211283e-03,2.490190227230126840e-03,-7.262518842733394278e-03,4.357234562666733452e-02
5.074732773843071421e-03,-7.193068902795394376e-03,-1.012497329757611197e-02,-6.535982362887833574e-03,-2.241554810088630667e-02,-1.611487635841490906e-02,-1.105143649800771621e-02,5.811976501002603934e-03,-9.422183277441931182e-03,-1.571143802296160602e-03,-3.970738247852489966e-03,-8.418834303612610787e-03,3.631358179448267165e-02
-2.085871979646958252e-02,-2.049043199090619383e-03,-1.779972045374905720e-02,-2.006899558887081936e-03,4.012186042208210068e-03,-1.900145612297777023e-02,-5.132320244398469455e-03,3.858004040933546430e-04,-1.807689670198836529e-02,4.808620868231930356e-04,-2.990416363051306980e-03,-1.737359210648794366e-03,3.876533784318381831e-02
-1.399143067905600502e-02,-5.555354633791531604e-03,1.512274822854281497e-02,7.301924683060581622e-04,1.405955311500367566e-02,-2.185709341124004307e-02,8.545082414939508819e-03,8.733640114012675149e-03,-5.168035001008153273e-03,-8.366582959272138298e-03,-1.292642744459082671e-02,-5.717729603178144104e-03,3.971201979704036544e-02
1.862086594741851897e-03,-1.334019765767695265e-02,1.098821921313841710e-02,6.358358742755435000e-03,-1.272355840590627674e-02,-2.388550927750825170e-02,7.587427586491224396e-04,1.486808541765506642e-03,-2.258239354721591763e-02,-1.270856470003852920e-02,-3.604135160918009451e-03,-8.042336786935951054e-03,4.274262270716373824e-02
1.353053264357528818e-02,-6.361084963303675899e-03,-1.245327491484576887e-02,4.401666655644315140e-03,-2.452349486450566829e-03,-3.227459393632594459e-02,-6.346815872858013741e-04,4.508348267250439356e-03,1.175030984253022659e-02,-2.767671308215244319e-03,-6.034192275919947335e-04,-7.688997064052113806e-03,4.088524763330722567e-02
-5.470420870808179181e-03,-2.054513832158745557e-03,4.313921073064053147e-03,4.302857547117816539e-03,9.228754419108475826e-03,-2.290533906695622901e-02,9.548774619541733344e-03,-3.359116728892851123e-03,-1.153061053530318736e-02,-4.125553914864014959e-03,1.986748032327234625e-02,-1.115094715355195720e-02,3.811290895165986986e-02
-1.449098280166488673e-02,7.325292331086474817e-03,-1.869926382066638970e-02,6.826086217914015264e-03,-2.190574242375120662e-03,-2.942706477965857659e-02,2.489266178002119689e-02,-1.265096088309902028e-02,1.480758696272266306e-02,-4.176677530726771725e-03,1.757316976296668942e-02,-2.040161216656960486e-02,5.720227207872559394e-02
-2.246410338409771112e-02,-1.762629260065318171e-04,9.071403467392435971e-03,1.094752875482241095e-02,-1.727809391748119650e-02,-3.282368127893940668e-02,-6.327138876863036554e-03,-5.158750136863010649e-03,7.012593370667064008e-03,2.643218763597604548e-04,1.853148297699663827e-02,-1.575095209067665925e-02,5.282170399151228657e-02
3.921085284928460535e-03,4.130798630645651781e-03,4.549147168459277690e-03,1.355260888074499848e-03,-1.796661649413539008e-02,-2.556522257671726972e-02,1.409615764460364629e-02,3.374699040660511518e-04,1.330203204579699650e-02,-3.426791893084035756e-03,1.745729898546310999e-02,-1.640873161308219197e-02,4.464141641278537853e-02
8.936871348422636974e-03,1.162316845768533724e-02,-1.823770717326078650e-02,3.301082692677384522e-03,-1.961338143348628771e-02,-2.511672729018770561e-02,-5.602291586823127112e-04,-9.082058545023696805e-03,2.506743399031796660e-02,-1.220482305823401836e-02,1.144847499061912854e-02,-1.799295710720467956e-02,5.374902071052401614e-02
4.639311475240659455e-03,5.421687003214062384e-03,-8.557427659462324421e-03,-1.986014208033529127e-03,-8.328672642424372885e-03,-1.707875436121901458e-02,-5.218679779697477095e-03,-1.506714262284267192e-02,1.479950706410498862e-02,-1.344186118619940251e-02,1.846777593260479078e-02,-2.569348624942220660e-02,4.630678989649234661e-02
1.995702385321301842e-02,1.041448818950385657e-02,-1.554318280806954444e-02,-6.739650432022861737e-03,-1.345632749240827097e-02,-9.144621730588636810e-03,-1.432175837461352463e-02,-1.694641508063454705e-02,-1.103580746283380765e-02,-2.034162536433239965e-02,-1.512737648436063287e-02,-1.913881905301406672e-02,5.178272946789905240e-02
-3.826293460926333267e-03,1.653740260823638453e-02,-1.280658205116452786e-02,-8.270035653306986867e-03,-1.459822232407814724e-03,-6.823792955308757846e-03,-6.611616061768743613e-03,-1.687678592202389305e-02,-2.484875525144422670e-02,-2.730678863762044106e-02,-7.250784292545164877e-03,-1.257434294436488020e-02,4.971490881068572898e-02
1.124504724382230370e-02,2.468912118816880830e-02,-2.128987997182785197e-02,9.005169853895239607e-04,-1.072960416132862083e-03,1.155552960535419227e-03,-3.020101416241538494e-03,-2.493780397710987362e-02,6.532299510326244896e-03,-3.302735351134181152e-02,-5.094614500897265419e-03,-1.538951856124862183e-02,5.674367572157750644e-02
-5.302496229431186148e-03,2.181268716824470710e-02,1.549944375611150837e-02,8.580977103420442398e-03,1.824263841140383313e-02,2.825099396987204581e-03,-3.646681283502872795e-04,-2.240032774577559171e-02,-5.351156356258268687e-03,-2.997040577085020863e-02,7.832188246476023963e-04,-1.909074283665102012e-02,5.433588511781298896e-02
-2.102373092607517924e-02,1.905383281189021449e-02,1.249253004444428328e-02,7.669741825831036253e-03,-1.435571026939302941e-02,6.705494740385398167e-03,1.789044955961782701e-02,-1.659249128665868378e-02,-1.862988406528709451e-02,-3.729140079783292705e-02,2.235640018596790624e-02,-2.154742560656500161e-02,6.758834527012136384e-02
-8.373568902325545515e-03,1.780884658478190663e-02,2.806168181561818908e-03,1.520545584789756433e-03,5.777748662047554884e-03,1.202650538154301230e-02,1.735454265764541093e-02,-9.031503307252289336e-03,-5.932995421480014020e-03,-3.055238092608235367e-02,9.738179401539870383e-03,-2.367658769055853984e-02,5.081620886458346198e-02
-1.030240986667291248e-02,2.573854802633196437e-02,-5.593467998338375047e-03,9.714808964178589523e-03,-1.453438947104163104e-02,1.363892755921275457e-02,-1.271278726341407150e-02,-1.289377918968009906e-02,1.862745710840685298e-02,-3.859137114183308626e-02,-1.743642024873259810e-03,-1.948722924769945297e-02,6.195545739704944044e-02
4.243655530835999112e-03,2.154851467532128972e-02,-1.854291172882491234e-02,1.159478365947402834e-03,-1.080866371869715348e-03,1.444508181650935863e-02,5.661446111600187958e-03,-2.244505280207056974e-02,-1.838856855173220950e-02,-4.831544684841389270e-02,-6.509264333806052960e-04,-2.659726714316468232e-02,7.038147677374356759e-02
-1.810942015484878764e-02,2.569108627855024030e-02,1.794814929226901112e-02,2.722724826425521050e-03,8.224096027673932774e-03,6.192420152747346584e-03,6.626522916100385796e-03,-1.496216812121309303e-02,-2.572001653714717229e-02,-5.585843961881252484e-02,1.859570879733712934e-02,-3.353449094558354215e-02,8.332669683633693591e-02
-1.379381211414210107e-02,3.148854110393670136e-02,2.197212261076258999e-02,-3.186150958353090035e-03,-1.632628206130137816e-02,-2.125893463299277641e-03,1.432624007063609817e-02,-5.953874046893070648e-03,1.502608033854113678e-02,-4.672803537495319459e-02,1.617320894439669421e-02,-4.025796977088669237e-02,8.048632853542588006e-02
-1.456669701384999405e-02,2.529686015141616173e-02,1.714784016221965190e-02,2.254348227281322004e-03,1.946751708613786436e-02,-1.846806113436433305e-03,7.323944813805660647e-03,-8.903619298109261004e-03,-1.834554937077759185e-02,-4.046974998804278578e-02,7.881076611344434157e-03,-3.476586858446856221e-02,7.008349773613092859e-02
1.897475538224058234e-02,1.813873824066625229e-02,-5.801465892426638238e-03,8.446893336962552068e-03,1.028256742965200088e-02,4.077778948562760242e-03,8.428902713869201868e-03,-8.294423688081309365e-03,6.726879546476438598e-04,-4.309070564844291740e-02,2.133117370190512618e-02,-2.813058594227782483e-02,6.449709899696305648e-02
2.263639379647797156e-03,1.771861224073562058e-02,-1.371070211571592812e-02,9.180641354891577732e-03,8.369986651756949891e-03,1.120952468601818519e-02,-5.208886532914125400e-03,-4.616563528817313466e-03,-2.073350371263310565e-02,-4.561351136335764500e-02,6.871294489762258539e-04,-2.701315608701493343e-02,6.384472909250310524e-02
-5.582840192996957329e-03,2.327910936469429481e-02,-3.023769416884147798e-03,8.238674660668215965e-03,1.186116450690877233e-02,8.137371975000390334e-03,1.555287567302965357e-02,-8.767501793898180296e-04,1.255907501370151502e-02,-4.649713009611086689e-02,5.307070931494795030e-04,-2.976930606796932000e-02,6.561916918053448122e-02
-9.806658478038909887e-03,1.757447621805582894e-02,1.127432216071730386e-02,1.624321615309259892e-03,-1.923447903711542062e-02,1.564113228503069553e-02,2.065867061364551338e-02,-8.027062400833812061e-03,2.114745385277416734e-02,-4.270355694133445845e-02,-5.049236984206173506e-03,-2.345749292483081949e-02,6.698629322012614185e-02
-2.297746450795143391e-02,1.590639349513461864e-02,-8.831544807426622290e-03,4.068568077770728930e-03,-5.496254316195797740e-03,6.292624101622179555e-03,-1.179930804334528016e-02,-4.739863186574433396e-03,-1.135592604411639339e-02,-4.756243229245057935e-02,1.460494477515345002e-02,-2.633335558808644339e-02,6.636953075285641213e-02
-2.224304415854888584e-02,1.540516320301382747e-02,1.503033916164792094e-02,-5.546370445715237407e-03,-2.045918188859752185e-02,7.471527040781522633e-03,-1.452848932136135973e-02,3.856556714844333600e-03,-1.361514562261639805e-02,-4.634795532389573980e-02,2.996826389039003447e-03,-1.989118254915103745e-02,6.653752718093799978e-02
-1.292985084406925167e-02,1.614913397034925535e-02,2.124409886220457455e-02,-8.252454852490931358e-04,-7.120075177129620014e-03,5.213248658467034558e-03,8.290237499444186309e-03,7.538386812054875818e-04,1.157812317385376044e-02,-3.757737745517270023e-02,1.445360260474565228e-03,-2.093218548722464156e-02,5.489531645112594171e-02
-1.901244278493569029e-02,1.482776724129195034e-02,-1.862731345346638201e-02,1.883420125775941978e-03,1.809536688691285033e-02,4.805501753600199821e-03,1.351541293414526557e-03,2.618274049058594288e-03,-8.295557073286496941e-03,-4.070756609446607444e-02,6.263853941205987930e-03,-1.790058551471276904e-02,5.810908659644935942e-02
1.493230272383999635e-02,1.977236787205138846e-02,-2.301836057417874781e-02,-3.805114012125077050e-04,1.269474158930650187e-02,2.033264128303818863e-03,-2.343288099677154346e-03,-2.609515289094282986e-03,-1.470967826725066985e-03,-4.523987739440746281e-02,6.355216789093010021e-03,-2.383807890025452236e-02,6.307895166891820671e-02
2.349091734248406893e-02,9.897633750785755913e-03,-8.355596955364863465e-03,-4.539314883085010521e-03,1.535761190633710971e-02,4.824301843577571969e-03,-1.806599357811988771e-02,6.612618526327412871e-03,7.741068117496641143e-04,-4.533254738287909036e-02,1.312874703003022447e-02,-2.344077266709018725e-02,6.439656533087093071e-02
-1.753842245591041848e-02,3.027873675642500650e-03,-1.215505919072551455e-02,-1.811078918934783122e-03,1.116149853483122678e-02,1.232361759204955720e-02,1.181488840512007199e-02,2.795069797946247991e-03,-2.425941235532130813e-02,-5.299675930032418658e-02,2.447547643984526733e-03,-2.989031564743266367e-02,7.202944813374578814e-02
-1.516925483197428814e-02,1.282171182513391905e-02,1.573826047673299033e-02,-9.484283939953624953e-03,-1.277071816850694486e-02,1.742722343583447131e-02,-1.825561634008057710e-02,5.593718914895018379e-03,-1.456467977844533301e-02,-4.884161244977613947e-02,1.014501109767532161e-02,-2.814982445644426123e-02,7.110886386584784613e-02
-2.172177015494830554e-02,3.292327048353915764e-03,-1.956986206322647304e-03,-8.080346776054708746e-03,-2.134931585401872445e-02,1.633075394582372830e-02,-2.011380088398204147e-02,1.975623256694869490e-03,-2.635280816794605130e-02,-4.675054660543692675e-02,-1.899463462523537371e-03,-2.854657276660474419e-02,7.335768729060056226e-02
6.021057975981486399e-03,6.908486492252147171e-03,4.134735419966673042e-03,-1.732853560658487169e-02,1.482797429724541649e-03,1.607026805683839377e-02,-1.283812760299052336e-02,-5.574083110289507204e-03,-1.690778175308710329e-02,-4.307106067927893300e-02,-1.063805974097006835e-02,-2.936196187305950556e-02,6.303948846928002225e-02
1.632494392568403785e-02,-6.590462968662225141e-04,-1.301929206867297184e-02,-1.877413523559923192e-02,2.042631617785228837e-03,1.047652934805837210e-02,-2.121763528082193373e-02,-4.886696413639479708e-03,1.174928030165500736e-03,-4.655089865276026972e-02,1.756688715992044125e-02,-3.742164976873027515e-02,7.248619270610366649e-02
-1.481645767482805964e-02,3.356810741992899416e-04,-6.320733775425885215e-03,-2.781879142288051776e-02,-1.848136955121137959e-02,1.965754318450618765e-02,5.828536505060322170e-03,4.215657441966502716e-03,-1.352332754018714667e-02,-4.724360115496256673e-02,-4.884971628779849473e-03,-2.907598193486898852e-02,7.139547935717120708e-02
-1.400744275280799145e-02,2.309150320288833047e-03,-7.718654079544876034e-03,-2.017593599941111537e-02,-1.754600611687570644e-02,3.017610656824443183e-02,2.767558703666850306e-04,4.303182328731891548e-03,6.261958165977354884e-03,-4.593613569765470084e-02,-1.517229181168872065e-02,-3.604625602500191595e-02,7.472691648468636483e-02
-2.064384279870754013e-02,-6.006399969727793664e-03,5.875712177818959159e-03,-1.941563634555248941e-02,-1.668629637266275112e-02,3.776364103686896678e-02,5.261287965223793162e-03,1.155480411188186673e-02,3.618634117311170240e-03,-3.660744768061363619e-02,1.447561274794087471e-02,-2.663351662425419986e-02,7.079225272072371677e-02
1.257121634482169514e-02,-1.266101305770306329e-02,-7.962360869520693218e-03,-1.298766623994215830e-02,9.704919319081739548e-03,3.130900208616022029e-02,6.953010460784753155e-03,3.143752221983542317e-03,-1.263014718101995726e-02,-3.900239988747369879e-02,-3.182896831101678092e-03,-2.438905369438576498e-02,6.299798875580100987e-02
-1.445397718907309725e-02,-4.599531734231665503e-03,-1.669272080621456156e-02,-9.825904498144411026e-03,1.331136361069135132e-02,3.803380312518578332e-02,-1.500943444561622653e-02,-1.143419628922504039e-03,-3.427384784522202743e-03,-3.536871678906783334e-02,2.097171248486034978e-02,-2.638445612453288458e-02,6.967256943263488989e-02
-1.072720526259077212e-02,5.345415643211282042e-03,2.299985556380348961e-03,-1.123660682410837497e-02,2.043887358654844499e-02,3.006836999589124204e-02,-2.759819931261037196e-02,-1.549141744507154250e-03,3.200783506803972500e-03,-3.101815908318050763e-02,-6.731223638214878235e-03,-2.893355464266555988e-02,6.493029881848812190e-02
-2.696534299882843988e-02,1.053866623680710379e-02,1.411100841941946571e-02,-1.243627183796458535e-02,5.679136103487775200e-03,2.629105841507312080e-02,-1.094625872488186324e-02,-2.292737938483779825e-03,-1.987731832234196361e-02,-4.101794948814851960e-02,1.742892103437096440e-02,-2.931247039843970503e-02,7.267112469826692012e-02
-1.076658750251008323e-02,7.577477405936339228e-03,5.029509596169809416e-03,-2.209109819271304342e-02,1.411752082823247711e-02,3.238759947832575703e-02,7.383528639628572643e-03,-1.034540127334793169e-02,1.050216700872169673e-02,-4.030050023355952193e-02,5.803402887173819691e-03,-3.751764936460078026e-02,7.260946428171581590e-02
-5.596351671576044184e-03,-2.016945293532579342e-04,-9.224036610873162512e-03,-2.833377991185750955e-02,9.774156990720261895e-03,3.826510799153720610e-02,4.343499982749687849e-03,-1.018619425819544677e-03,-4.328786555730435026e-03,-3.834928299227646775e-02,5.011375396033745933e-03,-4.567929359110739496e-02,7.810262239985812927e-02
9.351521277022906142e-03,5.595222607019390004e-04,1.758876819902863153e-02,-2.589909957528258033e-02,-8.154232608217903966e-03,4.573012073928917065e-02,-1.211418238350225884e-02,-4.803571155120145431e-03,-1.545720299936031994e-02,-4.763494128442130604e-02,2.888421099897148236e-03,-3.812374334445917112e-02,8.582092310517622225e-02
2.131687910231178096e-02,5.195928691246132214e-03,2.849883069680630987e-02,-2.611376032821288717e-02,2.001450407712465629e-02,4.322005045220472796e-02,1.943102279202987837e-02,3.177474505356936429e-03,-2.285706785149757558e-02,-4.357699606652298829e-02,-1.806377365959188630e-02,-4.601884117338578273e-02,9.745340816733195910e-02
-4.914963683042658515e-03,3.734338176123896957e-03,7.957553870757277936e-04,-3.381326702903819648e-02,-9.814568219679437044e-04,4.233400472316090069e-02,1.765504809365997518e-02,7.725255750375192854e-03,9.834292155400048419e-03,-5.046849558011839987e-02,-1.817770195920051512e-02,-5.069731235989538565e-02,9.429216613153529325e-02
1.549384647621901423e-02,1.143874365252006697e-02,-9.285728418934859063e-03,-2.611419958738531166e-02,2.376195987561932621e-03,3.577751957484176515e-02,-7.487832810571803943e-03,9.150421275991693637e-03,-1.043493755606497708e-02,-4.596140728141356879e-02,-2.090301443435704787e-02,-5.772763545183168254e-02,9.249491964293431179e-02
2.330706435090869333e-02,3.407862147621121274e-03,-1.926156925078428839e-02,-2.645570414545161952e-02,3.266919257863487580e-03,3.539764615905416356e-02,-1.571077065857343080e-02,1.068185827771106489e-02,-1.272164439881839915e-02,-3.863634258164250213e-02,-2.873207837239508122e-02,-5.736889055650129521e-02,9.498247610205112768e-02
-1.099940601077435687e-02,-5.447423239502868775e-03,1.739160703869949837e-02,-2.838300540627458624e-02,-6.825281846152553289e-03,3.756371744653769218e-02,-2.492474772228452096e-02,1.734591116069872374e-02,-1.206717026350992428e-02,-4.507781919063408305e-02,7.731162491888904365e-03,-5.657125387218231438e-02,9.526893190761266672e-02
-2.062134835877807437e-02,-1.024586955082407158e-02,-1.489244893232966049e-02,-2.324469914956622807e-02,3.714324123400114530e-03,3.924107737287596542e-02,-1.035551355897237902e-02,2.794917022863779854e-02,1.623711153008386421e-02,-4.080687430158297380e-02,-5.918582482293793801e-03,-5.635825048080778110e-02,9.420454795986434038e-02
1.445459294188322641e-02,-9.125986824410070586e-03,8.747144285676952680e-03,-2.511617997634874033e-02,2.495183229456932050e-02,3.044584137732775364e-02,2.951170936017211144e-04,3.486531884666510539e-02,1.001002910965811954e-02,-4.839113231384167824e-02,-9.237602800507782597e-03,-5.566820548603296226e-02,9.690696282377744830e-02
-1.953120010795325601e-03,-6.835264535662299856e-03,-1.767810140493011536e-02,-2.353054610399707425e-02,-1.549246702327841674e-02,2.576545507411226454e-02,8.342940406215013094e-03,2.702765567047110684e-02,9.566225397293653954e-03,-5.191912286690580913e-02,6.639674703086073659e-03,-5.404606882810947255e-02,9.150345483722066575e-02
2.149279994453860698e-02,-3.389449743299410844e-03,-1.680116449755176058e-02,-2.891292344922319346e-02,-1.986669690931031074e-03,3.136179312992043444e-02,1.088193006247734074e-02,3.447019819672386687e-02,2.456055456104061507e-02,-4.527433030024613503e-02,7.200565047095486282e-03,-5.809629797990334410e-02,9.982884743756395562e-02
2.215446247468266794e-02,-6.397014380951748791e-03,-1.123091054625381321e-02,-3.827930630694764691e-02,2.306178273403361456e-03,2.793934099584222119e-02,3.322624138335450450e-03,3.653208385123746238e-02,9.415097436270641884e-03,-4.831920834923758568e-02,-6.850810688971767370e-03,-6.737737412518624014e-02,1.061356347561619451e-01
-5.511555401556206268e-03,-1.519634716502965555e-02,-1.559461948650905233e-02,-4.518121161883220660e-02,3.033008383372073902e-03,2.320415243789858417e-02,-4.653913583832158807e-03,3.151089860276840016e-02,-1.223688937741615468e-02,-4.801992103738894624e-02,1.501769549111309221e-02,-7.062658284398104502e-02,1.085235798485633812e-01
-1.938832961291468010e-02,-8.552604402633279257e-03,-4.989352693908161683e-03,-4.192575897762462755e-02,5.469676437671336378e-03,1.651960479489505973e-02,2.192659573731864375e-02,2.636566260356276725e-02,2.271632138742449292e-02,-4.592726321156020974e-02,-2.057917602263502344e-02,-6.537201092277478143e-02,1.050371496319505299e-01
5.386216527416248789e-03,-1.404038494167059170e-02,2.412177425255931235e-02,-4.986244447698179316e-02,2.513887909686417232e-02,2.431313609426793976e-02,3.595383938608580354e-03,3.260464560291881364e-02,-1.587495166779601119e-02,-4.779963357950073322e-02,7.408239832955507143e-03,-6.916862667316381330e-02,1.138830480085100544e-01
1.155885368410743130e-02,-1.060435409397503248e-02,1.909500267380280156e-02,-4.925563200544108566e-02,5.593225944992508136e-03,2.054794617029437331e-02,2.072079287435694278e-02,2.704682846326306178e-02,-2.172240705358499668e-02,-5.425308455068778013e-02,2.011298979516341900e-02,-6.631333169021269569e-02,1.134391059599089147e-01
-1.418352423193210143e-02,-3.970743429327017182e-03,2.092206756190869918e-02,-4.140269852471462064e-02,1.862083322838729155e-02,3.062007640068908909e-02,5.824854723423540659e-03,2.130624474910070010e-02,1.349592206036828723e-02,-5.722476798197539960e-02,-1.807864717621884831e-02,-6.063521220990475413e-02,1.077095420670178549e-01
-2.267429251440557236e-02,-8.445945765097884195e-03,-1.185368461283203834e-02,-4.723642676423905895e-02,-1.287894656262900117e-02,2.548144419026088237e-02,1.726015078484648135e-02,2.402393560643945047e-02,-1.963731094643900166e-03,-5.213658519270203406e-02,2.022710410356294564e-02,-5.310734691031226973e-02,1.029518661055185136e-01
6.751358712465734685e-04,-1.107910480002055609e-02,5.484419305849530524e-04,-4.524552549781885036e-02,1.301679774029577269e-02,1.646034540892121756e-02,1.223373207820566133e-02,2.997985357203702961e-02,-2.313690339117532857e-02,-5.558957294827659990e-02,-1.848185478197444942e-02,-5.867622240097258857e-02,1.052116509870892613e-01
8.559466756166651813e-03,-1.092430248656733882e-02,-2.093430425722071775e-02,-4.397876815179541099e-02,-2.354634969695393668e-02,9.788754151887235633e-03,-1.241900194400901922e-02,3.223574032638315545e-02,1.638250692633380634e-02,-5.598113043177493919e-02,4.627725384231312633e-03,-6.004965519190458290e-02,1.069497886063039832e-01
-1.219212537456247289e-02,-1.902101186841259617e-02,-7.383900830699230422e-03,-4.340080518997130321e-02,-2.152726223200606553e-02,1.916015578748853088e-02,-1.928696978767341710e-02,3.104280224421929191e-02,2.156789589698285270e-02,-6.037025001039664218e-02,-7.463905385120289671e-03,-5.258400833790938256e-02,1.074490814118656823e-01
-2.056285814740278078e-02,-1.002422866050789452e-02,1.678410589961259330e-02,-3.891276954562433721e-02,8.911152349660750316e-03,2.565055954592193599e-02,1.168069315439229650e-02,2.312243854580536828e-02,5.984461982268166058e-03,-5.348345809992427480e-02,2.475874233417952458e-02,-5.522377248800591776e-02,1.014230061839960506e-01
-7.043032126870546472e-03,-7.632332389623186497e-03,7.432026893263797562e-03,-4.858108275317746250e-02,-1.740034626720615707e-02,1.956560042504795760e-02,-5.932661941402173761e-03,1.349360087665840702e-02,-1.459208632437482278e-02,-5.387460203555582972e-02,-1.759961742698976095e-02,-5.382651425628204311e-02,9.873456251660601979e-02
-4.261358968499162625e-03,-9.333555381066005463e-03,9.485755602951950749e-03,-4.733188762374557212e-02,2.171760234814038015e-04,1.744301196599334913e-02,-1.131234612171781208e-02,5.044976555909352900e-03,-9.941846669865361807e-03,-5.059773611202372789e-02,-8.964441774996181889e-03,-5.525480351694678216e-02,9.319717871103515294e-02
-2.197653438253389935e-02,-2.634170330902907420e-03,2.311646970379196975e-02,-4.570669001260485587e-02,-4.419841244869398070e-03,1.632250632827847436e-02,1.876025431317679057e-02,1.017723129813163929e-02,1.178978383679231412e-03,-5.935663003654229053e-02,-2.689218968698838669e-02,-5.889452260395516836e-02,1.075695875550508607e-01
-8.434577845643442817e-03,-5.775575882337458111e-03,6.594137707381167446e-03,-3.714374631316075259e-02,-1.301796069296586207e-02,9.549652243766415527e-03,-1.413090228000445092e-02,1.052700613156509757e-02,1.544522244471871128e-02,-6.559694218026540513e-02,-4.078136902750783416e-03,-6.637494958341089157e-02,1.051788105607520535e-01
2.294519859206144846e-02,-1.493808837391019662e-02,4.891515515694513927e-03,-4.472113699794211250e-02,-4.826356971133663465e-03,8.021198717521549337e-03,-9.945307492378756276e-03,1.343811473729566996e-02,-6.937609650692691532e-04,-7.269382642951816020e-02,-2.009756784590659151e-02,-6.809740092908145304e-02,1.160461245034610928e-01
8.613501470659729042e-03,-2.234021738525776568e-02,-2.203337642502012361e-02,-4.124426196217267915e-02,-3.823905905995163279e-03,1.770801459742632478e-02,-4.371748020202056995e-04,1.448733135299673513e-02,-1.540066328516799532e-02,-6.655794714334273277e-02,-2.211957274639737153e-02,-6.571422144125349529e-02,1.130171740332795299e-01
-1.292306220083000445e-03,-1.963825329068630277e-02,-2.583741574682309194e-02,-5.001704681164653721e-02,1.516529893787019190e-03,1.173260546985116504e-02,2.358132426679310223e-02,2.297889736971331365e-02,2.024138711877090588e-02,-7.420254380801105665e-02,-2.735206105170962312e-02,-6.434186025634741624e-02,1.248375425484544166e-01
2.550083911301542772e-03,-1.585344420297218893e-02,-1.052621394870693894e-02,-4.073093668784238952e-02,-3.856090486202917722e-03,5.040788528316020312e-03,-1.740659548342154972e-02,3.146561350103560528e-02,2.567652441411912706e-02,-6.835805623851454182e-02,-1.409570214691736531e-02,-7.255095282058643402e-02,1.189766183737198113e-01
3.597641037027199395e-03,-1.178233913932813515e-02,-8.835537186054898129e-04,-3.270323101204625216e-02,1.866296198739618786e-02,9.821372320104604370e-04,2.051759671150328590e-02,2.261078287276124810e-02,1.307153541781898645e-02,-7.836578416038975092e-02,-2.087337251018193951e-03,-7.870884688072671276e-02,1.225358692889236129e-01
-1.438711901235695256e-02,-9.686880701263556048e-03,2.447379257183292245e-02,-3.075052765560232215e-02,-1.036065459106668557e-02,9.046401883358090590e-03,3.096166699039754056e-03,2.344386262805381316e-02,2.269210701283986414e-02,-8.150552320236148507e-02,2.520184108252682131e-02,-7.242622800874687350e-02,1.250301609595940999e-01
1.724538690450391765e-02,-3.682948103785332883e-04,2.749112576678876263e-02,-2.283591438118653949e-02,-8.380869242996427659e-03,8.006977420117689093e-03,-2.162766936469717738e-02,2.282943747021259906e-02,-1.126784287598608068e-02,-7.666363206061749258e-02,-5.598377751665356561e-04,-7.590944461719406622e-02,1.202701289197037476e-01
2.358176946368398252e-02,1.696980282590576650e-03,-1.284074736639172210e-02,-2.443719948365902228e-02,-2.039106091233494622e-02,1.185055004352120189e-02,-3.663855155367337635e-03,2.002134374222436231e-02,-6.829600664354992801e-04,-7.162306855153960372e-02,-5.329214971899094710e-04,-6.987535219297985600e-02,1.109266842493900618e-01
2.395146346149620853e-02,-8.735552436300697554e-03,-3.138615902061381302e-03,-2.389444239510923884e-02,-2.524621563493543996e-02,2.105357360100101882e-02,1.579135596664110047e-02,2.568280521207488842e-02,6.895733414538279815e-03,-6.320165759774981629e-02,1.278561024124944684e-02,-6.977921258785352299e-02,1.108827603309151810e-01
1.576291779426786110e-02,-1.209931082903215049e-02,-3.605962969524686978e-03,-2.663402922442986709e-02,-1.773783214397166297e-02,1.855662714288436321e-02,1.444617104723991408e-02,1.630229051379911143e-02,-1.777446590983837449e-02,-6.233287473226717390e-02,-1.475682571037662677e-02,-7.070483531894050655e-02,1.080228196673987950e-01
1.255280939722222544e-02,-1.751859251369453085e-02,-1.842598442065736253e-02,-2.221573207322924404e-02,-8.682916623443087678e-03,9.997624490998280322e-03,1.961840327065936251e-03,2.211767034574985136e-02,-2.025628240379567097e-02,-6.302158147276032407e-02,-1.504518584762776917e-02,-7.615393510038720448e-02,1.112372761847495589e-01
-4.930102277579423431e-03,-1.052242827972860173e-02,-1.947315708281255331e-02,-2.606872350385408543e-02,-1.659813135958670971e-03,1.063610149668781091e-02,-6.020439670320329451e-03,1.725976455270233911e-02,-1.727002221104857738e-02,-6.204688023150867204e-02,9.758396585669848466e-03,-7.124985641071024389e-02,1.047075630233933047e-01
2.555811301889659992e-02,-5.956477376330204798e-03,4.114352656609310266e-03,-2.461367658131902170e-02,2.047339892507571424e-02,1.334663832173527132e-02,2.104718589176970966e-02,1.225149485932108817e-02,1.127239957706217127e-02,-6.210813110224888689e-02,-1.257905124119308715e-03,-7.940170178345090646e-02,1.131040813913882365e-01
3.023240868587395713e-02,3.095180962066623742e-03,1.985242683710869427e-02,-2.474061963522034002e-02,2.326944558320720446e-02,1.164197902035524201e-02,-6.820566474852379768e-03,5.168383593586511893e-03,-2.625911255945134748e-03,-5.733990885850637209e-02,-1.319764649203800100e-02,-8.692783588274971551e-02,1.170701412089205917e-01
-1.213377659018960442e-02,-6.349719867516701033e-03,-1.376967299141504397e-02,-2.647272626113350569e-02,1.990922943053341498e-02,1.781314005430434388e-02,-1.227328052812715065e-02,1.422736957755121878e-02,1.966826892409920258e-02,-5.581467978453574785e-02,-2.159807463027515334e-02,-9.092579878192746934e-02,1.199199334374466963e-01
1.525091938450498508e-02,-1.244061286646547249e-02,-1.609824252437672132e-02,-2.188010158656022996e-02,-2.424132638493858849e-02,2.217212042313448928e-02,2.265187830143899905e-03,1.601167551281007517e-02,2.880990979855195533e-02,-6.225172777903992261e-02,-2.783678509127707201e-02,-8.872645347064817001e-02,1.257718568271283255e-01
1.016368206162251986e-02,-1.331282650841009163e-02,6.867064039600995207e-03,-1.346995851297300151e-02,2.219493002974579077e-02,1.795333953476646593e-02,-3.893443501960303088e-03,2.231239722983485718e-02,-5.272242669053656128e-04,-6.162432968565134672e-02,1.811260789465175824e-02,-9.600151455169042558e-02,1.232041426295239495e-01
-1.019885470071066336e-02,-1.822302663922298338e-02,-1.155874765258479986e-02,-5.655407961175418219e-03,-9.708458084670579247e-03,2.356824583093108938e-02,-1.861509438755903911e-02,2.332183918502928055e-02,2.342109525520279234e-02,-6.800728245061110622e-02,-4.040061305062542241e-03,-1.032170836822951521e-01,1.341098674373353838e-01
-2.406863085034019467e-02,-2.507076399977287151e-02,1.789332574787677599e-02,3.844017709677405303e-03,-1.044073161068426181e-02,2.116119851930986506e-02,3.083637826692686712e-03,2.973350962572179901e-02,1.534647347718415267e-02,-7.612347998469187749e-02,-2.109417917714482421e-02,-9.848974623691481023e-02,1.384509962239288128e-01
-3.751783317162193931e-03,-3.346496119377245781e-02,2.003766637071607848e-03,4.604300595597299317e-03,2.043539280319889295e-03,2.103979668768324318e-02,-5.631692886048839108e-03,2.348624238306706857e-02,1.612234424259065269e-02,-7.285186670607196602e-02,1.958535751418406107e-02,-9.357547094008750177e-02,1.299870850162112845e-01
-1.279151961247115832e-03,-3.833752519553945692e-02,2.525706727415250041e-02,4.130309929901543331e-03,-2.011383385716389305e-02,1.524402780200234675e-02,-6.419339970960002972e-03,1.938101417997400988e-02,2.044403822486444422e-02,-8.346693992537840279e-02,-8.654096251703324860e-03,-9.751311774861382009e-02,1.419455866945881495e-01
1.009684039303732073e-02,-3.623323484392987348e-02,5.314817466172183646e-03,-4.109435093347491019e-03,-2.233750009050017304e-03,1.044971881796485924e-02,-2.362978269193383163e-02,1.755419699256227650e-02,-5.965864784181540426e-03,-9.120209190704636759e-02,1.898807803659698090e-02,-9.247540390710445868e-02,1.403790992470483334e-01
-1.097604794277251550e-02,-3.464653280192325768e-02,-1.457989043478649660e-02,4.726854888346343486e-03,-2.564829079953243052e-02,1.541058870976985684e-02,2.018472969493328995e-02,1.331737307004526860e-02,9.064289498219316177e-03,-8.610449049090884710e-02,9.180959073034219986e-03,-9.922110995268285105e-02,1.430424144303907297e-01
1.907483702530216041e-02,-3.528037089203911458e-02,2.042073204678582221e-02,6.071938029077572629e-03,-1.229392513449528712e-02,2.211017817090532578e-02,-1.579605855043039742e-02,6.694283976329984398e-03,-1.385093199585377133e-02,-8.853424484469413214e-02,-1.976062197365646700e-02,-1.096643979057953522e-01,1.531132958316284709e-01
1.435656406453644784e-02,-2.741762916620299473e-02,-1.451769052086659961e-03,1.417531882985789693e-02,-8.637592191245824225e-03,1.602691083093382707e-02,-3.820420993454753944e-03,1.604097439016294313e-03,-1.960995599559056668e-02,-9.658351964368655507e-02,1.256545985817465738e-02,-1.105087592115535089e-01,1.535985889186005648e-01
2.380627462578954745e-02,-2.101883246739927324e-02,-1.032345323489869404e-02,7.482546087952124392e-03,3.022667341250340201e-03,1.262520127974015027e-02,-1.238792866514509816e-02,1.012346706354866344e-02,-4.105847632180636975e-04,-9.302340138076992115e-02,8.365241861198358109e-03,-1.154508312329466935e-01,1.537789429271191333e-01
