-0.0556172132,0.0360444635,0.00668277591,-0.0208547264,-0.0935356021,-0.0257597789,0.0724914446,-0.00497399224,-0.149836659,0.035459362,0.124662057,0.0136141628,-0.0380680561,-0.0669865683,0.126443848,-0.0471141301,-0.14685142,0.0799570829,0.0814077109,0.00348897418,-0.129850149,0.00704976171,0.142894581,0.0191294197,0.394254029
0.0417109132,-0.0184317604,-0.0242647231,-0.0451377071,-0.0847441554,-0.00133894384,0.125315905,0.0350281484,0.0169762373,0.0810731351,0.138727963,0.0536674783,-0.0818842053,-0.0977230147,0.137172163,0.0170454644,0.0313048363,0.0698198006,0.111604176,0.0414864831,-0.0314491391,-0.0086642541,0.185647815,0.0631061867,0.390783101
0.0301706195,0.0220108628,-0.0482688248,-0.00835411437,-0.0232151151,0.00553067029,0.108181104,0.0173354652,0.0552054644,-0.0229505673,0.144426391,0.0976421013,-0.0896174312,-0.04249309,0.0841656774,0.0491528809,0.027448535,-0.0534558073,0.071620658,-0.00397950783,-0.0329551101,-0.0429590344,0.18733266,0.102424935,0.35629198
-0.0641718507,0.0271194875,-0.132997811,-0.00576544739,0.0739880204,0.0270067751,0.108716637,0.0889060795,0.00576329231,0.040321514,0.106595457,0.159543365,-0.03885144,0.0204286128,0.0454204082,0.0410158224,0.0922544003,-0.0361514091,0.0628867894,0.043328777,0.0450274944,0.00643867999,0.18763867,0.147871032,0.409198135
0.0522990227,0.0337462723,-0.0780450404,-0.021397844,0.0283842683,0.0136064887,0.124266326,-0.0434801616,0.0408324599,-0.0264246464,0.124045998,0.0475730747,0.0153260231,-0.0156160891,0.156151354,0.0135396123,-0.00087594986,0.00937192142,-0.040350914,0.116213262,0.0563685894,0.0611676984,0.135118961,0.196349412,0.390844315
0.0626994371,-0.0169815719,0.0603665709,-0.0939755812,0.0312764049,-7.00950623e-05,0.0797957182,-7.70241022e-05,-0.0133319497,-0.00540831685,-0.0166477561,0.0317970812,0.0733063817,-0.0739600956,0.258782446,0.0395421386,-0.0395879745,0.0579624474,-0.0954507291,0.128665864,0.0115382671,0.0213178694,0.0633699298,0.066926375,0.380245745
-0.0348798633,-0.0299631357,-0.166178107,-0.0307525992,0.0239594579,0.0258897245,0.108064711,0.0450809076,-0.0190560222,0.0392351747,-0.0470330119,0.125766769,0.0343286395,0.0104420781,0.197085619,0.19924061,0.0484156013,0.0535932332,-0.112439394,0.142233878,0.0912185907,0.0509612411,0.0627128482,0.204557031,0.490074098
0.0513538718,-0.0847320855,-0.165278554,-0.0111863613,0.0416678786,-0.00629866123,0.0391566753,-0.156134516,0.0648474693,-0.0442605764,-0.0729928613,-0.304132968,-0.0244225264,0.0437559187,-0.0214761496,0.0927819312,0.0916415453,0.0337987393,-0.0275635719,0.0651824921,0.0682385564,0.00858781859,0.0248194337,0.159327284,0.475180209
0.0474926233,0.0598267615,0.0171099305,0.75768435,-0.0213874876,-0.0587340295,-0.202530682,-0.161401898,-0.0538933873,-0.00121505558,-0.624573588,-0.281863689,0.032253027,0.0433144867,0.42257145,0.108567074,-0.0110188723,-0.00576685369,-0.474510133,0.0582910329,0.0244817734,-0.0788101554,-0.0241873264,-0.117427051,1.25171947
0.0167689919,-0.0523555875,0.013736248,-0.190772235,-0.0271383822,0.0371099412,-0.1944924,0.372338206,-0.00700864196,-0.066176407,0.337587446,-0.800419152,-0.0158058405,0.0531436503,0.391958386,0.279309511,0.0151163936,0.0889017731,-0.476559401,0.561707079,0.0960171223,0.00877825916,-0.0255997777,0.614418507,1.4663502
0.00405198336,0.0205262303,0.0348980427,0.185131103,-0.0461202264,0.0880402327,-0.0839918256,0.247829348,0.0412603319,0.00795134902,0.261084795,0.62089169,-0.0218181908,0.0100491941,0.06483078,-0.295827389,0.00576174259,-0.0486429781,-0.11608696,-0.723572135,0.0898550153,0.0393837728,-0.0618525743,0.630648136,1.26988685
0.0250649452,0.0728206336,0.0601013899,0.179418266,0.0895571262,0.0477686226,0.689565182,0.245933637,-0.0666919649,0.0797950178,-0.535549998,0.337353796,0.0905517638,0.0743931532,0.632570744,-0.275321007,-0.0920057595,0.0585079789,-0.499161541,-0.791134715,0.0987061262,0.0373810679,-0.18814826,0.224342287,1.57256222
0.0308700502,0.0859950185,-0.0538542271,-0.0310783982,0.0627562851,0.0754929185,0.620375216,0.52135694,-0.00856558979,0.0531551614,0.386435211,0.297753513,0.0428712368,0.0744926631,0.584619462,0.302381873,-0.0898810625,-0.0318598002,-0.426833332,-0.95638907,-0.0877856612,0.0182947125,-1.29226446,-0.0389077067,2.03604579
-0.0431967229,0.0800046325,-0.0412201881,0.00163036585,-0.0183562823,0.0822255015,-0.29581821,-0.182292104,0.0625697672,0.0466435477,0.396021545,-0.0987824202,-0.0804513544,0.0225736797,-0.725560188,0.284760565,0.0120435059,0.00958226621,0.967703879,0.269500971,-0.043391563,0.0222813003,0.0748704076,0.354145974,1.43795609
0.0263394192,0.0396193266,0.852613688,0.005212605,-0.0939056128,-0.0342621431,-0.266517878,-0.844736993,0.0944391489,0.0963363871,0.734019578,0.360261172,-0.0235582888,-0.0591198951,-0.709168911,-0.752450049,-0.0139064491,-0.0621769577,0.905204952,0.325759739,-0.0359692872,0.0234736688,-0.310244083,0.296657681,2.09748554
-0.00635803491,-0.0460964739,0.264491588,0.0561674833,-0.0826490223,-0.0451306552,-0.337510109,-0.108361721,0.0334733762,0.0820982233,0.686856568,0.369390249,0.0553998351,0.055318132,0.692320704,-0.668506742,0.0710773766,-0.0180254579,1.07511318,0.743828475,0.0281432346,-0.0610871613,0.262152374,-0.839882672,2.06189132
-0.0855727047,-0.0860744417,-0.362415195,-0.126015544,-0.0790998936,-0.0585616305,-0.284607232,-0.0736564398,-0.00452046096,-0.00701242685,-0.277608514,-0.442558825,0.0334977098,0.0588078126,0.664833665,-0.200200438,-0.0896964595,-0.0696295723,1.07890904,-0.466965675,0.0273555517,-0.0668370277,0.199220419,-0.245539606,1.58679473
0.0268324614,-0.0558202416,-0.392447233,-0.17503351,-0.0166198909,0.0822791606,0.613895059,1.33436298,0.0887402743,-0.0498019904,-0.220819592,-0.424469471,0.0685003325,0.0511169732,0.507327259,-0.185258389,0.0909417644,0.0342910103,1.6083951,0.814037383,0.0745380074,0.0209204257,0.143397719,0.716607988,2.58657002
-0.0848851204,0.0897189826,-1.38608241,0.782013774,-0.0289508104,0.0317001641,0.584757328,0.208048522,-0.0870657563,0.0707031786,-1.46201611,0.692694366,-0.00124515593,-0.0823335946,0.513880074,-0.645943761,-0.0775426179,0.071980156,1.53002024,0.919638872,0.00379294157,0.0108787715,-0.89453721,0.225859046,3.20972276
-0.0363515913,-0.00525562465,0.0398620367,0.782290578,-0.0254026949,-0.0273089409,0.260440797,-0.566558957,0.0221807957,0.0228685141,-1.47565413,0.638291538,-0.0105152428,-0.0386821926,-0.215885639,-0.615997016,-0.0530219823,0.0538058728,0.281600535,-0.260293543,-0.0272834003,-0.0385068953,-0.663565874,-0.273582935,2.16539407
-0.0943235457,-0.062855348,-0.459005505,-0.0352396965,-0.0638114214,-0.0668950081,0.24470821,-0.515389204,-0.0901862085,0.0709179342,-1.25606298,0.614675403,-0.0407996774,0.0494462103,-0.234023064,0.683091044,-0.0061840117,0.0881664753,0.241591305,0.570585668,-0.0539758801,-0.0185697079,-0.00845265388,-0.251057267,1.87379527
0.0137474537,0.0479256809,-0.434914947,-0.101472855,0.0625318885,0.00192141533,0.979607344,0.886077702,-0.0739711225,-0.0192050934,-1.18130803,-0.7401613,-0.0213493556,-0.0398834944,0.414022863,0.680690229,-0.0797150731,-0.0809368491,-0.57969594,-1.12100983,-0.0850784779,-0.0832906961,-0.382709563,-0.716768563,2.61086106
0.0698682368,0.0295847952,0.0491152778,-0.00832152367,0.100507408,0.0228719115,0.986447811,0.536143124,0.0646217465,-0.0859048963,0.661069989,-0.310159206,-0.0787818283,-0.0635017157,0.447085828,0.269665778,-0.0480589867,-0.0852178931,-0.519421935,-1.10209596,0.00392514467,-0.00157940388,0.572892427,0.334776402,2.01029587
0.0467162728,0.00273901224,-0.306131244,-0.014556706,0.0368205905,0.00285613537,0.147400439,0.0673514009,-0.0534528494,-0.0663995743,0.705461502,-0.316737533,0.0045633167,0.0203008652,0.476894706,0.345723033,-0.0447969735,-0.0463877916,0.133877426,0.023398757,0.0904871821,0.0629168153,0.77784431,0.501807749,1.40286291
0.0891195238,-0.0874670148,0.119605333,-0.512622952,0.0442027152,-0.0370375514,0.114687502,0.0439079404,0.0533204675,0.0444041491,1.0944798,1.15187812,-0.0266302973,0.0335668921,0.446537405,0.287073851,-0.0501235425,-0.0181204081,0.147653654,0.105516255,0.0932609141,0.00380712748,0.373648524,-0.528951168,1.8942399
0.0736202896,0.0150162578,0.158301771,-0.515697002,-0.0243343413,0.0546665788,-0.57593596,0.899862885,0.0351574421,0.056938529,1.0810504,0.488187075,-0.0240799189,0.0953161716,0.35349226,0.344094545,0.0538743734,-0.0594801307,1.10627067,-0.53650552,0.0889884681,0.0202755928,0.276949376,0.177736223,2.17736459
-0.0529259443,-0.0692607164,-0.602622867,-0.789974332,-0.0456576645,-0.0737786889,-0.486763448,-0.950617909,-0.061986208,-0.00109410286,-0.561928034,-0.522304058,0.0940953791,0.08066535,0.401328146,-0.0216946006,0.0693252683,-0.066983819,1.0735538,-0.45287627,0.0417822003,-0.0827355385,0.062509343,-1.04218745,2.31901217
-0.0232833326,0.0526268482,-0.104933485,-0.757465243,0.00282260776,-0.0785399675,0.513530016,-0.0687683225,0.0425565839,-0.0238867998,-0.482655197,-0.536486626,0.0265154168,-0.0488433838,-0.480888873,-0.064196825,-0.0762498975,0.0301254392,-0.882624328,0.667090952,0.095565021,0.0501697063,0.102898315,0.730234206,1.84676802
-0.0015385896,-0.0578885078,0.256669939,-1.18943346,0.0521237701,0.0199636817,0.505860269,-0.0131517649,-0.0682122409,0.0832891464,-0.766234577,0.296033651,0.0686240345,0.0409536362,-0.467762828,0.456613898,-0.0181429684,-0.0207474828,-0.840524852,-0.215866446,-0.0153900832,-0.015745163,-0.484493136,-0.0428620353,1.9631834
0.0780630112,-0.0982997417,0.321665585,-1.18375921,0.0510629974,-0.00126510859,-0.141960725,0.134377405,0.0226945877,-0.0819571018,-0.666002095,-0.82983309,0.0112826377,0.041903615,-0.893405795,0.38752684,0.0175818205,0.00950467587,0.179583952,0.0272403061,-0.021888651,0.0129708052,0.128124684,0.180090845,1.93232143
0.0326552056,0.0436183214,-0.739473045,0.866853118,-0.00238684844,0.0316329002,-0.12248341,0.549961388,0.0833715647,0.022167325,0.201919064,0.606817126,-0.037607722,-0.0454004407,-0.851689816,-1.00412297,-0.0763335079,-0.0568604469,0.147839278,0.0661835372,-0.0505879596,0.0341870785,0.127212211,-0.0859044939,1.9585278
-0.0683672652,0.0282356739,-0.930139899,0.829491019,0.0594264269,-0.0245597363,0.821206093,-0.617112696,-0.0538902879,0.0987719297,0.198620453,0.574748278,0.0761601478,-0.0676522851,0.872765303,-0.967602789,0.00198293664,0.0441588163,0.369548142,1.02529371,0.0857647955,0.0779075623,0.948605537,0.537236869,2.66467166
-0.0736888349,-0.0431542397,-0.1196623,-0.545435786,0.0714533478,0.0243803263,0.852205873,-0.545167983,0.0147633106,0.0405389071,1.05952871,-0.571377456,-0.00235067308,0.0632496476,0.825945616,0.868684232,-0.04144568,0.101224065,0.371945798,0.607138515,-0.0345867574,-0.0743485689,-0.290770024,-1.24297631,2.52887321
0.052179575,0.0799839497,-0.0579611212,-0.495132029,0.101261109,-0.0679736733,0.246890962,-1.09641826,-0.0648175329,-0.0904335976,1.08198524,-0.801166058,-0.0303571969,-0.0582121015,0.272464693,0.839820802,-0.0755062029,0.0582895279,0.058703959,-0.322943985,-0.00244617462,0.00255346298,0.487962484,-0.0242474675,2.12130356
-0.0739918649,-0.0161168575,-0.982796192,-0.732631266,0.102711931,-0.0266278982,0.205141008,0.0666801035,0.0432070941,0.0447587967,1.0890789,0.843737602,-0.0857557356,0.0516257286,0.235241175,0.770080209,-0.0778605491,0.0503935814,0.0657513291,-0.300844818,-0.0488331914,0.00717973709,-0.258618087,-0.117208898,2.07674909
-0.0938906372,0.0317097306,-0.342879862,-0.753634334,0.0273234844,0.0459017754,-0.720276713,0.508829772,0.0194810331,-0.0321962237,1.01643491,0.93366456,-0.0643639266,0.097848773,0.0329363346,0.719070375,0.0867382288,-0.0238498449,1.18009925,-0.410066128,0.0492576361,-0.0697766542,0.727828503,-0.361688256,2.4800787
-0.0485376716,-0.015940249,0.509131551,-0.227047145,-0.0321861804,0.0281107426,-0.728507698,0.450895667,-0.0149459094,-0.0419921875,-0.510783553,0.325548053,0.03674981,0.0551028848,0.0090643093,-0.344418168,0.0937577784,-0.0514291525,1.22421849,-0.576676965,-0.000147104263,-0.0612023473,-0.0277501941,0.343559802,1.87255025
0.0822327137,0.00403624773,0.481524318,-0.159822911,0.0253767669,0.0988067985,0.0976407677,0.568314493,0.0320943147,-0.0037483573,-0.476132691,0.337484896,-0.0861184299,-0.0611841083,-0.754263937,-0.355705798,0.0723247826,-0.0855080485,0.14229925,-0.72902596,0.0453664064,0.0708619058,0.467142731,0.871328712,1.79001081
0.0618935227,0.0462912917,-0.339268059,-0.0406609178,0.0516577661,-0.0189210176,0.188482672,-0.955190957,-0.0457613766,0.0469671488,-1.00102603,0.0866943598,-0.0556432307,0.0439217091,-0.840060115,1.04200649,-0.0619009137,2.92062759e-05,0.178667471,-0.747414351,0.0113685727,-0.0531149507,-0.269326866,-0.501994252,2.19223905
0.0135647655,0.0467172265,-0.616482079,-0.0570492744,0.0312158465,-0.0963475704,-0.0505651534,-0.802892268,0.0679878592,0.0694660544,-0.947164595,-0.00239527225,-0.0373194516,0.0475744009,0.265740275,1.06842041,0.0125394166,0.0772047043,0.434180439,0.83248812,0.077152133,-0.0698972046,0.379637659,-0.0700082779,2.05256486
0.0600009561,-0.000451207161,0.0217505395,-0.154829681,0.0611099899,-0.0192297101,0.0211040378,-0.816578746,-0.0677109659,0.0708407164,-0.883318722,0.157637894,-0.00969782472,0.0130804777,0.254949838,-0.336432695,-0.0264652967,-0.0170094371,0.465626389,-0.407103896,0.00438702106,0.0330730379,-0.214522481,0.984713733,1.75865793
0.0850971341,0.0481651723,-0.00680693984,-0.197909296,-0.0526043922,-0.060097754,-0.611037731,-0.612118304,-0.0683487058,0.0150327384,-0.824751914,-0.308770359,-0.0636271536,0.0182207227,-0.0465765297,-0.296060115,-0.0573175848,-0.0674574971,-0.294320077,-0.396928817,-0.0228915215,-0.0184557289,-0.108705103,0.0876994729,1.39651346
0.0687755942,-0.0667259693,-0.157224834,-1.15199494,7.48932362e-05,0.0167118907,-0.655448437,0.255227089,0.0546323657,0.0608283281,1.02260447,-0.0230742693,-0.0406616628,-0.031942904,-0.0185207129,-0.60910356,0.045743078,0.0434709489,-0.241727769,-0.383980095,-0.0367083848,0.0144250542,-0.33956337,0.431569695,1.94832098
-0.0703207254,-0.0885655433,-1.07023859,-1.18026662,0.0598478913,0.0136213601,0.397424698,0.293381989,0.0862322897,0.0700436532,0.999536991,0.0271370411,-0.00538849831,-0.0780905187,0.601999044,-0.573895335,-0.0522835553,-0.0869529843,-0.705677688,-0.81948328,0.0397412777,-0.0234458745,0.873434424,-0.267007351,2.55444551
-0.0803706646,0.044946447,-0.713377833,0.51715225,-0.0347072631,0.0512549058,0.389668494,0.32719934,-0.055245921,0.0512692928,-1.2451663,-0.226032317,-0.075868994,-0.050940305,0.590458632,-0.145256341,-0.100193173,-0.0271348208,-0.738846719,0.446094871,0.0485691726,-0.0358967781,0.649968743,-0.197715789,2.06245899
-0.0340317488,0.0823909342,-0.75164628,0.518781781,-0.0481642894,0.0600162558,-0.0567396879,-0.135949135,0.0444763191,-0.0133681186,-1.18649316,-0.679381907,0.0416519344,0.00660820305,1.39202642,-0.0615829825,-0.051962465,0.0232520998,0.0449370146,0.134719968,0.0625913888,0.00647926331,0.267907619,0.523900688,2.24901819
-0.0489967763,-0.078646034,-0.411317885,-1.0345192,-0.0545158982,0.0837312415,-0.0626316071,-0.00746279955,-0.0578028262,-0.0155872107,-1.41346824,-0.105012178,-0.0111288428,-0.0543585643,1.43766844,-0.0632070303,-0.0373570025,0.0562978014,0.0844838619,0.0985791683,-0.0378869548,-0.0130592585,-0.709472656,-0.0300763249,2.42398643
-0.0825783312,-0.0719707608,-0.643504739,-1.02469993,-0.0204173625,0.0531720594,0.580251098,-0.432264626,-0.0881790519,0.0509897918,-1.3949517,-0.166176319,0.0477305353,0.0155613106,0.914915621,-0.0207452774,-0.0271165818,0.0681653023,-0.0832713842,0.424344122,0.0826787055,0.0347480178,0.316810846,0.528386354,2.32524967
0.0343722068,-0.0513097942,0.429902136,-0.296216756,0.0275945365,-0.0826248899,0.588632226,-0.413738042,-0.00418329239,-0.0844461173,0.346355379,-1.29401886,0.0782231241,0.0739097446,0.896908045,0.465575337,0.053906478,-0.0688539892,-0.0308607817,-1.10849643,0.055654332,0.0901198387,-0.159840226,0.461637557,2.26346016
0.0216654465,-0.0501936674,0.452503294,-0.272314668,0.0722955018,0.0304845572,0.815407157,0.593651414,0.00969231129,0.0374837518,0.30365324,0.381570339,0.031456098,-0.0420470089,-0.474566042,0.40475601,0.0333572961,-0.0348943323,0.139579654,0.0636430979,0.0477707386,0.0617792606,0.0465354919,0.148532033,1.41161513
0.0383611619,0.0220211446,-0.00109028816,0.626773179,-0.0584242642,-0.0615296662,0.82283926,-0.800020278,0.0827662647,0.0245524347,0.394443661,-0.0848751664,0.0447780155,-0.0652824938,-0.443763018,0.201964438,-0.0689171106,0.0454709828,0.0905405283,0.038277626,0.0828980505,0.0755674839,0.528216183,-0.248523608,1.58213842
0.0130895078,-0.0548798442,-0.0310322046,0.581323147,-0.0475665927,0.0671027601,0.137944102,0.676021099,-0.0636433959,-0.0903658569,0.381969094,-0.0961614549,0.0229490995,-0.0349513292,0.0909519792,0.187523723,0.0541806519,0.0667155385,1.0937171,-0.0965416431,0.0618353486,-0.0809273124,-0.246804237,-1.23457789,1.96107686
-0.0459899008,0.0391394496,-0.2116763,0.975463271,0.0501271486,0.0473088175,0.146580279,0.693223476,0.0363277793,-0.071254164,0.907028794,0.0714555085,-0.0463692248,-0.0617775917,0.152738869,-0.350376487,0.0546019375,0.0563981235,1.10735536,0.190299839,0.0355939865,0.0177718401,-0.501383781,0.369952261,2.03751969
0.0183081031,0.0122166276,-0.237115979,0.980546355,-0.0860657692,0.0907811224,-1.05854344,0.532884598,-0.00587290525,-0.00399145484,0.881806016,0.821370423,0.0368996859,-0.0340512693,0.856779575,-0.296515703,-0.0517030954,0.00849986076,-0.667886615,-0.193863153,0.0431805253,-0.0634383261,-0.0418714285,-0.692732096,2.3851676
-0.07371068,-0.0212678313,-0.510763347,-0.44071576,-0.0104785562,0.0158886015,-1.00555933,-0.361710429,0.0257140398,-0.0207588375,0.562785387,-0.13754043,0.0680453479,0.0492058992,0.850993395,0.724821806,-0.100419402,-0.0866027176,-0.606297672,-0.25840807,-0.0773687363,0.0612362027,-1.28635859,0.52406311,2.36383963
-0.0683981776,0.00878375769,0.0564630032,-0.413591415,-0.0904052854,-0.00500273705,-0.590759397,-0.25542888,-0.0658365488,-0.0348108709,0.535252333,-0.0580673963,0.0437843204,-0.0306484103,-0.244553685,0.720571578,0.00312155485,-0.0643061697,0.959396005,0.0581449866,-0.0630320311,-0.0772786736,-0.184613049,-1.06316733,1.89236832
-0.059869349,0.000892132521,-0.137959659,-0.455112576,-0.0902706385,-0.0881649405,-0.593856871,-0.318454176,0.0346349478,-0.00120355189,0.587074101,0.116292119,-0.0641548038,0.0670015812,-0.295594573,0.757653296,0.0905012488,0.0404653549,0.90741694,0.886523247,-0.0324409008,0.0419399589,0.393750966,0.808719099,2.03965235
0.0645942688,-0.00383242965,-0.134130836,-0.479952157,0.0351680517,0.0158476532,0.977401733,1.07197273,-0.0827878714,-0.0588437617,0.618550479,-0.319666624,-0.00546312332,0.0497519374,0.657263815,0.776985943,0.0288013816,0.0357663035,-0.0510034561,-0.108349741,-0.038911581,0.0170834679,-0.134384662,-0.0921319723,1.98408151
0.080806911,-0.0327236354,-0.0936822891,-0.555295706,-0.0180774331,0.0999500155,0.934231043,0.875267327,0.0120074749,-0.00372363627,0.556106031,0.31300655,0.0759927034,0.0509121716,0.676763535,-0.101072535,-0.0516992211,0.0850938559,-0.0545620918,-0.106983989,0.0526031256,-0.0685443953,0.597742856,-0.225481212,1.81599677
0.0754827857,0.00842085481,-0.196219116,-0.600017786,-0.080385685,0.104551882,-0.0959569812,0.149153322,-0.0601779222,-0.0179258734,0.519085586,0.37394309,-0.0210067034,-0.0126088858,-0.438159108,-0.097517103,0.021094203,0.0180925578,0.796060443,-0.781385124,0.0380502939,-0.0631700009,0.126071259,0.10066539,1.53132999
0.0300096273,-0.0832284093,-0.714435697,-0.529408932,0.0183311701,-0.0265791416,-0.10951212,0.146319404,-0.0645698309,0.0864874199,0.142534167,0.852492869,-0.0328553915,0.03184475,-0.478732109,0.0912309289,-0.0308696032,-0.0669169426,0.861669898,-0.798526645,0.0841184855,0.0815119147,0.380178779,0.772577882,1.99297726
0.090970397,0.00125937909,-0.682775676,-0.533032417,0.00143396854,-0.0950699449,-0.0768150538,-0.355579615,-0.0326060057,0.0259806663,0.146758497,-0.539678812,-0.0625841618,0.0496053249,-0.323718786,0.0265848339,0.059730649,-0.0239168555,0.792435467,0.507449329,-0.0406666994,0.0901136696,-0.966953516,0.189519763,1.78792012
-0.0174018145,-0.051907666,-0.62497896,-0.725472808,-0.020049274,0.0531574339,-0.1070062,0.795164585,0.0106601715,-0.0646141768,0.517270207,-0.795716226,-0.0958080292,0.0278169885,-0.256303489,-0.468779713,-0.0444608927,-0.086791113,0.768905044,0.531168222,-0.0713000298,-0.046521008,-0.328827024,-1.32422125,2.34927511
0.032869339,0.0599032938,0.124777906,-0.682426572,0.0625543594,-0.0563280731,0.777976573,-0.592725873,-0.0767930746,-0.003539294,0.554783106,-0.795085251,0.0124685764,-0.000433206558,0.467537403,-0.435666174,0.0542063713,-0.012345355,1.03160191,0.847559452,0.0510027409,-0.0947190523,0.757956564,-0.395203978,2.30909419
-0.0611274242,0.0211269259,-0.696637034,-0.846277118,0.0153685808,-0.0938110948,0.8330217,-0.558538914,-0.0376722813,-0.0208575428,0.0711085498,-0.193690822,0.0419814587,0.00120937824,0.513511479,-0.0919410288,-0.0223431587,0.0946739167,0.999224663,0.913891256,0.0748232603,-0.100632966,0.441847622,0.15481779,2.14871335
0.0345517993,-0.0597739816,-0.622878432,-0.852228165,0.0156707764,-0.0105366204,0.0828196853,0.453963727,0.0248336792,-0.0471546948,0.084485352,-0.359852195,-0.0859401226,-0.0468574166,-0.679644883,-0.134283662,-0.0441532135,-0.00499594212,0.41561377,-0.434117556,-0.0635864735,-0.0638559461,-1.20877695,-0.0394636393,1.94815946
0.0730105042,0.00431767106,0.253533989,0.419739634,0.0624029636,-0.0899494439,0.128999084,-0.219217479,0.056669414,-0.062079668,0.303504586,-0.132528275,0.0287960768,-0.0429236293,-0.654854655,0.326315463,0.0196243525,0.0851116925,0.410536647,-0.434225738,-0.0529667139,-0.0193480253,-0.46277231,-0.0781878904,1.25115824
0.0487492085,0.0952264369,-0.118663132,0.416143179,-0.0735121369,0.0655834526,-0.799570322,1.36520219,0.00386720896,-0.0970278382,0.295894086,-0.110487014,-0.0806316137,-0.0234934092,-0.865274608,0.278303504,-0.0128130913,0.0739366412,-0.256675512,-0.309950888,-0.0515960455,-0.0604102612,-0.155916214,-0.635130405,2.06288314
0.0334887505,-0.00975030661,-0.286470711,-1.02441072,-0.0308387876,0.0273962617,-0.843821108,1.33034146,-0.00983500481,-0.0222104788,-0.483789861,0.854576826,-0.00207149982,-0.0228495598,-0.91447258,0.416173309,-0.091945529,-0.0190967917,-0.240824774,-0.740742803,-0.0202470422,-0.0268346071,0.173085332,0.389273435,2.52770877
0.0168926716,0.053001523,-0.229338586,-1.05244231,-0.0702031255,0.069806993,-0.717073202,0.876103342,-0.0593619943,-0.042522341,-0.541796148,0.325891018,0.0223155022,0.0199632049,-0.375926554,0.428153694,0.0775387287,-0.0579536557,1.16030622,-0.134662911,-0.0238638222,-0.0506254435,-0.0512806177,0.0836498737,2.13823891
-0.0314517021,-0.0243487954,-0.549574375,-0.840395093,0.0846785307,-0.0537295267,-0.659707248,-0.727216125,-0.00568348169,0.0766800344,0.327880263,0.975527108,0.0714957714,0.050460577,-0.367061377,0.34081316,0.0337506533,0.0699339509,1.13356066,-0.0562152117,0.0208402872,-0.0697916746,0.191302419,-0.317236781,2.17814112
0.0417523682,-0.0758985281,0.189824522,-0.870693326,0.0136259198,-0.00367543474,-0.93737042,0.358427346,-0.0109241605,0.0879168808,0.25874126,1.01338613,0.00861150026,0.0933591723,-0.38432157,0.285832912,-0.0204375386,0.0745694339,-0.326200664,0.308933109,0.0418947339,-0.0735155344,0.153730869,-0.481049985,1.90235221
-0.0703237653,-0.00134170055,-0.453237623,-0.0182237625,-0.05720222,0.0622962862,-0.958926558,0.274992585,0.0892467201,0.0498606265,0.823375463,-0.269797027,0.0705243349,0.00681316853,-0.329597652,-0.421932876,0.00396615267,-0.0173771083,-0.348087132,-0.330428123,0.0865429118,0.0800617337,0.335161924,0.812875032,1.8120575
0.0709660798,0.0797902346,-0.462938994,-0.0757392645,0.0785801411,-0.0706230998,1.20213079,-1.22643089,-0.0311577022,0.000565394759,0.82573849,-0.152819395,-0.0124304891,0.0432142615,-0.98152715,-0.496813148,-0.0468197465,-0.00657871366,-0.192043483,-0.167044163,0.0655934811,-0.0529220104,-0.262703896,-0.641758204,2.38018179
-0.0688156635,0.0553552508,-0.850578308,-0.24894616,-0.00656121969,0.0032767579,1.24024034,-0.0147249699,0.0915980637,0.00686835498,1.25791025,0.412202895,0.00508499146,-0.0600358844,-0.953427315,-1.23190773,-0.0244017243,-0.0907354653,-0.215790868,-0.185670093,-0.00468927622,0.0337579846,-0.75401032,0.192177892,2.6868484
-0.073428452,-0.00542223454,-0.128360569,-0.211874098,0.0251766741,0.0329337269,0.494295061,-0.0325656831,-0.0450820625,-0.0062872842,1.23779738,0.451742649,-0.0934548974,-0.0435498953,-0.992417991,-1.29183769,0.0245001614,-0.069743067,0.366817594,0.173408478,-0.0430440605,0.0371051431,-0.530719042,0.416915417,2.31200123
-0.0222939253,0.0045017004,0.237236321,0.382407844,-0.0410374701,0.0261335578,0.517014146,-0.03238976,-0.0465524048,0.0255044997,-0.128753126,0.334902167,0.063513428,-0.0411290526,-1.00272954,-0.0928464532,-0.0592474341,-0.0327872336,0.32681787,0.33726427,-0.0675897598,-0.0776200891,-0.0499384403,-0.970002413,1.67459095
-0.0235356092,-0.0900892913,0.175016046,0.353617907,-0.0242417455,0.0373513773,0.360178709,0.361397922,0.0596953928,-0.0139409006,-0.145049691,-0.0854805708,0.0357507914,-0.0399736166,-0.591756046,-0.0857272744,0.032081224,-0.0850073397,0.763335586,-0.122765958,0.0326744318,-0.064856708,1.07918978,-0.408939242,1.66202736
-0.0712562203,-0.0143600702,-0.749591053,0.822616994,-0.0100285411,-0.00652205572,0.362077534,0.0279584527,-0.0534988344,0.0736729056,-0.738678098,0.317312539,0.0592180677,-0.0772300959,-0.539837956,-0.578117788,-0.0256428756,-0.0435107797,0.770769477,-0.0351901054,-0.0697982311,0.00598248467,-0.520451546,0.732201219,2.01876283
0.0436953902,0.0673928857,0.43528831,0.891350865,-0.0187186003,-0.0298306122,-0.313779265,-0.139313579,-0.0428370833,0.0306121409,-0.791696668,0.229743242,-0.0421247669,0.0201865733,-0.545333385,-0.612180948,-0.00509665161,0.00536304712,0.0802601576,0.147095025,0.0693254471,0.0767483562,0.784873605,0.680512428,1.89318955
-0.0614014268,0.0623820573,-0.411946893,0.343770981,0.0794156939,-0.0279078633,-0.303751767,-0.132226318,-0.0836988389,0.0894638002,-0.128948361,0.533758998,0.0890572071,0.0418990999,-0.534277558,0.355582952,-0.0738969892,0.0178195983,0.03525424,0.111221075,0.0189980268,0.0378664732,0.126090124,-0.359448075,1.14750898
-0.0890910625,0.0965660512,-0.391411185,0.353305161,0.0368423387,0.0234543383,-0.561398268,-0.00123786926,-0.0679894686,0.00334662199,-0.103419185,-0.487506807,-0.0563577414,0.0314870775,-1.14310563,0.283316135,0.020052433,0.0652790219,0.772342682,0.701190233,-0.0137799382,0.0623987317,-0.565566599,0.355530858,1.9492768
-0.0773076415,-0.0212120414,0.1705634,-1.10590792,-0.0515075624,0.0447693318,-0.524238288,0.0576458573,0.0476310253,0.043058455,0.726511598,0.384405673,-0.0378295481,-0.011287732,-1.07767296,-0.251201928,-0.0363160074,0.0660455003,0.695688605,0.778043568,-0.0746007562,-0.0293793082,-0.610521138,-0.524598897,2.27958107
0.00900954008,-0.0404685736,1.04782188,-1.04509008,-0.059302099,-0.0620465726,0.157924831,-1.02226186,-0.0857873559,0.0623003244,0.700992227,0.414656162,-0.0977581739,-0.0111148581,-0.394727796,-0.281445086,0.043880254,0.027225554,0.801297665,-0.424179852,-0.0117177367,0.0708345175,0.385008633,0.818944573,2.41602778
0.00662225485,-0.0868906975,0.298690945,-0.593473315,-0.0480630696,0.0283290148,0.209886312,-0.963930607,-0.0763550699,-0.0318837762,0.39480862,-0.271689653,-0.0221603513,0.0830721855,-0.357528925,0.333828688,-0.0499631464,0.0796637535,0.791743994,0.174761832,0.00571841002,-0.0100117922,0.264756322,-0.406024575,1.67626715
-0.0735517144,0.0232256651,0.356413603,-0.523919642,0.00130844116,-0.0403654873,0.839909256,-1.01368546,-0.0872537494,0.0493456125,0.418560475,0.298576355,-0.0514718592,0.0939153135,-0.646888673,0.29835546,-0.0253187418,-0.0360776782,0.501494229,-0.438587964,-0.0368835926,0.0679805279,-0.251547158,0.555956841,1.93896675
-0.0801365376,-0.0805130601,-0.235610873,-0.646890044,-0.0441903174,-0.0422054827,0.88514185,-0.150273442,0.0385887921,0.0306175947,0.803174257,0.0368924141,0.0219627023,0.00521382689,-0.568677843,-0.911275625,-0.0749951601,-0.00256317854,0.508170366,-0.372625828,0.0778596103,0.0317809582,0.471543461,-0.0592229962,1.93275201
0.0125803351,0.0322748423,0.58096081,-0.574871898,0.0949127674,-0.0706843436,0.908653259,-0.225342989,-0.00890961289,-0.0433427095,0.810526907,0.112114847,-0.0383344293,0.00549864769,-0.681267679,-0.927429795,-0.0702164769,-0.0621143579,0.215766251,-0.687740564,-0.019072026,-0.0124371052,-0.360361993,-0.475964844,2.1076324
0.0841973424,-0.0353922844,0.839136481,-0.310576886,-0.0422736406,0.0403436124,0.880951583,-0.195235044,0.0899873152,0.0285218954,0.68686533,0.815191329,-0.0447425246,0.0162870288,-0.68486321,-0.304573655,0.0576610565,-0.0573855042,0.192320794,0.00366997719,0.0551130772,0.0279324055,0.782322407,0.295696735,2.02058411
0.0291595459,-0.0170186758,0.844632268,-0.264635801,-0.0499314666,0.0455695987,0.100287527,0.1168226,-0.0227001533,0.0407214165,0.658181727,0.0943439007,-0.0824198723,-0.0581620932,-0.660154581,-0.32060945,0.0333536863,0.0607408881,-0.332761765,0.610954046,-0.0112697203,-0.00243091583,-0.264469624,0.182700902,1.54859686
0.013035059,0.0342873335,-0.259519219,0.414223522,0.00537765026,-0.0611838102,0.163902879,-0.809590399,-0.0555343032,-0.0450028181,0.191917449,-0.875295401,-0.032168895,-0.084777534,-0.669914067,-0.493876398,0.0218059421,0.0188955665,-0.35456574,0.629746974,0.0522869229,0.00889110565,0.111375153,0.384349197,1.76675606
0.0333434641,-0.0660433769,-0.00960123539,0.450487435,-0.061581701,-0.0880836248,-0.225699723,-0.0767107308,-0.0709875673,0.0342609882,0.191952974,-0.858208835,0.0301745534,-0.0709300041,0.333709568,-0.458113223,0.0579783916,-0.0797125697,0.629449368,-0.51605612,0.0085080564,-0.0213222504,-0.527931809,-0.249464229,1.54833484
-0.0710570589,0.0932363272,-0.618332446,0.842424393,-0.0949081182,-0.073951602,-0.175099537,-0.121664703,-0.00314503908,-0.0888704062,0.421475828,-0.777357399,-0.0704008043,0.0788452625,0.27828598,1.19247246,0.0241729617,-0.0917726755,0.652658403,-0.157772914,0.0692774653,0.0293159485,0.612144887,0.236155748,2.08857536
-0.0301449448,0.0764191151,-0.680796981,0.798961401,0.0771154165,0.0231041908,1.03659773,0.916418791,0.068559885,-0.0704430342,0.479608625,-0.366695762,-0.0385612398,-0.0266360044,0.140390158,1.21334338,0.0407657623,0.0157746077,0.341866016,0.807604194,0.018509984,-0.0477360487,-0.560530066,-0.530783951,2.50344276
0.0160633177,-0.080829978,0.527424634,-1.30077267,-0.0803806335,-0.0720233917,1.05948472,-0.412692308,0.00142267346,0.0805735588,-0.545599341,1.09991169,0.0275187567,0.0189092159,0.0470641702,0.995083213,-0.0377749801,-0.0538095236,0.324808598,0.771928847,-0.0445051193,-0.0223218203,-0.484232068,0.282966375,2.60991859
-0.0258907676,0.0211809874,-0.303608418,-1.31429863,0.00177805126,-0.0263941884,0.561100483,0.293114483,-0.0825437307,0.0836981535,-0.565839291,1.04975057,0.0480408743,0.0877289772,0.413421988,1.03088379,-0.0438459516,-0.0248160362,-0.291117519,0.347222239,0.0736525059,-0.0543439388,0.883005857,0.0917794108,2.43024516
0.0303723514,0.0288177729,0.331736058,-0.455249131,-0.0227128826,-0.0702434778,0.537371814,0.299532384,-0.000542104244,-0.0773664117,0.459680319,-1.10198593,-0.0923892483,0.0681887865,0.345146418,0.337608367,-0.0204747319,-0.0814421177,-0.241785973,-0.629198611,-0.0636210442,-0.0256609917,-0.739626408,0.27720809,1.8630482
0.061080724,-0.0755823255,0.342133105,-0.429743767,-0.0602958612,-0.0160686374,-0.605188847,0.642090738,-0.0725787282,0.0141926408,0.455288708,0.631232917,0.0909204036,-0.0562605858,1.30512369,0.382837683,0.073099792,0.0780094862,0.474754035,1.30931628,0.0277428627,-0.0602688789,0.620071769,0.142687201,2.43444896
0.0948801637,-0.0454463959,0.269621819,0.449988008,0.0615043715,-0.0626188517,-0.599721849,-0.390049756,0.0107822418,0.0362411141,0.424114168,0.433685005,-0.0136909485,-0.0927224159,1.33666909,-0.0655234009,-0.0523385629,0.105545163,0.354979664,1.26862562,0.0338656902,0.0835829973,-0.260147393,1.0988965,2.45103931
0.00278103352,0.0495123863,-0.365904033,0.432080328,0.0886056498,-0.062543273,0.266201764,0.0497912616,-0.022697866,-0.0483890772,0.420967609,0.465850115,-0.0358800292,-0.0981926918,0.0769015029,-0.038664788,0.08841113,-0.0289026499,1.36274898,-1.01696515,0.0876834393,0.0958200097,0.0290998816,0.458902001,1.98792124
-0.084934473,0.0573625565,-1.01499331,0.0324054956,0.078154847,0.011820972,0.28318885,0.0752003789,0.0173951983,-0.0566577911,0.658365428,0.145675957,0.0868673623,0.0125530958,0.057325609,0.799932182,0.0992144793,0.0198523998,1.31139326,-0.189769864,-0.0847580433,0.0539678335,-0.924451351,0.0544564724,2.2083025
0.0144423842,0.0255990028,-1.0411818,0.010614872,0.0748508945,-0.0474597812,0.27839461,-0.23688063,-0.0453638434,-0.0245934129,0.64215219,0.508469105,-0.0525948703,0.0502033234,-1.43583655,0.735753894,0.0589714646,-0.0924934149,-0.142452925,-0.829193175,-0.0363224745,-0.084980458,0.127328813,-0.712893486,2.40024471
-0.0458815694,0.0750717223,-1.09666407,0.456584394,0.0290920734,0.000325143337,0.265590459,0.12613222,-0.0535591245,0.0922670364,-0.297474235,0.945171535,0.00747805834,-0.0795078874,-1.36012149,-1.02647567,0.053070128,0.0163940191,-0.116411343,-0.780997336,0.0820821524,-0.0417751446,0.676042974,0.018671155,2.5498662
-0.0320847034,0.0882323086,-0.335466027,0.479362786,-0.000123262405,-0.00228440762,-0.387496769,-0.14275831,-0.078877449,-0.0513414592,-0.335694224,0.961033642,0.000547230244,-0.0797048211,-0.481539547,-0.999608159,-0.00168028474,-0.0185903907,-0.0791045055,-0.692566872,0.00484204292,-0.0739105642,-0.0337267518,0.0456064939,1.81637597
-0.0586085916,0.0769575685,-0.111984789,0.0191749334,-0.0399602652,0.087898016,-0.397365987,-0.187541485,0.0426189899,0.0869132504,0.86964941,1.21883523,-0.0420515537,-0.0138711929,-0.451440036,0.297145128,0.0496762991,0.0138520598,-0.114030227,0.249548197,0.0766999722,0.027274698,0.093680501,0.982201993,1.95652604
0.0423446894,0.0268426836,-0.0662784576,0.0493482351,0.0825944841,-0.0721473694,1.32203293,-1.03045249,0.052960515,-0.072433494,0.839447856,-0.472992063,-0.0935180485,-0.0911758542,-0.256202251,0.235964656,-0.0214658082,-0.0647583008,-0.264854312,-0.824477434,0.0527912378,-0.0805333853,-0.158290505,-0.836943865,2.32274914
-0.0370740294,0.0287441909,-1.01708674,-0.426890731,0.0769708008,0.0191933513,1.33211231,0.208701372,0.0103527009,-0.0901468694,0.0978790522,-0.590176225,0.0242544711,-0.0893696845,-0.247713089,-0.0222533941,0.00369006395,-0.0366819501,-0.228920192,-0.796652675,0.0157843828,-0.0704780817,-0.43292141,-0.115704656,2.0914762
-0.0428666472,-0.0453345776,-0.0542289019,-0.460438251,0.0564762503,-0.085555315,0.49008593,-0.637960732,-0.0672291219,-0.0962134898,0.150103569,-0.5545578,0.0453233719,0.0202243328,-0.0114477277,-0.0519478321,-0.0919485092,0.0186637044,-0.594533861,0.171132565,-0.0215743184,0.082101047,-0.399114609,1.25775421,1.83457446
0.0192507505,-0.0165378451,0.618268728,0.213240981,0.0805463344,0.0200757682,0.510418653,-0.634187579,-0.00631284714,0.0509164929,0.225944996,0.973137081,0.0640254617,-0.0159821957,0.00842767954,-0.10856843,0.0721490532,0.026427567,-0.564030051,-0.056042552,0.0461786389,-0.0537158847,0.500039577,-0.719747782,1.79308248
-0.0813502669,0.0358901024,0.55505538,0.289591432,0.0150370002,0.0711501539,-0.0462455153,0.399584353,-0.0289830863,-0.0285995007,0.209560037,-0.345027328,-0.0308458507,-0.0516969264,-0.656298518,-0.136155605,0.0557886362,0.0261908621,0.050326556,0.147328019,-0.0577176213,-0.0967404842,-0.380859017,-0.226825535,1.1923455
0.00715745986,-0.000235795975,0.696226239,-0.105853319,-0.07514368,-0.0435231328,-0.0363867879,-0.39047569,0.0852578804,-0.098993957,1.03599882,-0.260484159,0.0272249281,-0.0444377214,-0.604768276,0.00421833992,-0.0854491666,0.0110507831,0.0827274919,0.170466304,-0.0290673487,0.0461953878,0.380417943,0.995990157,1.8349483
0.0141792223,0.0922945738,0.460349202,-0.0598669052,0.0793303698,0.01975137,0.945500612,0.238835216,0.0924595147,-0.0466534495,1.02714181,-0.158932805,-0.0563034713,0.0173010379,-0.652865231,-0.0197131634,-0.0320381522,-0.013687551,0.570810676,-0.276570082,0.0546509027,-0.0046069622,0.87209177,-0.00250291824,1.96725857
0.0816845298,-0.0128301978,0.972785711,-0.62658,0.0401343741,0.0416886583,0.935480952,0.307549208,-0.0148823559,-0.0605531335,-0.917466164,-0.278184891,-0.0474344492,-0.0604586899,-0.582467556,-0.985439837,0.0674914569,0.033580482,0.50343591,0.500108123,0.093777597,-0.0665079355,0.762546301,-0.508181632,2.43316197
-0.0273686051,-0.034429431,1.03350937,-0.585623145,-0.0597858205,0.00636358559,-0.242922962,0.0394479632,0.0343085527,-0.0307511687,-0.911846161,0.22145021,-0.00118736923,0.0558302104,0.561884105,-0.949507475,-0.0202719122,-0.0265978277,-0.323272735,-0.237545907,-0.0186563134,0.0528882742,-0.367231846,0.761749804,2.11200261
-0.0408405662,-0.0746394992,0.443621874,-0.45039475,-0.0150289685,-0.0301479306,-0.222171485,-0.400267422,-0.0834742785,0.0176917315,-1.41683006,0.0798082948,0.0588881075,0.0614434779,0.542376757,-0.257136047,0.0235383362,-0.024061054,-0.272493631,-0.224421561,-0.059612751,-0.0805435181,-0.534470797,-0.870553315,2.04585195
0.0803191066,-0.0925512314,1.36777532,-0.363081396,0.0748420358,-0.0930007994,0.576705813,-0.88172394,-0.0239198804,-0.0394338965,-1.37799191,-0.024615556,0.0606053472,0.0658147037,0.210475504,-0.253495574,0.0288858414,-0.0138653517,-0.275723547,-0.194056392,-0.0310877562,-0.0778183937,-0.258324862,0.130634815,2.3163805
0.0691999197,0.00404727459,0.511558771,0.768318534,0.0668101609,-0.0709884614,0.634207428,-0.807160318,0.0828953981,0.0511009097,0.533422351,0.642685413,0.0146539211,-0.015337944,0.229222894,-1.03875804,-0.0545286983,0.0823836327,-0.295882046,0.564278364,-0.0493661165,0.0784444809,-0.443292439,0.979847789,2.31085181
0.0655289888,0.0123822689,0.510124087,0.8380059,-0.0534864217,0.0539381057,-1.26497149,0.930495501,-0.0280032158,0.0463921428,0.563894749,-0.197394133,-0.0199578404,-0.00920367241,0.15863502,-1.03094888,0.0204641819,0.102532804,0.853372276,0.182514876,0.0393946171,0.0769854188,0.432970047,0.502029836,2.47113705
-0.0714837313,0.00335174799,-0.744882286,0.272907376,0.025662899,-0.01405406,-1.28430891,-0.0180003345,-0.0573931932,0.0339235067,0.24090296,-0.499933034,0.000701725483,0.0367693901,0.211489499,0.00631013513,-0.056912452,-0.0420797467,0.841994524,0.232058376,0.0744769573,-0.00166386366,0.272372425,-0.61931479,1.96842921
0.069509387,0.0210259557,1.07650542,0.293335617,-0.0253030062,0.0873678625,-0.676240027,0.913889289,0.0237208605,0.0635570288,0.294682145,-0.468929708,-0.0799536109,0.096454978,-0.343014657,0.0142046809,-0.0565027595,-0.0559149981,0.27774781,0.142072558,0.0270153284,0.0402333736,-0.0624063015,0.0798919201,1.76411903
0.0664484501,-0.0220360756,0.310086638,-0.29919982,0.0702087283,0.104369015,-0.679313183,0.87154001,0.0659505129,-0.0466575027,0.210158885,-0.907066464,-0.09168607,0.0480630398,-0.371770263,-0.0483721197,0.0277597308,-0.0932503939,0.302392364,-0.409282327,-0.0466905832,0.0892679542,-0.486742556,0.371511221,1.76229537
-0.0317747593,-0.0264755785,0.273392439,-0.243069589,-0.0841810107,0.0830329657,-1.028795,-0.116770864,-0.014477849,-0.049618423,0.280418694,-0.541541576,-0.0980148911,-0.0396462083,-0.345658898,-0.103830673,-0.00890624523,0.0773432851,-0.201475024,1.4535886,0.0529097319,0.00362608954,0.501361489,-0.403263986,2.07700658
0.0701619387,-0.040707916,1.14060104,0.22761184,0.0319011807,-0.016664356,-0.984294295,-1.0606904,0.000392317772,0.049378559,0.135491833,0.260577023,0.0839602947,0.0819621086,-0.427783579,1.13655448,-0.0818949938,-0.0103800893,-0.236463428,1.39807534,0.0655126572,-0.0257107913,0.241148889,-0.242138445,2.67784452
-0.0181839466,0.0409431756,-0.368522108,0.25598985,-0.0105315447,-0.0152793229,-0.43348664,-0.0203025341,0.0515516996,0.0307635441,0.168157488,0.308556914,0.0579068661,0.024225235,-0.168811321,1.07244051,-0.0385294557,0.0334451199,0.361353904,0.34408322,-0.0314048529,0.0105960071,-0.424639523,0.35452801,1.50344551
-0.0787376165,-0.051622957,-0.730730295,-0.267832279,-0.0706430078,-0.0692273378,-0.478251308,-0.0382071435,0.0741604567,0.045205608,0.0607346296,0.0899686217,0.0896587372,0.0783000141,-0.156986564,0.513428867,0.0273904204,0.0230612755,0.356194496,0.277989745,0.0359220505,0.0903866887,0.433121175,0.475177646,1.34334111
0.0462071896,-0.0118657053,-0.707833052,-0.323684424,0.0494749546,0.0385142565,1.05407178,0.60481286,-0.00174677372,-0.00218895078,0.110775054,-0.590483189,-0.0354622602,0.0542045385,-1.10540891,0.455084145,-0.0359318256,0.0614426732,-0.243045911,0.169643253,-0.0161768198,0.09707129,-0.343613327,0.283251643,2.04547071
0.0234284401,0.0313397646,-0.51343298,0.546837211,0.0675655603,0.0564160943,1.06583452,0.357881993,0.019526124,0.0573281944,0.0970857739,-0.0465747118,-0.0537638664,0.0271406919,-1.11748111,0.0761994421,0.0586796999,0.000165104866,-0.240206718,0.174762577,-0.0494873524,-0.0854737759,-0.538387418,-1.12991929,2.18574572
0.0874627829,0.0587798953,0.329085708,0.569482267,0.0641798377,0.0251632035,0.0870945901,-0.452288061,0.0501695871,-0.0934835076,0.0663220286,0.00110164285,-0.0811353922,-0.0770068169,-0.736493111,0.0414515287,-0.0598499775,-0.0128789246,-1.11446095,0.0794913024,0.0199099779,-0.0842679739,0.408928931,-0.544291317,1.71929848
-0.0186636448,-0.0310553908,-0.737238526,-0.543031096,0.089984417,0.0248475224,0.133640379,-0.449043542,0.016007483,-0.0313163996,-0.224939346,0.578795791,0.0199837685,0.00196766667,-0.780275583,0.302957833,-0.0491992235,-0.0518184304,-1.14783752,-0.0225994736,0.0766427517,-0.10050571,0.573009014,-0.339312434,1.98453557
-0.0480140448,0.0237714648,-0.716291547,-0.574882388,-0.0698097944,0.0408036113,-1.58371282,-0.0869572759,-0.0173390508,-0.0241838098,-0.196633935,-0.0190181881,-0.0602006912,0.0603460595,-1.18864048,0.254803836,-0.000611543655,0.0267477185,-0.0658989847,0.69723773,0.0795462132,0.0182011127,0.481236756,0.633824587,2.45455289
-0.0788229108,0.0299445987,-0.0969672203,0.194155127,0.0836177468,0.0356894881,-1.5389632,-0.366231441,-0.00801599026,-0.0222780704,-0.0377491713,0.369110495,0.0391573906,0.0808586329,-1.13302445,-0.124733709,-0.0845657587,-0.0613854527,-0.13041237,0.673577726,0.00209623575,-0.0229408741,-0.779265881,-0.143526629,2.2628808
0.0513817668,-0.0537077188,0.817894816,0.27556932,0.0556810498,0.0305498987,-0.501428902,-0.271433175,-0.0383840799,-0.0397742391,-0.0921993256,0.414338648,0.0661017895,0.092831403,-0.132954538,-0.188494682,-0.0175449252,0.0797994062,0.148237079,1.63489616,0.0286620855,0.0389841795,-0.148806691,0.462651849,2.06616783
0.0174461007,0.080599308,0.0520745516,0.95014894,-0.0929351449,0.0236933753,-0.522937655,-0.304087669,0.0230556726,-0.092600584,0.267247319,-0.400596112,0.0576713681,0.0238644928,-0.116730452,-0.660854161,-0.0742297769,0.0301784128,0.0961789489,0.267125845,0.0399520397,0.0277967453,0.158691764,-0.117530495,1.45295358
0.0397972763,0.00102066994,0.0168275833,0.894173384,0.0106460452,0.00455627777,0.705992877,-0.521192431,-0.0688362867,-0.0150449276,0.242771983,0.302248359,-0.0786631107,0.0912034512,-1.02654958,-0.725828469,-0.0905532241,-0.0784819871,0.326425791,-0.451568484,0.0563273877,0.0537046194,0.41734767,0.408429325,1.99847126
0.0841251165,0.0691043735,0.514582694,0.726969242,-0.0585668087,0.05588983,0.666591644,0.498549283,-0.050547909,0.020621419,-0.133801103,0.68921566,-0.0256261826,-0.0680299401,-0.978640378,-1.49135113,-0.0604287386,0.0097207725,0.372552246,-0.396255255,-0.0593092591,-0.0133860111,-0.566938519,-0.307317257,2.43038106
-0.00446453318,0.0687446594,-0.422375917,0.72861439,-0.013633728,-0.0184641406,0.438802302,-0.647617519,-0.00540855527,0.00365710258,-0.206558228,0.672766507,-0.100688577,0.0425911844,-0.641740918,-1.49022138,-0.047528863,-0.00754439831,0.539704442,-0.466049254,0.00113365054,0.0842788219,0.201584458,0.324577332,2.26500893
0.0428908169,-0.0264605284,0.0795363188,-0.760203719,0.0373080373,0.00111121684,0.516722023,-0.62153697,0.0508226752,0.0187399387,0.489349663,0.270031512,0.0885238051,-0.0634726882,-0.566735387,-1.00125635,0.0812239051,-0.0657861233,0.61563158,-0.842916846,-0.0433852077,0.0577831268,-0.372540593,-0.353943944,2.06448102
0.0260314643,0.0520943999,0.110224724,-0.758474112,0.0072773695,-0.092214793,-0.311613679,-0.771799922,-0.0175667405,-0.0449310839,0.508403838,-0.430207312,0.0928292871,-0.0283637643,-0.0133239031,-0.959034562,0.102069497,-0.0491589904,-0.0258636475,0.204311013,0.050884366,0.0798423886,0.275614262,-0.240876794,1.69280267
-0.0702815652,0.0501670837,-1.09062696,-0.399343252,0.0460048616,0.0320775807,-0.3262254,0.85535264,0.0844314098,-0.00940203667,0.980388701,0.0514976978,-0.0651366562,0.0764291883,-0.0622040033,0.880273223,-0.027504608,-0.095438391,1.90734863e-05,0.182224303,0.0613741875,-0.065305829,0.201829076,-0.863072634,2.18956447
-0.0947209001,0.0320192724,-0.180760801,-0.463592172,0.0658240318,0.0384439081,-0.299219906,0.490518391,0.0559324622,0.081938386,0.968398988,0.0688458681,0.0499938205,-0.0535852611,0.728531897,0.89325273,-0.0802244544,0.0706014335,-0.464631438,1.60708237,0.0718989372,-0.0199918747,-0.202608585,0.179268956,2.40181661
0.0634655952,0.0570214726,0.955547869,0.461567163,-0.033260785,0.0803295672,-0.305109382,0.499756277,0.0383411646,0.0641333759,-0.224470973,-0.53206265,0.0554897562,0.0413535237,0.644510865,1.26254475,0.0114382878,0.08169052,-0.473832726,0.433809459,0.0795817375,0.0884771049,0.311965287,0.496472597,2.14814973
-0.0654053688,-0.0234970599,0.88272357,0.543650866,0.00561822206,0.0324270129,0.64840436,0.0197933018,0.034763515,0.0200736448,-0.245283306,-0.364541173,-0.0839382112,0.0552723706,-0.948480368,1.24447775,0.0196378976,-0.0712301135,0.306411207,-1.06713629,-0.0525345802,0.0264488123,-0.920072734,-0.307294846,2.51736903
0.0820558667,0.0434318185,1.19689047,0.474244714,0.0255333092,0.0346070826,0.664243937,0.322055489,-0.00694638491,-0.00468349457,-0.136395425,-0.124109983,-0.099318862,-0.0286784172,-0.876255214,-0.244777918,-0.0788056552,-0.0342171937,0.389511347,-1.0351491,0.064281106,0.0280117989,0.670046806,-0.223354101,2.1953969
-0.0127108693,-0.0377337337,-0.218122244,0.434449077,-0.0502139479,-0.0740649104,-0.324201763,-0.507144928,0.0150125623,0.00897377729,-0.16279389,-0.0835202932,-0.0772209764,-0.0792334229,0.216780722,-0.183643818,-0.0332509875,-0.023446463,0.192334473,-0.0403927565,0.086422801,-0.0710651875,0.275954604,-1.06572461,1.41410053
0.0246268511,0.082038939,0.300537527,1.19897413,0.00339104235,0.0416063964,-0.30815959,-0.502235889,-0.0018222928,0.0265128016,-0.311047524,0.470546901,-0.0870172381,0.0633826554,0.188275516,1.00696647,0.0636700392,-0.00166025385,0.222253621,0.142875552,0.0791558027,-0.0436547995,-0.142855376,0.140969396,1.84020448
0.0186428428,-0.0350024104,0.241265684,1.23998821,0.0131363571,-0.0694741607,0.368410587,-0.627925575,0.0911305547,0.023935914,-0.257805675,-0.0826625824,0.00189006329,0.0322814994,0.943682313,1.01904309,-0.0289577246,-0.0853424892,-0.778907061,-0.907067001,-0.056607008,0.0417242646,-1.39306796,0.839358091,2.86919308
0.0824756622,-0.0688472986,0.520179749,-0.0062340498,0.0441054404,0.0390246511,0.371172816,0.876969337,-0.0484880209,-0.0386107564,-0.785163283,-0.643622756,0.0321735144,-0.00477033854,0.978431463,-0.152852654,-0.0525253415,0.0420286506,-0.724452496,-0.903139889,-0.0498907566,-0.0634485483,-0.400463104,-0.674488068,2.27500367
-0.0603525639,0.0027616024,-0.956495166,-0.0809103251,0.0625519156,0.0151345544,0.162326694,0.142161906,-0.0222423673,0.0437723398,-0.7850492,-0.652116299,-0.0772638917,0.0257762074,-0.695744634,-0.135306001,-0.0476487279,0.0577324033,0.121875703,-0.0319146514,-0.0765877962,-0.0960826874,0.0394221544,-0.256796837,1.62259805
-0.047629714,-0.00242829323,-0.247640759,0.277559102,0.0215749145,-0.0312330946,0.168100417,0.0978796482,-0.0819172263,-0.0911248922,-0.616575241,-1.19759011,-0.00183957815,0.0517600179,-0.670586586,-0.13782084,-0.0797083378,-0.00456869602,0.110133916,-0.651403964,-0.0546768904,0.0260157585,0.452812135,1.07227051,2.06929541
-0.00976106524,0.0376878977,-0.293445915,0.259958744,0.0368562937,0.0690132976,0.184204698,1.03594351,0.0218970776,0.0414977074,-0.646142721,0.432685256,0.0197471976,-0.0372896791,-0.326141059,-0.170353413,-0.0932058096,-0.0389761925,0.0839538276,-0.0966670513,-0.0648943782,0.020263195,-0.11836642,-0.0693869591,1.43616486
0.000815302134,-0.0707312822,-0.0185386539,-0.523202002,-0.0548948646,-0.0669603944,0.207786739,-0.913909256,-0.0900423527,-0.0710616112,-0.864367247,-0.606989264,0.00258249044,-0.0864704847,-0.340925932,-0.477263451,0.0612239242,-0.073148191,0.0825815648,-0.0815216303,-0.00137102604,0.0765812397,0.254761457,0.75898385,1.82060432
-0.0543803126,0.0829694271,-0.620451868,-0.59246552,-0.0196589231,-0.00734469295,0.0363446474,0.114383459,-0.0340372622,0.0576943159,-0.782106996,-0.64912945,0.0275755525,-0.0501933098,0.219760418,-0.41154635,0.0927677155,-0.0540432334,0.55897212,0.558830321,-0.0384531021,0.0609009266,0.0832997561,-0.226628959,1.64891148
-0.0330728404,-0.0196027756,0.311775029,-0.807038844,0.0336202383,-0.00421744585,0.0281243026,0.0674818754,0.00239741802,-0.0599755049,-0.0541964173,-1.28332591,0.0464240909,0.0840657353,0.131991744,1.00089455,-0.0252084136,-0.0808904767,0.58323878,0.0890570283,-0.00163185596,0.0128538609,0.74801755,-0.640967429,2.18270493
-0.055904761,-0.0514671803,0.333630323,-0.792336226,0.0187797546,0.0543737411,-0.451285183,0.579965949,-0.084878698,-0.094640255,-0.00649023056,-0.476264358,-0.0516394377,0.0798425674,-0.895262122,0.946891308,-0.00854623318,-0.0532203317,0.349897116,0.381217062,-0.0679380968,0.00506901741,-0.368915617,-0.535914898,1.98418307
0.0689951181,-0.0561734438,0.947636783,-0.151826143,0.0586773157,0.0197449923,-0.418703258,-0.355334938,0.0738378987,-0.0323748589,1.23520827,0.495812833,-0.0581122339,-0.00631141663,-0.821400881,-0.575232089,0.0417913795,0.0447645187,0.332758069,0.423313409,-0.0910782665,0.044916153,-0.189454913,-0.124960601,2.09211922
-0.0338276029,-0.0052472353,-0.152728379,-0.105650216,-0.000140666962,-0.0698705912,-0.396891832,-0.624803603,-0.0609048754,0.00664567947,1.15785027,0.59211123,0.0532827377,0.0592284203,0.791301608,-0.515886545,0.0728117824,0.0470435619,0.632845283,0.0348875225,0.0580829382,-0.0698902607,0.953205943,-0.525603414,2.18732691
0.0216291547,-0.0779213905,0.412416518,-0.568807364,-0.0658735633,-0.0110934377,-0.348261923,-0.636075854,-0.087481916,-0.0210789442,-0.0771384835,0.0356137455,0.0402946323,0.0280050039,0.847056746,-0.558272839,0.0605617464,-0.014950633,0.642073631,-0.38060534,0.0643932223,-0.0683016777,0.602220774,-0.0633624196,1.73606288
0.0867740512,0.0503740311,0.421987236,-0.552069962,0.0696193576,-0.0134298801,1.25550199,-0.3182019,0.0165658295,0.0804157257,-0.123675317,1.05880725,0.0164443702,-0.0103827715,0.139082372,-0.551105976,0.0263457,0.0290666819,-0.365610182,-0.117389157,0.0669509172,0.0320833921,-0.052266717,0.751303494,2.0889535
0.0511597991,0.0700684786,0.0890721083,-0.300378919,-0.0554555655,-0.0354478359,1.31283641,-0.463712782,0.086253345,-0.0129407644,0.542605639,-0.164371848,0.0700775757,-0.0552145243,0.125345409,-0.232125372,-0.00494740903,0.0503894091,-0.333349884,-0.154524103,0.0434201956,0.0167564154,-0.188392818,0.0269341469,1.62207735
0.0365387201,0.0831723213,-0.0415937006,-0.285624683,0.0501430631,-0.0595290661,1.20276785,-0.244376063,0.052174747,0.0222901106,0.501927614,-0.103138149,-0.0324244946,0.0183320045,-0.467297792,-0.295645893,0.0448781997,0.0284553766,0.0229741335,-0.57431531,-0.048599124,0.00320374966,-0.688631117,-0.193336725,1.73899257
0.0539332628,-0.0438432693,0.147408187,-1.13684809,0.099114418,-0.0756874084,1.19465446,-0.128965914,0.0293581486,-0.0137891769,-0.116447568,-0.0779829025,0.0658259392,-0.0182808638,-0.472325325,-0.235018373,0.0652317256,0.0252891779,0.0425453484,-0.318909496,-0.07398808,0.0481594801,-0.255450815,0.2137115,1.81911588
-0.018604517,0.0361779332,0.148806006,-1.12549138,0.0355296433,-0.074698329,-0.412093639,-0.238909304,-0.0144129992,-0.0282235146,-0.109715834,-0.0830945373,-0.000209927559,-0.0880674124,-0.764538348,-0.242930144,0.03450872,0.027613163,-0.124061644,0.215580046,-0.0655246973,0.0122313499,0.22470203,-0.451867819,1.58696079
-0.0448207855,0.0434814692,-0.432177812,0.0621359348,-0.0732671469,-0.00384628773,-0.456025064,0.251260251,-0.0948901176,0.0186724663,-0.298537046,0.245304227,-0.0502679348,0.0727955103,-0.823051453,1.43621635,-0.0519789904,0.0614577532,-0.0901106596,0.222975135,0.0689662695,0.0324598551,1.13195229,0.0394493341,2.17499876
-0.0669389963,0.00683653355,-0.0524425805,0.0744490623,-0.072218217,-0.0422641039,-0.218012661,-0.206490338,-0.0288940072,0.000377088785,-0.287753463,0.265526533,-0.0909024477,-0.0118438005,-0.368947655,1.45222807,-0.00863650441,-0.0155854225,0.208127499,-0.416838825,-0.0374419689,0.0495060086,-0.838085294,0.189364433,1.86470151
-0.0442273617,-0.0549681932,0.350623369,-0.386095524,0.083655104,0.0793524384,-0.179400146,-0.180378646,-0.0537608862,-0.0374067575,-0.237598792,-0.337918878,0.0542389154,0.0402982235,-0.424423516,0.35423255,0.0665763021,0.0427062511,0.201686308,0.407514751,0.0673350096,-0.0164503157,0.271641076,-0.589619994,1.21628976
0.0176992416,0.0477201939,0.33631146,-0.370305419,-0.0665608048,0.0758631825,-0.889057338,-0.116989821,-0.0601703525,-0.0905558318,-0.232877761,-0.790377378,0.0441069603,0.0464205742,-0.539435804,0.297124982,0.0903453529,-0.0641778111,0.285610646,-0.816654921,0.038978219,-0.0907431692,0.132638454,-0.949196815,1.9571259
0.0441789627,0.0512112379,0.113888443,0.194313765,-0.0975965261,-0.00487685204,-0.818974853,-0.382058859,0.0157772899,-0.00393243134,0.462042123,0.300331473,-0.0274851322,0.0185544491,-0.495997787,-0.379118562,0.00137984753,0.0138646364,0.361043543,-0.827452302,0.0821669102,0.0726025403,0.161891401,1.12309384,1.92123032
0.0716519356,0.0119332075,0.186530769,0.222403526,-0.0221283436,0.0287016034,0.416812718,0.0201836228,-0.0537477732,0.0325190723,0.431757689,0.308718801,0.0147877932,0.0120674968,0.557127357,-0.353503823,0.0726679564,0.0870373845,0.890826583,0.20685482,-0.0576019287,-0.0179201961,-0.612394691,-0.0963773727,1.49115646
-0.0344357491,0.024756074,-0.672709227,0.324090719,-0.0840788484,-0.0735672116,0.452748686,0.0772053599,-0.0488236547,0.0120240152,0.303698629,-0.433252275,-0.0468615294,-0.0181187093,0.527021945,-0.214891791,0.0715718269,-0.0835625827,0.895196736,-0.761965871,0.0739160776,-0.0811603069,0.546596348,-0.636277199,1.87121868
0.0562772155,-0.0193536878,-0.682860374,0.290638804,0.0562685728,0.0232380033,1.52803707,0.602334797,-0.0920665264,-0.0682734847,0.308457196,-0.458419174,-0.0649368763,0.030777812,-0.10105291,-0.228454828,0.017480433,-0.0622605681,-0.207184076,-0.229744077,-0.000231027603,0.0609537363,-0.427467823,0.575401545,2.06376863
-0.0122408271,-0.0436998606,-0.376286268,-0.253985882,-0.0834525228,0.0516146719,1.45587707,0.332723498,0.0425262451,-0.0968040824,1.1870259,0.135478675,0.00983911753,0.0817074031,-0.134106576,0.160407662,0.0715024173,-0.032237947,-0.235697329,-0.267923951,-0.0310946107,0.0441036224,-0.540724874,0.305897236,2.11174822
0.0637207329,0.0636584759,0.224684715,-0.271742105,-0.0114181042,0.0267034471,1.05498624,-0.173627496,-0.0570133328,-0.0212061405,1.12392604,0.182549357,-0.0327352285,-0.0651282221,0.0619419217,0.142059445,0.0136339962,-0.0144312382,-0.820404768,0.0394761562,-0.0171856284,-0.0201904774,-0.335215807,-0.141354799,1.84771776
-0.0405475795,-0.0877866745,-0.570571184,-1.17707038,0.0428608656,0.0149734616,1.05872059,-0.102402925,-0.00576680899,0.0911700726,0.400506496,0.968343735,-0.0105881095,0.00211682916,0.0965952277,0.410437226,0.00480094552,0.0124594271,-0.890227497,0.425890923,-0.0870736539,0.0757656097,-0.884096146,0.569519162,2.49630666
-0.041592434,-0.0163406134,-0.524502277,-1.18427682,-0.0437228084,-0.0637818575,-0.821578503,-0.38446027,-0.0612739325,0.100000858,0.424213886,0.0789909661,-0.0526352525,-0.0493766963,-0.707881033,0.42160213,-0.0769134164,-0.0799450278,-0.467698872,-0.930291653,0.0382309034,-0.0166258812,0.797314048,-0.355688632,2.29190969
0.0120221078,0.0320193768,0.64150393,0.112831682,-0.021876961,-0.067168057,-0.803841114,-0.218970895,0.0373533443,-0.0747139454,0.639739156,-1.5801084,0.0719785094,0.0272583961,-0.734167576,0.43482554,0.08816652,-0.00302800536,-0.453089476,-0.976277292,-0.0402854085,0.0522843599,-0.0437107086,0.134321988,2.44172311
-0.0539060235,-0.0128070116,-0.410029531,0.121358894,-0.0711001456,-0.0550196767,-0.510578752,0.327534199,0.0659393668,-0.0611088872,0.727642894,-1.55038214,0.0533319116,0.0569008589,-0.284677505,0.410638869,0.0147736222,-0.000748157501,-0.710026681,-0.280774891,0.00209897757,0.0349953175,0.426711559,-0.121130005,2.13075757
0.0726318359,-0.0459746122,0.801402509,-0.263516247,-0.0692572594,-0.0801727772,-0.4669137,0.279585719,0.0575371832,-0.0511009693,-0.0403988361,-0.2038223,0.0193101168,0.0329892635,-0.23429811,-0.359671772,0.0784712136,-0.0857253671,-0.705651581,-0.952014387,-0.0496519208,-0.0642875433,-0.289912701,-1.07283044,1.98007309
-0.0732164383,0.0432873964,0.759952128,-0.21675384,-0.0456372052,-0.0493825376,-0.0163186789,0.199580193,0.0817356408,-0.066735208,-0.0173401833,-0.132468849,-0.0675382093,0.0950375795,-1.0399096,-0.443546206,0.0879000574,-0.0855302215,-0.4455266,-0.0686168671,-0.0378922224,0.00766837597,0.241009235,0.194081187,1.52071607
0.0864152908,-0.0341559649,1.33941007,-0.435758591,0.0872989893,0.083479166,-0.0393334627,1.19538093,0.0530359745,-0.0939062238,0.021954,0.0554623008,-0.0155286491,-0.0585166216,-0.965922117,-1.07683635,-0.0431102216,-0.0496872663,-0.449482918,-0.0854861736,0.0245900154,0.0429797173,0.124682546,0.340340376,2.42828083
0.0321520567,0.0893154144,-0.238742471,-0.408726513,-0.00260479748,0.0571757555,-1.03050125,0.0328366756,-0.0718409419,0.00524532795,0.0109390616,0.078778863,0.0827815831,0.0887765884,0.425251961,-1.07362008,-0.022313267,-0.0601158738,0.077870369,0.010653913,0.0280088186,0.0600296259,-0.211823344,0.298279345,1.67559481
-0.0777368546,-0.0545791388,-1.16396904,-1.15139329,0.044057101,-0.0343536735,-1.04704428,0.0196529627,-0.071126461,-0.00406032801,-0.183739126,-0.210892498,-0.0842517614,-0.0335928202,0.503782868,-1.3307054,-0.0495117903,0.0796871185,0.0626975298,1.17167568,0.086359024,-0.0750485063,0.219826102,-0.84669137,2.84065652
0.0459086895,-0.00780382752,-1.12042606,-1.16482854,0.0760065913,0.0248154402,-0.136237621,0.768952847,-0.0381328464,0.0320898294,-0.2419554,0.513627052,-0.0375767946,0.0494139194,0.387759566,-1.30828893,-0.0114853978,-0.0753428936,0.216371775,-1.12777913,0.015392065,-0.0225955844,-0.610615492,0.290344238,2.68396544
0.0343782902,-0.00599145889,-0.410662264,0.0623868704,-0.0524522066,0.0523628592,-0.115264356,0.354845375,-0.055836916,0.0325402021,-0.365900248,0.198496997,0.0388306975,0.0804249048,0.386459947,0.20904243,0.0367870331,0.0820868611,0.281189799,-1.11713254,0.0103652477,0.0408074856,-0.573782802,0.820499778,1.74249756
-0.0355774164,-0.00946083665,-0.510985494,0.0443221331,0.0829779506,-0.0412400365,1.14217389,-0.766070545,-0.0563677549,-0.0718203187,-0.364747733,0.225568771,0.042534709,-0.0905509591,0.528104901,0.175869375,0.0503106117,-0.0507969856,-0.0525511503,-1.19042838,0.0336618423,-0.0451376736,-0.093054533,-0.300292253,2.05025029
-0.0438205004,-0.0466845408,-0.328565687,-0.276434541,-0.0321285725,0.060583353,1.16748857,-0.68803221,-0.0380840302,-0.0263687074,-0.21423918,0.665754139,0.0299268961,-0.0821407437,0.519108832,0.49351269,0.0410913229,-0.0104631782,-0.110558867,0.139272079,0.0196795464,-0.0402741544,-0.423712522,-0.232872605,1.81953979
0.00036072731,-0.0932217538,-0.288537472,-0.321725965,-0.0800768137,-0.0451648235,-0.251340866,-0.880096078,-0.0675475597,-0.063431561,-0.168488756,-0.270776868,0.0160083771,0.0693793893,0.199440062,0.498896152,-0.0608637333,0.0647560954,-0.794500589,0.542235076,0.0531587601,0.0261391401,-0.138329133,0.260832191,1.57146716
-0.0379714966,0.00282612443,-0.165836692,0.972527623,0.0379978418,0.00599569082,-0.1851331,-0.22861819,0.0838083029,-0.0590195358,1.06141412,0.00360262394,0.0382858515,-0.0128095746,0.185317218,-0.29936856,0.0251948833,0.0854284763,-0.76301831,0.526165962,0.0324921608,0.0595567226,0.0507559478,0.107706189,1.79199767
0.0855252743,0.0343846679,1.00830305,1.04080474,0.0567955971,-0.0749034584,-0.137608171,-0.980670094,-0.0147730112,0.0350211412,1.04209781,0.0698336363,0.092102766,-0.0967835784,0.11139524,-0.269596219,-0.0651952028,0.0622183681,-0.424282819,-0.133373708,0.0799744129,-0.0438832641,0.416677058,-0.598458409,2.24481249
0.0826960802,0.0846568942,0.0276007652,0.892577648,-0.0500297546,-0.0567837358,-0.0645473599,-0.980949819,0.0365647078,-0.00338220596,0.239812493,-0.293052554,-0.0846002102,-0.000281274319,0.0405266583,0.459857047,-0.0278563499,0.0925376117,-0.427339882,0.180567265,0.0192935467,0.0327142477,-0.430947483,0.524892092,1.68400061
0.01650846,-0.0355486274,0.00593268871,0.864708304,-0.0925863981,-0.0874636769,-0.129455119,-0.260384828,0.0128684044,-0.044544518,0.279267311,-0.38465178,-0.00399756432,0.0617672801,0.87249136,0.527565479,0.00164878368,0.0826984048,0.179012761,0.0130214989,0.0663588047,0.0820921659,-0.113221645,0.336557031,1.51586831
-0.027806282,-0.0770044327,-0.595880628,0.082463026,-0.00642704964,-0.0842545927,-0.10288623,-0.0847027898,0.0089443326,-0.0373615026,0.0608073473,0.250469804,0.00724649429,0.0913252383,0.838221252,0.148846686,0.0612534285,0.0592992008,0.151823327,0.0306690633,-0.0233374834,0.0456395149,-0.550417423,-0.446774721,1.31567562
-0.0301183462,0.0482732058,-0.563723207,0.0194815397,-0.0083245039,0.0455739647,-0.27764073,1.00736094,0.0258924961,0.0188228488,0.005402565,0.297692806,-0.0818896294,-0.070336014,-0.55815953,0.157628775,-0.0540969372,0.0728619993,-0.597504079,0.236770421,0.0798000097,-0.0601878166,0.92001915,-0.969183922,2.01746726
0.00505965948,-0.025752902,-0.0458220243,-0.597433209,-0.074113965,-0.0414594561,-0.300873667,1.00816846,0.0781317353,-0.060249567,0.713876843,-0.761762142,-0.0994324684,-0.0495818853,-0.506681323,-0.0211682916,0.075772047,-0.0233449638,-0.510370791,-0.834291339,0.0656057596,-0.00406575203,0.22231698,0.378093123,2.00062943
-0.032894969,-0.0400021076,0.0137000084,-0.602434695,-0.0905284882,-0.0166095942,-0.327489108,0.134021431,0.0930086374,0.0412427187,0.659718037,0.567626417,0.0514310598,0.044737339,1.08505571,0.0291749239,0.0446536541,-0.0682190359,-0.448429942,-0.955685258,-0.0587326288,0.0712997913,-0.860932112,0.304162025,2.10081553
-0.0629212856,0.0212066174,-0.506560445,0.0990667939,-0.0629544258,0.00275969505,-0.376410186,0.426344812,0.0396871567,0.00254094601,0.10447824,-0.367261767,0.00227689743,-0.0606482029,1.05975783,-0.622092247,0.0665158033,-0.0567928851,-0.380391538,-0.983732343,-0.0820316672,-0.0676999092,-0.0760910511,-0.711050153,1.97539127
-0.0868150294,0.0803967714,-0.130211711,0.0904037356,-0.00913703442,-0.0837156773,0.280049741,-0.255195737,0.0475279726,-0.0603181124,0.0826506615,-0.319552183,-0.0824580193,-0.0195373297,-0.500972986,-0.603966713,0.0663260221,-0.092374295,-0.265636861,-0.517840028,-0.0308200717,-0.0442204475,0.000717878342,-0.131774575,1.13994265
-0.0288917311,0.0773210526,0.0637886524,0.119183719,0.0718603134,0.0167745352,0.27496624,-0.262475938,-0.0635146946,-0.004301548,-0.881499529,0.087173298,0.0514627695,-0.0918045044,-0.46497333,-0.91605711,-0.00351756811,0.0354022682,-0.300785661,0.937869668,0.0845651254,-0.0192632675,0.965867758,0.504163325,2.04843926
-0.0938508138,0.0910685062,0.0675820112,0.102831185,-0.039480567,0.0185445547,-0.765954018,0.257479727,0.0578619838,0.0304864645,-0.886558592,0.117305666,0.00820749998,-0.0395462513,-0.241798997,-0.935672104,-0.0210773349,0.0731829703,-0.551641941,0.50722909,-0.0648491979,-0.0440404415,-0.946390629,-0.32334125,2.00011778
0.0744965076,-0.0321890116,1.02119195,-1.03231978,0.00755959749,0.0587508678,-0.738658547,0.295421511,-0.0330886245,-0.0128871202,-0.940902591,-0.557775021,0.00224947929,0.052662611,-0.233022094,0.733517051,-0.048728466,-0.00114512444,-0.61095351,0.502123952,0.0658081174,0.0243825912,0.384931326,0.67532146,2.40441751
0.04750067,0.0453596115,-0.161215782,-0.986087561,0.01283288,0.0833594203,-0.114778161,0.489160746,0.0642047524,0.00114750862,-0.855889142,-0.583831012,-0.0869672298,-0.0621173382,-0.865839839,0.635824859,0.00748717785,0.0794382691,0.187975287,1.02907443,0.0388530493,-0.0705250502,-0.373311996,-0.839840889,2.33602524
