8.685113116048304160e-03,1.222431204958953840e-03,-7.171958398227651355e-03,-3.947360581187277576e-03,1.937468529302832643e-02,-9.512447032735118699e-03,-5.222794039807077127e-03,-5.721286105539074782e-03,-3.444037822134149440e-03,9.922812420886575197e-04,2.584039515348357519e-03,-8.535299776972036720e-03,2.760787139267968301e-02
-2.753483498465586488e-02,-5.579976659446719833e-05,1.472749268065065564e-03,-1.034294943048626528e-02,-2.089662809582254477e-02,-1.518189494696695757e-02,-2.427739124515215785e-03,-1.504607248795321491e-02,1.106820798789631688e-02,-4.495095987824876752e-03,8.520559362769519751e-03,-7.983495938813048309e-03,4.523052414423564538e-02
1.219576794827958999e-02,-8.792198308319327735e-03,4.749383116692318385e-03,-7.908266317087750755e-03,-1.118719833962916743e-02,-8.624634049198540153e-03,4.672909319016260721e-03,-1.462609812505890131e-02,1.990034601532286729e-02,-8.160862475239604244e-03,9.617851066546667660e-03,-1.489893974163095623e-02,3.903252851846744642e-02
4.101555481320906527e-03,-6.858438955599240050e-03,8.824655711745676978e-03,-1.171900859289259564e-02,-2.164385645995103857e-02,-2.431208410126201036e-03,1.423314196149494393e-02,-2.056510166480649687e-02,-2.329172157403314181e-02,-1.274554517168407196e-02,3.705291651274700282e-03,-1.436509480542246496e-02,4.799981288581238459e-02
2.126339607695648670e-02,-6.407147960043088619e-03,7.285553410264045127e-03,-1.731550247050080149e-02,-1.588976953775173007e-02,-3.023675553342757005e-03,1.263769671329056932e-02,-1.715170711889334870e-02,-2.649597447773421877e-02,-1.104508214814952857e-02,9.126296298775704585e-03,-1.274082796384595762e-02,5.129578717256204345e-02
-2.459777659208906009e-03,-2.773227141386488959e-03,3.700913066316147138e-03,-1.873675887143050334e-02,-2.026858440512474546e-02,-5.964687443878943784e-03,1.416692534211122512e-02,-2.387670476314954909e-02,1.481451321788118669e-04,-9.791932385162030461e-04,1.707052252398599812e-02,-1.748609408492576150e-02,4.683847768122650218e-02
-1.411179589282579583e-02,-6.645278541264967864e-03,4.403052377406957429e-03,-1.659758415315086555e-02,2.828939939788133184e-02,-8.153338353731040544e-03,1.645313903578043968e-02,-1.613467661962111194e-02,1.672832082473174609e-02,-1.019635906640863759e-02,8.549186828135324490e-03,-2.198403815736873351e-02,5.362983109686175753e-02
1.329439020535588822e-02,-5.360379238602802632e-03,8.626269457440771671e-03,-8.728578718143496784e-03,-4.204171842160597805e-03,-7.924597884493123079e-03,2.208317820748345595e-02,-1.268637048772869313e-02,7.584737145849451689e-03,-4.147217666018103432e-03,9.772203831404646657e-04,-2.749936937792065578e-02,4.378422186029267554e-02
4.810165842724034579e-03,-8.675762966757219474e-03,1.676281146028013591e-02,-7.287469947144846472e-03,-9.235660133771583791e-03,-7.739951028828510882e-03,2.523222655107315582e-02,-6.148175628437307916e-03,5.396886298277614458e-03,-6.073003810521615531e-03,7.015373624844334355e-03,-3.620293371344363714e-02,5.174988732979617090e-02
1.164390200102227713e-03,-1.799057824047455706e-02,1.697099332247919978e-02,-1.336487899317127803e-02,-3.668915783607784586e-03,-7.286975296260010670e-03,2.529512315141402290e-02,-1.550289211803695250e-02,-2.878231564264627229e-02,-5.673213718084733903e-03,1.095180168873755022e-02,-3.324212941109570829e-02,6.183836480486958748e-02
-1.619919123395735516e-02,-2.604255319604269897e-02,2.389871396264353631e-02,-1.491535701314241485e-02,-2.783507882344807283e-02,-1.066355024658437178e-02,2.936038963227310949e-02,-1.938825849088257613e-02,3.416219133682063536e-03,-1.042574107363407332e-02,1.813214018139769346e-02,-4.207235240840290214e-02,7.797376940982428395e-02
2.968308495044974515e-02,-3.243478086236975533e-02,1.743537738109462998e-02,-1.193128010227277602e-02,2.367966981031799367e-02,-5.902790888588305140e-03,2.867148187782114777e-02,-1.531326592774923806e-02,1.497392493646576561e-02,-3.821986181889724943e-03,2.639248074538308453e-02,-4.149146562539904326e-02,8.178324294209954326e-02
-2.283676760545916284e-02,-4.113822024086227769e-02,1.681958457132021190e-02,-8.662448859943508439e-03,1.982556604479807083e-02,-9.646792617608548892e-03,3.089206198179200724e-02,-7.899212829355364840e-03,-2.090497658455270358e-02,6.309785145693913577e-04,1.682638842219952302e-02,-3.714661461372675139e-02,7.858150420264625735e-02
1.076789403077771379e-02,-4.289744513307840873e-02,9.155094777372030368e-03,-3.022159474359673026e-03,-2.287229595337192389e-02,-1.564734392695478482e-02,2.129754920398557738e-02,-8.642647489623900281e-03,4.369750067313993291e-04,1.085763007917375789e-02,2.149033552994789043e-02,-3.046577015835884306e-02,6.966653824880467138e-02
9.765755456929259282e-03,-4.503434529819975302e-02,1.509913855468364430e-02,-9.336819985518149401e-03,2.749942433408297804e-02,-2.001709178120354704e-02,2.850354122304682436e-02,-1.664597612374932312e-03,-1.280614409319441593e-02,1.301985607348121743e-02,2.486204629116189890e-02,-3.091699641043733904e-02,7.948737931082119901e-02
1.713215624613101395e-02,-3.602977185743706789e-02,1.380844130843678075e-02,-1.237408153651207987e-02,-2.919445241975801575e-02,-1.352151213212343661e-02,3.008796288447324052e-02,-1.160234501128470930e-02,-2.343818146692489002e-02,4.785678916996188859e-03,1.815648805069375316e-02,-3.103472753052351207e-02,7.665218124822348322e-02
-2.835121408476581895e-03,-4.256317526502091664e-02,1.890814483837788273e-02,-1.339087084729630173e-02,-1.504011630638657504e-02,-2.030182622894925737e-02,2.779377283747302974e-02,-1.064205731072807859e-02,-1.574725351681777186e-02,6.857843482487455122e-03,1.449717298848379743e-02,-3.901283081421630383e-02,7.686212726535490702e-02
-2.079254608529518267e-02,-4.910762959539873018e-02,2.653476582434943776e-02,-5.246726280998773029e-03,-2.304592467612856521e-02,-1.300466660678127606e-02,2.108764788213163266e-02,-7.557774157891453126e-03,-2.875360812556421175e-02,-1.128765005138740452e-03,2.040628191749388476e-02,-3.532750329612038831e-02,8.526458206002976437e-02
-1.576811420243418027e-02,-4.246171193553674450e-02,3.536219264618598035e-02,-7.723616515490638879e-03,-1.496117114024342332e-02,-1.042928301396833790e-02,2.457667045993283672e-02,-8.210046166333348494e-03,4.409369233900339857e-03,-7.497881021324467876e-03,2.883023061131564924e-02,-2.970938122989437435e-02,7.845561668140815792e-02
1.824250966600465818e-02,-3.335302606308085394e-02,3.773543754668476358e-02,-9.047853656177967663e-03,1.682981956124640632e-02,-1.679376111558786300e-02,3.337323220730406548e-02,-1.730698243236235279e-02,8.514649835644927389e-03,-1.446646622474015431e-02,2.018298010816538257e-02,-4.015466908537382307e-02,8.503614501556461258e-02
-1.616593278343853024e-02,-2.661800358353513807e-02,3.683311975460848431e-02,-1.017609926836550438e-02,-8.009711530329310936e-03,-1.646538591211513247e-02,3.532530263664976355e-02,-2.091985564833255540e-02,-8.086858481077818794e-03,-7.499308735880422239e-03,1.982234124598297731e-02,-3.919904205219822135e-02,8.063495523252849073e-02
2.035260361675894636e-03,-2.399867983456220599e-02,3.291473086012228211e-02,-7.005044708199875680e-03,8.061685872421953114e-03,-2.467051186972123167e-02,3.528869695768155346e-02,-1.841892111260430565e-02,-1.270091820981678055e-02,-1.429759923142066846e-02,1.598661359373704238e-02,-4.602949171040596199e-02,8.191900505323200521e-02
1.811858250269682280e-02,-1.821590542049675299e-02,2.887866738958830282e-02,-1.496768917540344801e-02,5.565926217191985437e-03,-2.724510969594001741e-02,4.301840357083075439e-02,-2.383341349558994182e-02,1.700157644891009401e-02,-2.279930089665839488e-02,2.231786515877287602e-02,-5.590436455276641403e-02,9.665530703327890327e-02
1.793850908716593251e-02,-2.760246448092720795e-02,3.351164652929652932e-02,-1.747667996396987111e-02,-5.267568049915349881e-04,-2.981841352914642307e-02,4.911590921906319740e-02,-2.621244920907631060e-02,5.930027713976104842e-03,-2.259037348848934312e-02,2.074714235745508950e-02,-6.204549559180239093e-02,1.064265421861953359e-01
-8.226899094501083365e-03,-2.052323372999387274e-02,4.082004161201491232e-02,-1.006276776877873536e-02,-1.113830050685768458e-02,-2.831980837174957744e-02,4.310523191204479465e-02,-3.088325822580367808e-02,-2.061034737801495376e-02,-3.078537147880222591e-02,1.425558950420599547e-02,-5.834253105790547511e-02,1.047565191457504180e-01
2.715344762927351940e-02,-2.916475639579443890e-02,4.186070551266427020e-02,-8.698134219139813661e-03,-2.287237277833611970e-02,-2.926920516239592263e-02,3.376476701075950548e-02,-3.767814646959211089e-02,2.111827704023938601e-02,-2.804541649049571705e-02,3.356107984561429447e-03,-6.346896108953162252e-02,1.123721604872870428e-01
1.678510739331195989e-02,-2.234341243994064641e-02,3.992158282889704535e-02,-1.337675744502972441e-02,-2.335684658959907845e-02,-2.800946470150392220e-02,2.650321385744122682e-02,-3.459436152970932210e-02,2.980115074918923690e-02,-2.751905731876594374e-02,6.048180933921010194e-03,-7.233556388432677009e-02,1.126823957485494077e-01
1.660403863145931691e-02,-1.849212491542936987e-02,3.291611608677769141e-02,-6.466256037137435575e-03,-1.802870840422157728e-02,-3.096764655965292268e-02,2.280882631567110463e-02,-2.722431459093435646e-02,2.460658549023767017e-02,-1.891243154521754510e-02,9.784908495411498430e-03,-6.582080587653837966e-02,9.838525452573147756e-02
1.184510564090968110e-02,-9.656110886274243965e-03,4.267819428346095179e-02,1.747808250056437362e-03,2.038074324261690551e-02,-3.678867169595359532e-02,2.749328361130465304e-02,-3.489833431803696095e-02,-2.776555506718678124e-02,-2.556754938591207504e-02,-8.741622556487915752e-05,-7.192566839770898890e-02,1.113486443298305206e-01
6.611251758792957567e-03,-2.430870760404407749e-03,4.262253064460233554e-02,-4.020727850595873232e-03,-2.685929938486894542e-02,-4.445036152384851391e-02,3.369105707612210510e-02,-4.044939440161038346e-02,7.037254621913624497e-03,-2.055479034752091816e-02,-5.724023539145112194e-03,-8.208350474819438303e-02,1.208033532106980723e-01
2.675107194876336081e-02,-1.023352972853941445e-02,3.835055038557802498e-02,1.556928351128750165e-03,-1.187686268311785587e-02,-3.780537549390844410e-02,2.328152559700605306e-02,-4.066723421284607065e-02,4.684948579333714225e-03,-2.356252045108547799e-02,-8.813956633281716524e-03,-7.546610184798553667e-02,1.113986214044788564e-01
6.556364836790784523e-03,-1.382532045711290514e-02,2.956980075869020119e-02,7.798011054670317410e-03,8.130038084070506654e-03,-3.585638108160318915e-02,2.298480632309676808e-02,-3.386393853883029603e-02,-5.330283038876143520e-03,-1.938943573019780153e-02,-6.417370745458034209e-03,-7.437149568376585917e-02,1.008603831554142349e-01
9.129340250730644257e-03,-8.394088172099301026e-03,2.795963601160345036e-02,1.090236079553638660e-02,-1.110328308169075684e-02,-3.461527848932482998e-02,2.282487405051675244e-02,-2.912018399701299387e-02,1.728248899880979739e-02,-2.072289551419112530e-02,-1.194484428134076626e-02,-7.775258262067052950e-02,1.032527719316786580e-01
2.025357827158869028e-02,-7.259860068413975798e-03,2.565743360869304768e-02,1.317614844446524103e-02,-3.190384195854434335e-04,-3.932494538810976659e-02,1.451441263610234178e-02,-3.824290393119769704e-02,-2.312624407766411538e-02,-2.164540215202193085e-02,-1.949730414903089182e-02,-7.434646135446495996e-02,1.068899273236607189e-01
-2.097152835983140395e-02,-1.457109573178536066e-02,3.480959823944476672e-02,1.713951943958633151e-02,6.052769739091606871e-03,-3.303692269629596168e-02,1.747168716143859823e-02,-4.372021880550147621e-02,-2.281426685900148077e-02,-2.786519492592962055e-02,-2.811519384761135276e-02,-7.193957103437634282e-02,1.129827890542617619e-01
-2.014456405525411054e-02,-2.340083659207056743e-02,2.524309917656375468e-02,1.107440204093154690e-02,-2.009958376238785149e-02,-3.711864515753657279e-02,1.248915547564832806e-02,-4.219946795511297921e-02,2.023691158878443419e-02,-1.781669339981961642e-02,-2.373513844034369491e-02,-7.242898426286648039e-02,1.093988206024965604e-01
-1.907318621917117318e-02,-2.427049851050536167e-02,1.868319259974812740e-02,7.766744702554506663e-04,2.447985997298710026e-02,-3.590148339568635660e-02,1.379371179970767525e-02,-3.438829341530605377e-02,-2.738903627669250773e-02,-1.707314477098886840e-02,-2.457025680940905232e-02,-6.548506430369371856e-02,1.024556120964896927e-01
-2.650887110418032044e-02,-1.989881425346617938e-02,1.889477524112151419e-02,-1.337456207537918162e-03,-8.079272236190038203e-03,-2.834764048844209960e-02,1.823259685028727484e-02,-4.181947669274446722e-02,2.421927751637187320e-03,-1.961243096887205217e-02,-2.928402320251002888e-02,-7.076352998244173076e-02,1.032627150977743213e-01
-2.366434473731945931e-02,-2.639139321183656128e-02,1.921657594522488410e-02,-7.155959714181314713e-03,-6.060560616741567097e-03,-2.845245039460111980e-02,9.205162439005376562e-03,-4.427663046489616061e-02,2.507576375239711775e-02,-1.663849502902775557e-02,-3.067563297278855239e-02,-7.133026797693658994e-02,1.072522903244390868e-01
8.112857151147540025e-03,-1.965481893723519669e-02,2.229634403874916626e-02,-1.480865203663805918e-03,2.893246937636995142e-02,-3.706308820859421926e-02,9.355483264570030322e-03,-4.094394578962010089e-02,7.174295636300315193e-03,-7.468177314029628144e-03,-2.766268046434358641e-02,-7.527992730281393707e-02,1.070779056062728801e-01
2.820979769336512399e-02,-2.520699442925200540e-02,1.420016929539483219e-02,-6.342615986548671980e-03,2.906548752983836859e-02,-4.357274548096526368e-02,1.200575583539087443e-03,-3.370376837069516407e-02,-1.272496250050855759e-02,-6.498736114210951209e-03,-3.023035505862536887e-02,-7.833266356162943422e-02,1.131718592548189017e-01
-2.504449517057763530e-02,-3.100250719450609038e-02,1.714345974940287287e-02,8.869066133321834577e-04,3.239145875611859626e-03,-5.005672672631147901e-02,7.325053797870573202e-04,-4.368304591389302050e-02,1.816074371054676728e-02,-1.586500427312365069e-02,-3.002852837373912176e-02,-8.414653157704884978e-02,1.219501631514431778e-01
-2.700511331869812071e-02,-3.717649003678874520e-02,2.642178333764605425e-02,3.053997063320323946e-03,-1.596197687051653658e-02,-4.268160719494185074e-02,-3.647268111840462623e-03,-4.827914297812335720e-02,7.294943243819129730e-03,-2.371236389716940840e-02,-3.650008837481028001e-02,-9.017648536952696525e-02,1.316018045577156959e-01
-1.198527531309895311e-02,-2.699208170730393874e-02,2.619027643658547455e-02,-1.072488792612069641e-03,5.431544883970657045e-03,-4.067735696885924068e-02,-1.252554859907686891e-02,-5.201517895627510990e-02,-6.213785375422747892e-03,-3.114666037836272272e-02,-3.526424655039109290e-02,-9.717786181055365624e-02,1.334231871260541658e-01
2.992078747351728518e-02,-3.468600898675616717e-02,3.241695302194341766e-02,6.659511849133437078e-03,1.205079575774264944e-02,-4.545077106987857607e-02,-1.971448429772798550e-02,-6.212627719039937046e-02,5.721568824272521558e-03,-2.946261088503943082e-02,-2.994422934719467855e-02,-9.868959628631726599e-02,1.455678028892145037e-01
2.749358987777839047e-02,-4.387497997933881289e-02,3.261181133631910201e-02,1.337634869517906333e-02,1.511039188347648721e-02,-3.739534654230800004e-02,-1.499659059531160965e-02,-5.252284949047886231e-02,2.443714987430095631e-03,-3.255437064559946192e-02,-2.878387052049918848e-02,-9.718465148867538872e-02,1.409708413387924242e-01
-2.080910770338711968e-02,-5.271748707620604879e-02,3.817739597260949580e-02,1.632257733675768208e-02,2.246526092596606849e-02,-3.858551766704532149e-02,-2.089340657348073838e-02,-5.440843824404309470e-02,-1.301276698150635736e-02,-2.889183097438149939e-02,-2.555500478280592347e-02,-9.374243009939633997e-02,1.441221935916458807e-01
-2.386131392679544105e-02,-5.851155621796250150e-02,3.282736533183036598e-02,1.687098108210582925e-02,9.152378580318559775e-03,-4.924458800101597089e-02,-2.547352487794207754e-02,-6.066968915849074717e-02,2.736363499055807780e-02,-3.463766457137185117e-02,-2.113344028386521245e-02,-9.520154253117224519e-02,1.537928148172958698e-01
-2.327573490769987985e-02,-5.710743872826495870e-02,4.244792992510920682e-02,7.093592454016695026e-03,-6.950325154651326720e-03,-4.064160449945652953e-02,-2.160825089121065634e-02,-5.187327922726997498e-02,-2.644536743354192199e-02,-3.585717786118128303e-02,-1.928887011506033589e-02,-8.650640451291319311e-02,1.426656196768199270e-01
-4.070907593722528084e-03,-5.117512117825667728e-02,4.654837039851676683e-02,8.330047201376533650e-03,1.684492514299658350e-02,-3.082526537914948017e-02,-1.488712389573002004e-02,-5.910626905527011088e-02,2.049800686809308270e-02,-3.577636389760208147e-02,-2.080903833546277060e-02,-8.348047314722717438e-02,1.375603640235777136e-01
-2.718524717497508569e-02,-4.790748195561217448e-02,5.186531428197763138e-02,7.815731287948157746e-03,-2.172869041908989662e-02,-2.596317547215415411e-02,-1.268396411793276668e-02,-6.782112322478991984e-02,2.510975293599726488e-02,-3.574505859857451950e-02,-2.670980863034289055e-02,-7.668062106046413806e-02,1.421042278455485197e-01
-2.022232679135366196e-02,-4.144717177691420451e-02,6.139595864970370798e-02,1.450497100628506120e-02,1.639172570577865362e-02,-2.049422537753436968e-02,-1.542462759104210046e-02,-6.988200108262876409e-02,2.132226074871493293e-02,-2.669705040703657106e-02,-3.531081023839949262e-02,-7.909441556104812587e-02,1.434814790317977817e-01
-1.092753055126108319e-02,-4.969263838677745460e-02,6.259690946385625121e-02,1.122971506482067783e-02,-2.532938595468374465e-02,-1.819243947456383736e-02,-2.308545452909693818e-02,-6.643084767117135581e-02,-2.824442423383186074e-02,-2.942774110751394945e-02,-3.121981245412847050e-02,-7.723895501273264630e-02,1.454512272095868086e-01
-1.962417269341598658e-02,-4.019878884661692853e-02,6.951174861351716583e-02,5.433368586399922595e-03,4.518397153364106522e-04,-2.252333303089792960e-02,-2.075713490511993387e-02,-7.431314337983419005e-02,2.953342719299553720e-02,-2.162824076528907513e-02,-2.563896478349379782e-02,-8.107871933888599614e-02,1.479675013363373204e-01
-1.231030798161593387e-02,-3.038545625135308237e-02,5.975872434663503929e-02,2.267126425812893142e-03,9.815739347703744677e-03,-3.060828617295274778e-02,-2.985100377527044602e-02,-7.514761065616243352e-02,2.015589083100778611e-02,-1.793838192917046603e-02,-1.827093309771163354e-02,-8.304886481905632278e-02,1.420616513789168811e-01
2.901888369761983222e-02,-3.223560746069059624e-02,6.517845608141425995e-02,-6.482699595925400793e-03,-4.853252654079431849e-03,-3.324719904587392083e-02,-3.242477279018592118e-02,-7.299373221776839227e-02,8.586585180172662257e-04,-2.307356451100250894e-02,-2.127066630048049523e-02,-8.847227281941960619e-02,1.499759268893261221e-01
2.151297160996658298e-02,-3.898171391456334289e-02,6.464420074857586684e-02,-6.076840624905766042e-03,2.475835503536187587e-02,-4.116685739120962140e-02,-3.178479223535241038e-02,-7.653044242836121169e-02,-1.728338482467810244e-02,-3.255859929525362073e-02,-1.660894699330550672e-02,-8.267494449385015542e-02,1.544112428653291458e-01
1.787762086204887357e-02,-4.437074916216043885e-02,5.695534925986172475e-02,-5.057890078876803308e-03,-2.402475917561697205e-02,-4.682962979339583276e-02,-3.793812061697554583e-02,-8.210493043995015228e-02,-1.773089351961396054e-02,-2.458524321645244592e-02,-2.634191170074330623e-02,-9.027901578627006707e-02,1.620851826083891944e-01
2.612391412473673291e-02,-3.553671599837088246e-02,4.726969878413859322e-02,-3.879475986620584127e-03,-1.937985126313754303e-03,-5.441343442212476234e-02,-3.747281698877619194e-02,-7.836413460481528315e-02,-1.819033991880697476e-02,-2.608244355029581962e-02,-2.633029156896465883e-02,-9.246236198552382213e-02,1.579818788139351893e-01
-1.789855142346692685e-02,-3.423731820143932625e-02,5.456993540388177522e-02,1.833352883206684769e-03,-1.885450047269777996e-02,-5.158459983184637831e-02,-4.813806751798863082e-02,-7.307148300370558403e-02,1.324646219296926608e-03,-3.103132346057163593e-02,-3.580025984703252839e-02,-8.818253421754979060e-02,1.586489366606109730e-01
2.410454130781171378e-02,-2.929401331126096908e-02,6.370314012175738727e-02,9.974127594146176001e-04,2.907941418650947241e-02,-5.463029010883152514e-02,-4.950962831063510095e-02,-6.484749973995118655e-02,2.894533380380404086e-02,-2.728579099424754961e-02,-4.285998158352821719e-02,-9.566178266697245025e-02,1.689829485169138390e-01
2.111466775956473418e-02,-2.145962914703952729e-02,7.096721765838956419e-02,3.582974885448508839e-03,5.043391108058195571e-03,-4.761734635811665228e-02,-5.772251746147698259e-02,-6.657437209742878004e-02,1.409861173911224064e-02,-2.152464893087741027e-02,-3.983832672487161441e-02,-8.865052127764305734e-02,1.616183796566671160e-01
-1.924472405841506917e-02,-1.947692641290688087e-02,7.294177786756786408e-02,-3.111177965499367648e-03,-5.186206052327987925e-03,-4.222887899562766112e-02,-6.788478203818754109e-02,-5.825482130522285917e-02,-3.010799028748400996e-03,-1.410594451807190008e-02,-3.690213337345070455e-02,-9.538973463289723842e-02,1.629756016951559860e-01
1.061041413067009831e-03,-2.338443343243978845e-02,6.585286132021379857e-02,-1.224721217285923425e-02,-5.631131420245905073e-04,-4.306495702357054922e-02,-6.401800654160501314e-02,-5.216104181792335925e-02,1.784219587964201714e-03,-2.305831269769476055e-02,-4.656970463822025785e-02,-1.009203155587989342e-01,1.630860351392141583e-01
-2.286399606617267252e-02,-2.226601528437671673e-02,7.297282041891527127e-02,-6.299565124871009392e-03,2.501404726467478662e-02,-4.303503158955995778e-02,-7.412533787606725988e-02,-4.446630283054930910e-02,-1.070886910178598522e-02,-1.754582990053277225e-02,-4.365180307192825793e-02,-9.131443388294990804e-02,1.643141225569990926e-01
-2.699314237238464170e-02,-2.121658234601031534e-02,7.483780421151228768e-02,-8.587782869827365051e-03,-9.465802562212771720e-03,-5.369187546986675663e-02,-8.138082130675550196e-02,-4.804010783278511720e-02,1.766874196650060347e-02,-1.062828991073916374e-02,-5.389140891505861397e-02,-8.795763915301918479e-02,1.726913554046503596e-01
-2.225791453592570329e-02,-2.579229541639543877e-02,6.879334087686819754e-02,-4.579045326062791688e-03,-2.085962837695017405e-02,-5.268081009553482463e-02,-8.512189644869450067e-02,-3.670438884343613095e-02,7.936441669010571576e-03,-6.849847685279908394e-03,-4.689182382892210371e-02,-8.666529617103324590e-02,1.659431051694095494e-01
2.076053537717145389e-02,-3.392690641776036076e-02,7.231863007818553624e-02,-1.069839635242769704e-02,-2.758427607153390859e-02,-5.586218219454364142e-02,-8.784989135988302555e-02,-3.462679205256796733e-02,-3.022076412463020612e-03,-4.063136856349791604e-03,-4.216983977732823019e-02,-8.991425297520189153e-02,1.720845108565488557e-01
5.354350696475385085e-04,-3.961272562411344289e-02,6.226850782118441285e-02,-1.301691771562474287e-02,2.442571983735343510e-02,-5.177086412837506035e-02,-9.749313919425423025e-02,-3.035975976997790093e-02,-4.841415864000657432e-03,-2.222722293569512342e-03,-4.520450343809225002e-02,-9.409184474339105098e-02,1.739104064765858992e-01
1.668918159765857279e-02,-3.677139012459967882e-02,6.384503610225165937e-02,-1.327396567129673910e-02,2.163557685299327682e-02,-4.458445188272852633e-02,-1.014501328525889562e-01,-3.158243682512706929e-02,-1.519907177817301364e-02,7.326793812109821946e-03,-4.361727718639567264e-02,-8.781808649010497403e-02,1.718361978604146523e-01
-1.469410279030869231e-02,-2.999693232043232349e-02,6.807650627679145972e-02,-7.530125723748670730e-03,7.527466185228483611e-03,-4.894488256310702834e-02,-1.102883197927965464e-01,-2.367913452220038462e-02,-1.077014343636303884e-02,3.543768371223998681e-03,-5.443208828590908460e-02,-8.976647579265328858e-02,1.792561072090702590e-01
-6.103664016562822259e-04,-2.789376332738063846e-02,6.421734934709619202e-02,4.243449248231834225e-04,7.932130149567076516e-03,-5.704563131901724260e-02,-1.129664513719054741e-01,-2.035769111290952615e-02,-9.952857296590435221e-03,-3.437249542619424947e-03,-5.267173127822091794e-02,-9.021000978607018883e-02,1.800513572957104236e-01
-1.264079288391713532e-02,-3.634539693753607859e-02,5.574834625562252732e-02,-7.862110851904802189e-03,-1.453149829229807323e-02,-6.262471480207032482e-02,-1.186669497654036509e-01,-2.331916482847812278e-02,5.157967135387825364e-03,-2.542268170044714726e-03,-4.928045699692239212e-02,-9.268375008352192079e-02,1.856368091353012562e-01
-6.596030514077328571e-03,-3.072789342945425606e-02,4.926998370352780182e-02,-1.640674543071907188e-02,2.991689157315442424e-02,-5.301899849315044877e-02,-1.158559324325606765e-01,-2.688229270800213122e-02,-1.844482421034057337e-02,4.390352318374035612e-03,-5.662085002225385189e-02,-8.466365674656739504e-02,1.796358960541438177e-01
1.995226517353503384e-02,-2.929113155683543690e-02,4.654847827551619743e-02,-2.627262278868852663e-02,-1.941894232332249531e-02,-4.555912912773441015e-02,-1.091535286336788313e-01,-3.037182159872586773e-02,-4.590249474294441634e-03,-3.040188383107933490e-03,-6.158318830176693487e-02,-7.635698981787092388e-02,1.704580207873436226e-01
-4.514015668163541550e-03,-2.999731953254708428e-02,4.229976750743941194e-02,-3.057668806380781090e-02,-2.691446671135681867e-02,-5.554581495838267768e-02,-1.100901531183661602e-01,-2.015229234527932123e-02,1.033587922318918682e-02,-1.266787239181654812e-02,-5.947685585070475178e-02,-7.481945897746078433e-02,1.714142808889757563e-01
-2.423578329183122965e-02,-3.590283256683596269e-02,3.504583224052354451e-02,-3.822433270519409731e-02,-2.078782338458591908e-02,-5.189438330079160222e-02,-1.154696145586128486e-01,-2.394179930664791511e-02,2.030336364336617939e-03,-2.102574400532530863e-02,-5.385141895182513766e-02,-8.167936381470014551e-02,1.778060650790651565e-01
2.342860986645628474e-03,-2.672019588260521328e-02,4.427097070310555271e-02,-3.808643392083865820e-02,1.915450565403160194e-02,-4.262680249444578129e-02,-1.189936026740629205e-01,-2.807615137821933837e-02,-2.443465942951960485e-02,-1.434516186548767669e-02,-6.270102570052986379e-02,-8.762370852276391009e-02,1.835042491668514020e-01
-2.484622029572050583e-02,-3.176011070151740778e-02,4.836020283820952059e-02,-4.441133067833102910e-02,-1.942257206028076555e-02,-4.846932545569387907e-02,-1.188487184587738860e-01,-2.304290765405125896e-02,-1.947853810946289024e-02,-8.267908864337147890e-03,-6.948331608241305191e-02,-7.933332862173847477e-02,1.867862417359099914e-01
9.388263723541331873e-03,-2.944055854047417098e-02,3.766420707743323160e-02,-3.864446138283600396e-02,-1.265352156675416534e-02,-4.747134456545193393e-02,-1.171679401457964009e-01,-2.814325376336829221e-02,1.408837527986057936e-02,-1.554663289338514831e-02,-6.491599623555048548e-02,-7.288367596368461321e-02,1.754057549458706289e-01
3.671145975735382039e-03,-3.093190805865775328e-02,3.032037935300078979e-02,-4.401656347909144174e-02,-6.877777653748466669e-03,-3.863896946971623336e-02,-1.197619742701840628e-01,-2.549598733719926624e-02,-1.375889306074286333e-02,-1.453757516487585999e-02,-7.153187612948139207e-02,-7.852756440521252435e-02,1.790092987976315830e-01
-1.436215196581255849e-03,-2.759687374494396161e-02,2.815814534247450263e-02,-4.858805005523292309e-02,2.613455358424062944e-02,-2.890524934845800642e-02,-1.145174367937429050e-01,-3.095272153206585219e-02,-2.643049482170533454e-02,-7.977663757123831800e-03,-8.090770665405801199e-02,-7.696686924203482993e-02,1.809429265690126465e-01
-8.359836048848739987e-03,-2.955118037563692068e-02,3.327665414972974522e-02,-5.317706596456200918e-02,-2.668865626929950441e-02,-2.178731672198885860e-02,-1.092761944172010169e-01,-2.710490863274700457e-02,-8.553233863763935740e-03,-3.397170972682106438e-04,-8.965268176327752248e-02,-7.220865145409710584e-02,1.790703642914117932e-01
1.920201266811519258e-02,-3.185952587805807035e-02,3.810530687699037466e-02,-6.215626124619211268e-02,1.583151176588817877e-03,-1.343203869406311979e-02,-1.019663517156275123e-01,-1.722141536304078180e-02,2.980849620663577476e-02,7.210832754974694225e-03,-9.814450115096479133e-02,-7.588064908190816915e-02,1.841373414894122706e-01
-6.175318774195526217e-03,-3.063530710996831274e-02,4.038344827331379061e-02,-7.246697899801074483e-02,5.086056601027316715e-03,-1.976221819061102503e-02,-9.571760389605869779e-02,-2.461301262124054867e-02,-2.232211906855070815e-02,6.529709628936675170e-03,-1.090798087035177028e-01,-7.185209775391132592e-02,1.887989899196160504e-01
-1.024714958515407504e-02,-2.466549662152972555e-02,4.686843911121260642e-02,-8.128320871954203275e-02,-2.938762923496193724e-03,-1.726254624399276016e-02,-9.438325169581776586e-02,-2.130227005149076813e-02,4.090679242283665196e-03,-1.655234477686229333e-03,-1.191724430517355909e-01,-6.783634922356934771e-02,1.949587983646368095e-01
1.536407655258811844e-02,-2.786726856411980702e-02,4.415479446922648821e-02,-7.942124440544545694e-02,-1.455814904238984797e-02,-1.495290471158899903e-02,-8.670209246183537000e-02,-1.266130725103203902e-02,1.961132350774061339e-02,2.440784176264143568e-04,-1.148199494874098531e-01,-6.696013353736357532e-02,1.882420088931262003e-01
-2.843923141732176973e-02,-3.045959369099171532e-02,3.918741640128597936e-02,-7.210648259651963876e-02,1.462979552375401338e-02,-1.263394501718712037e-02,-9.543332661776461612e-02,-1.237141935843966145e-02,2.112131883496146112e-02,8.832905230242715788e-03,-1.197675282715555678e-01,-6.612461944122227653e-02,1.932528161419041490e-01
2.259054586247921659e-03,-2.942670693038962337e-02,4.763582457266302139e-02,-7.931742229900923258e-02,2.792252221671388812e-02,-2.069570203879944614e-02,-9.314196675609447140e-02,-1.156968796423729628e-02,2.780764250263792481e-02,1.499863651950489318e-02,-1.265881787280065673e-01,-6.388629802748901909e-02,2.013776869471940456e-01
-7.798030975717018531e-03,-2.353886599308346872e-02,4.416402224065124615e-02,-8.856569545664155774e-02,-4.958358068167897925e-03,-1.355800576891053044e-02,-9.959261856017766201e-02,-9.120793664650295174e-03,-2.291774111097018285e-02,4.624167503484599706e-03,-1.300101332984377744e-01,-6.000163967651545027e-02,2.041297417387180624e-01
7.161824112825648792e-03,-3.037890827587114151e-02,4.670476564005024422e-02,-8.636083442058606341e-02,-2.759590142463554108e-02,-4.087008494317923013e-03,-1.001841833088152334e-01,-6.223562799050730288e-03,-2.264741025933131313e-03,1.168797261021148337e-02,-1.345767809078711741e-01,-5.509789585314806004e-02,2.067751562050642034e-01
2.229439666636590101e-02,-2.515593704612212322e-02,5.218507586805612442e-02,-8.189942218687895625e-02,8.089443402409607353e-03,4.521938690547788742e-03,-1.092550504793883548e-01,-2.112226652488669032e-03,-4.252071307264265743e-03,2.108714265781297392e-03,-1.272934444249889108e-01,-5.550838239107408478e-02,2.046826853096284649e-01
-2.301724589448889136e-02,-1.666464456325023047e-02,4.985507239853304018e-02,-9.358249979058519408e-02,-2.642191125859980061e-02,1.350789445887951024e-02,-1.134132350850279025e-01,4.340594210698545119e-03,2.010788005279703916e-02,1.108379652407548432e-02,-1.371210941130319994e-01,-5.977915917138620916e-02,2.207161513422288557e-01
-2.433074955530639683e-02,-1.703338230032647171e-02,3.966852524514713485e-02,-9.685761497723782698e-02,2.208854371062110578e-02,1.525648729358819455e-02,-1.045887666148913459e-01,-2.404888655400172492e-03,1.245410372375804764e-02,1.667455031115755437e-02,-1.340376233332676303e-01,-6.641531746091611232e-02,2.152036080317590860e-01
-2.510456036303315708e-03,-2.619685856920506151e-02,3.088827983526493126e-02,-1.073911859821667369e-01,-6.852219999928521599e-03,8.890983859822065849e-03,-1.055503782696202986e-01,-8.510274263075490175e-04,-8.314109111993206458e-03,6.845086077825190962e-03,-1.394626961433495793e-01,-6.354504668101584874e-02,2.192052365859677721e-01
9.496144814370166554e-04,-1.824051006959914734e-02,3.719173441041281891e-02,-1.145356375019390138e-01,2.620145109380295212e-02,4.301661526432964955e-04,-1.078118189900255097e-01,1.085973856881022881e-02,2.865495473667190041e-02,1.272865757065966275e-02,-1.502483175647630897e-01,-5.523616893639377023e-02,2.321034146756076333e-01
2.186528443884419581e-02,-9.496717689375377969e-03,4.182898500961890198e-02,-1.075112441650247219e-01,2.690260956499537781e-02,-1.611562794552490185e-03,-1.158436001445621311e-01,1.274974271400808323e-02,-9.163666199080156005e-03,1.787376177336125194e-02,-1.573647133569679724e-01,-5.455196196681533216e-02,2.373357680409177162e-01
-1.641118350758202782e-02,-4.723154227473103095e-03,4.092192881280168337e-02,-1.181664932510552712e-01,1.327654668260289106e-02,-7.735465006102948404e-03,-1.163981391336970650e-01,2.189482044405638428e-02,-1.987701397566457584e-02,1.488823963332475131e-02,-1.619128204900021628e-01,-5.005001585369850403e-02,2.439899474807924740e-01
5.712236978591245240e-03,1.758231666659171299e-03,4.641235169113017145e-02,-1.199686410228519851e-01,-1.636427221188055392e-02,-8.343112781792005883e-03,-1.146935925115927513e-01,1.486641835025837022e-02,8.313039714150205484e-03,1.562950977894128624e-02,-1.613491420613673566e-01,-3.809115804752821743e-02,2.410253096928180738e-01
7.815780951448969560e-03,-8.108562768760374517e-03,4.463287729041973129e-02,-1.298998791203122560e-01,-9.108035043383616580e-03,7.007085221126252428e-04,-1.208405350664637223e-01,1.468075411691577292e-02,9.755611369482802830e-03,1.671744365659738607e-02,-1.648697001072508272e-01,-4.177820013541999611e-02,2.513889321345280092e-01
