0.91179734468460083,0.072899758815765381,-0.092781573534011841,-0.0024360190145671368,0.85528767108917236,0.011113426648080349,0,0,0.79558157920837402,0.10085142403841019,0,0,0.96476989984512329,0.016724843531847,0,0,0.86779284477233887,0.11237452924251556,0.050904721021652222,0.0091988574713468552,0.76345264911651611,0.016022840514779091,-0.0001499815407441929,0.0071462863124907017
0.98790287971496582,0.11758716404438019,-0.18326205015182495,-0.014324833638966084,0.89746391773223877,0.12979130446910858,-0.086459830403327942,0.017494425177574158,0.94950366020202637,0.15705668926239014,-0.039758153259754181,-0.0038669947534799576,0.90725946426391602,0.077736370265483856,-0.10884619504213333,-0.0022914602886885405,1.0889054536819458,0.12652049958705902,0.024533189833164215,-0.0043492754921317101,0.88853585720062256,0.00321921706199646,-0.048449669033288956,-0.004068231675773859
0.96497666835784912,0.25399023294448853,-0.27907249331474304,-0.00057733058929443359,0.91498905420303345,0.1501123309135437,-0.16254186630249023,-0.010956372134387493,0.97887837886810303,0.1088341623544693,-0.1099991500377655,-0.06451086699962616,0.85225492715835571,0.18012386560440063,-0.21587717533111572,0.0040745902806520462,1.0914831161499023,0.027933508157730103,-0.084293931722640991,-0.01575419120490551,0.85759115219116211,-0.0026501193642616272,-0.13679905235767365,-0.0067742010578513145
0.8046499490737915,0.33241289854049683,-0.45558306574821472,-0.021152282133698463,0.97360879182815552,0.26955506205558777,-0.19532755017280579,-0.031122364103794098,0.93560165166854858,0.22843097150325775,-0.20399345457553864,-0.080462560057640076,0.86619424819946289,0.24882170557975769,-0.30083829164505005,-0.0071508046239614487,1.0744489431381226,0.065161570906639099,-0.19186863303184509,-0.03420141339302063,0.89605313539505005,0.078574210405349731,-0.18313761055469513,0.015793226659297943
0.87610995769500732,0.3430076539516449,-0.53215742111206055,-0.076917871832847595,0.91589993238449097,0.24617192149162292,-0.31054562330245972,-0.14037880301475525,0.89296716451644897,0.16866341233253479,-0.29252418875694275,-0.23078235983848572,0.89401018619537354,0.23356880247592926,-0.30077555775642395,-0.11544940620660782,0.94944155216217041,0.17221811413764954,-0.29641717672348022,-0.050046071410179138,0.84899979829788208,0.11401700973510742,-0.29529768228530884,-0.014928263612091541
0.86896193027496338,0.35588493943214417,-0.49088019132614136,-0.1676810085773468,0.8101421594619751,0.28252783417701721,-0.39380982518196106,-0.167769655585289,0.74230575561523438,0.22965130209922791,-0.59394001960754395,-0.18801793456077576,0.92293071746826172,0.19458305835723877,-0.24171723425388336,-0.14599639177322388,0.87910658121109009,0.20792251825332642,-0.43261817097663879,-0.093552008271217346,0.73988217115402222,0.040468029677867889,-0.3776153028011322,-0.040922071784734726
0.71742707490921021,0.41055089235305786,-0.79540801048278809,-0.15166491270065308,0.70261430740356445,0.34636011719703674,-0.59135639667510986,-0.2209329754114151,0.64765393733978271,0.27599716186523438,-0.65511959791183472,-0.23934809863567352,0.78872889280319214,0.287090003490448,-0.33335277438163757,-0.014520436525344849,0.86685824394226074,0.25631058216094971,-0.38213539123535156,-0.085023105144500732,0.73779904842376709,0.1177794486284256,-0.3344016969203949,0.068816661834716797
0.75871074199676514,0.36287727952003479,-0.8546522855758667,-0.23133052885532379,0.59125816822052002,0.31989023089408875,-0.76961493492126465,-0.42642280459403992,0.64911717176437378,0.1698128879070282,-0.31814390420913696,-0.76113063097000122,0.68826150894165039,0.29466345906257629,-0.57931393384933472,-0.18866801261901855,0.81155115365982056,0.28146898746490479,-0.46221193671226501,-0.12912793457508087,0.66477501392364502,0.072379238903522491,-0.5115363597869873,-0.3302772045135498
0.69228672981262207,0.51139795780181885,-0.72810113430023193,0.42456108331680298,0.45316410064697266,0.3025265634059906,-0.80219525098800659,-0.50490039587020874,0.4451066255569458,0.21723188459873199,-1.2373433113098145,-0.3304065465927124,0.69431918859481812,0.33744159340858459,-0.21209317445755005,-0.22459760308265686,0.64594489336013794,0.22611549496650696,-1.0459644794464111,-0.63707220554351807,0.57701385021209717,0.017321143299341202,-0.55840182304382324,-0.36089581251144409
0.59398746490478516,0.43031272292137146,-0.74019342660903931,-0.61476731300354004,0.39081665873527527,0.37033829092979431,-0.60314309597015381,-0.56117808818817139,0.44621223211288452,0.078368604183197021,-1.2577130794525146,-0.41160392761230469,0.59525531530380249,0.3732222318649292,-0.27677860856056213,-0.11273285746574402,0.60718166828155518,0.31316351890563965,-0.6104891300201416,0.055538177490234375,0.54589939117431641,0.12820205092430115,-0.44311568140983582,0.39280292391777039
0.485777348279953,0.45602098107337952,-0.76440775394439697,-0.69077771902084351,0.28345927596092224,0.36759573221206665,-0.8060879111289978,-0.38873547315597534,0.37787520885467529,0.1815846860408783,-0.85146892070770264,0.43812614679336548,0.49458333849906921,0.30369400978088379,-0.64208048582077026,-0.77875500917434692,0.5154833197593689,0.18089418113231659,-0.67016524076461792,-0.0064837932586669922,0.48521015048027039,0.10406006127595901,-0.52877962589263916,-0.25566196441650391
0.39086949825286865,0.52118438482284546,-0.76186650991439819,0.086938977241516113,0.27111828327178955,0.34817808866500854,-0.81281590461730957,-0.40847334265708923,0.20581896603107452,0.16053459048271179,-1.4134141206741333,-0.23878383636474609,0.48839664459228516,0.33576950430870056,-0.10405063629150391,-0.80894190073013306,0.3425213098526001,0.33215761184692383,-1.4748685359954834,0.87082958221435547,0.36805465817451477,0.084317661821842194,-0.56129181385040283,-0.29077109694480896
0.27363583445549011,0.4846825897693634,-0.86994516849517822,-0.45108336210250854,0.099555477499961853,0.36926460266113281,-1.3376832008361816,-0.50734567642211914,0.19150206446647644,0.12068533152341843,-1.4133143424987793,-0.32363837957382202,0.34436678886413574,0.35033521056175232,-0.13892170786857605,-0.30493456125259399,0.26911866664886475,0.22798819839954376,-0.79959440231323242,-0.69570720195770264,0.10816852748394012,0.046402551233768463,-2.094965934753418,-0.60739493370056152
0.090434983372688293,0.44749969244003296,-1.3835643529891968,-0.58525890111923218,-0.071553222835063934,0.28001832962036133,-1.2985938787460327,-0.91696441173553467,0.15687894821166992,0.040691222995519638,-0.49847030639648438,-0.79885417222976685,0.1445588618516922,0.2594788670539856,-1.4074347019195557,-0.40753406286239624,0.31798344850540161,0.24730125069618225,0.22272893786430359,-0.13917696475982666,0.075977601110935211,0.049154184758663177,-2.062523365020752,-0.71243298053741455
0.093101568520069122,0.37765377759933472,-0.14393682777881622,-0.73072457313537598,-0.23394547402858734,0.11091174930334091,-1.3824058771133423,-1.0110704898834229,0.16113685071468353,0.020072031766176224,-0.072993792593479156,-0.42397987842559814,0.12014660239219666,0.096279740333557129,-1.3442162275314331,-1.4728841781616211,0.1797269731760025,0.15158385038375854,0.19646403193473816,-0.15196359157562256,-0.065529473125934601,0.012801844626665115,-1.509509801864624,-0.54567420482635498
0.00014417245984077454,0.22691473364830017,-0.11601125448942184,-0.77109479904174805,-0.34893405437469482,0.05653965100646019,-1.3226693868637085,-0.63393688201904297,-0.018043994903564453,-0.040310259908437729,-1.303537130355835,-0.67898356914520264,0.15607178211212158,0.16576749086380005,0.06750953197479248,-1.4730204343795776,0.20498786866664886,0.18680781126022339,0.2799665629863739,0.18143290281295776,-0.095152892172336578,-0.18367990851402283,-0.52935302257537842,-1.5848731994628906
-0.14389406144618988,0.11545658856630325,-1.0133881568908691,-1.1003919839859009,-0.44878464937210083,-0.088629275560379028,-0.99508541822433472,-0.68876022100448608,-0.15519428253173828,-0.18010342121124268,-1.2598446607589722,-0.73554658889770508,0.034340560436248779,0.084483161568641663,0.10203228890895844,-1.0233886241912842,0.0068408101797103882,0.034488528966903687,-1.2636356353759766,-1.2173683643341064,-0.13257785141468048,-0.27028036117553711,-0.42301899194717407,-1.0276341438293457
-0.12922683358192444,0.076675385236740112,-0.08209509402513504,-0.53178995847702026,-0.40963950753211975,-0.018504798412322998,-0.97139567136764526,0.50670343637466431,-0.10438767075538635,-0.29579642415046692,0.12074871361255646,-0.98854517936706543,0.016816182062029839,-0.014001681469380856,-0.029763787984848022,-1.0293245315551758,0.089908517897129059,0.076768256723880768,0.29257971048355103,0.0032204389572143555,-0.16942377388477325,-0.2521967887878418,-0.3560212254524231,-1.0152395963668823
-0.33921819925308228,0.086613014340400696,-1.5255278348922729,-0.099702537059783936,-0.4920465350151062,-0.15218512713909149,-0.86324363946914673,0.46140953898429871,-0.33069905638694763,-0.25813394784927368,-1.729129433631897,-0.015905261039733887,-0.12660321593284607,-0.18468174338340759,0.04627658799290657,-1.5495181083679199,-0.13626110553741455,0.049112461507320404,0.28160563111305237,0.010073506273329258,-0.33565452694892883,-0.34248930215835571,-1.4228887557983398,-0.91629111766815186
-0.32690498232841492,-0.098923832178115845,-1.4771422147750854,-0.18360693752765656,-0.52113783359527588,-0.33212959766387939,-0.75385767221450806,-1.1228451728820801,-0.31194823980331421,-0.40328818559646606,-0.34105291962623596,-0.95505392551422119,-0.21183502674102783,-0.19554316997528076,-0.63001024723052979,-1.5574113130569458,-0.21041297912597656,-0.094540111720561981,-0.4418121874332428,-1.0976914167404175,-0.42766746878623962,-0.47556427121162415,-1.0969953536987305,-1.1325079202651978
-0.43759384751319885,-0.25385192036628723,-1.1432709693908691,-1.181182861328125,-0.59220010042190552,-0.4596458375453949,-0.75965672731399536,-1.1260523796081543,-0.44824326038360596,-0.43386811017990112,-0.26023823022842407,-0.92573469877243042,-0.27701857686042786,-0.19358642399311066,-0.59156584739685059,-0.27825927734375,-0.25457224249839783,-0.098959125578403473,-0.44949078559875488,-0.26209551095962524,-0.42936086654663086,-0.59100097417831421,-0.39795386791229248,-0.98427492380142212
-0.32874476909637451,-0.31600373983383179,0.45977899432182312,-0.57175880670547485,-0.46911066770553589,-0.4535592794418335,-0.6954801082611084,0.0037263631820678711,-0.4851607084274292,-0.64818036556243896,-0.40385884046554565,-1.7032523155212402,-0.23719212412834167,-0.39435231685638428,0.12595915794372559,-0.25294229388237,-0.404216468334198,-0.36472159624099731,-1.1401488780975342,-1.9820246696472168,-0.49693304300308228,-0.76297998428344727,-0.30359023809432983,-0.93883198499679565
-0.3033137321472168,-0.42152261734008789,0.2497621476650238,-0.77683925628662109,-0.46970474720001221,-0.52941626310348511,-0.31086152791976929,0.031164795160293579,-0.36235398054122925,-0.76120835542678833,0.64004188776016235,-1.0345644950866699,-0.2959626317024231,-0.48147684335708618,0.18162599205970764,-0.60840469598770142,-0.40334022045135498,-0.4295160174369812,-0.99405711889266968,-1.9899020195007324,-0.39857393503189087,-0.78261297941207886,0.44435113668441772,-0.099706292152404785
-0.3429361879825592,-0.59538751840591431,0.31716936826705933,-0.71742582321166992,-0.47298988699913025,-0.63493329286575317,-0.22949616611003876,-0.61113429069519043,-0.49116846919059753,-0.83651840686798096,-0.99951797723770142,-0.70189148187637329,-0.24071843922138214,-0.46126466989517212,0.32699757814407349,-0.54309761524200439,-0.39620727300643921,-0.50534266233444214,-0.25631719827651978,-0.85102581977844238,-0.30305495858192444,-0.81438589096069336,0.55977761745452881,-0.045380063354969025
-0.28251346945762634,-0.77540361881256104,0.39856112003326416,-1.3821954727172852,-0.42200013995170593,-0.7288551926612854,0.15205614268779755,-0.54011160135269165,-0.36171677708625793,-0.76355433464050293,-0.9092680811882019,-0.66357207298278809,-0.23567870259284973,-0.52966964244842529,0.37795922160148621,-0.51567679643630981,-0.41425463557243347,-0.59860610961914062,-0.32236644625663757,-0.75382423400878906,-0.26117044687271118,-0.97371387481689453,0.22781646251678467,-1.0182989835739136
-0.28763878345489502,-0.826987624168396,-0.16647756099700928,-0.60580527782440186,-0.45055091381072998,-0.69115817546844482,0.17864279448986053,0.37352102994918823,-0.39946338534355164,-0.82580667734146118,-0.73977893590927124,-0.48747611045837402,-0.17414793372154236,-0.50722402334213257,0.39355736970901489,-0.44226506352424622,-0.27146029472351074,-0.78346353769302368,0.83879870176315308,-1.3319950103759766,-0.19406799972057343,-0.98555320501327515,0.3031538724899292,-0.90325325727462769
-0.31647768616676331,-0.98433893918991089,-0.4785083532333374,-1.1903355121612549,-0.38411188125610352,-0.94455611705780029,0.29144856333732605,0.45356893539428711,-0.49209237098693848,-0.95880395174026489,-1.1008812189102173,-0.97040724754333496,-0.048147805035114288,-0.60518020391464233,0.4490317702293396,-0.73926782608032227,-0.26907438039779663,-0.87106829881668091,0.92695814371109009,-1.203635573387146,-0.15212762355804443,-1.1897530555725098,0.10660693049430847,-1.6633481979370117
-0.23369276523590088,-0.95807981491088867,-0.38468372821807861,-1.1082807779312134,-0.23406222462654114,-0.96675825119018555,0.32635298371315002,0.14273661375045776,-0.35133081674575806,-0.99795621633529663,0.4427400529384613,-0.28967124223709106,-0.091483436524868011,-0.79606890678405762,-0.42243397235870361,-0.69736343622207642,-0.35955336689949036,-0.84778881072998047,-0.83818262815475464,0.034761548042297363,-0.073535606265068054,-1.0830894708633423,0.16103734076023102,0.47366881370544434
-0.13469153642654419,-1.1543660163879395,0.41945430636405945,-1.6150088310241699,-0.08315054327249527,-0.96407490968704224,0.86805832386016846,0.28114607930183411,-0.37316799163818359,-0.97158050537109375,0.48951974511146545,-0.16605325043201447,-0.024948775768280029,-0.79916054010391235,-0.40140450000762939,-0.12622541189193726,-0.27517557144165039,-0.96751242876052856,0.14798617362976074,-0.68663680553436279,-0.077973462641239166,-1.1235486268997192,-0.37175729870796204,-0.10712552070617676
0.015769477933645248,-1.2758769989013672,0.86414092779159546,-1.1611213684082031,-0.044153593480587006,-0.97451883554458618,0.87250667810440063,0.10875773429870605,-0.26525169610977173,-1.1352722644805908,0.64995276927947998,-1.0941305160522461,-0.070984378457069397,-0.80718725919723511,-0.74148619174957275,-0.083067052066326141,-0.15205281972885132,-1.0160108804702759,0.62745708227157593,-0.35277438163757324,0.028964601457118988,-1.0963197946548462,-0.35631617903709412,-0.012590609490871429
0.020445704460144043,-1.1494364738464355,-0.23479558527469635,0.67799615859985352,0.010491341352462769,-0.92577970027923584,0.24195092916488647,0.21768930554389954,-0.14930753409862518,-1.0509660243988037,0.60121709108352661,0.51875323057174683,-0.044597003608942032,-0.98473310470581055,-0.66008055210113525,-1.3487341403961182,-0.13631364703178406,-1.1469752788543701,0.65629607439041138,-0.21777178347110748,0.10444416105747223,-1.0988949537277222,0.09195273369550705,0.026569075882434845
0.01021059975028038,-1.1307108402252197,-0.26909381151199341,0.7770388126373291,0.18167847394943237,-1.0424771308898926,0.2841486930847168,-0.78973335027694702,-0.23680154979228973,-1.0056675672531128,-0.88382214307785034,0.53502827882766724,0.14941376447677612,-1.0358827114105225,1.0327444076538086,-1.193756103515625,-0.014053302817046642,-1.05091392993927,0.6207878589630127,0.85030204057693481,0.30678537487983704,-0.99502235651016235,1.065543532371521,0.8446117639541626
0.10994037240743637,-1.2235482931137085,0.31455734372138977,-0.49510174989700317,0.25709989666938782,-0.96726548671722412,0.27506643533706665,-0.66785615682601929,-0.073553115129470825,-1.0952903032302856,-0.88124179840087891,0.58830893039703369,0.085342779755592346,-0.90461635589599609,0.97982919216156006,0.78519821166992188,0.045115415006875992,-1.0224102735519409,0.19437900185585022,0.50412076711654663,0.29378095269203186,-1.1167314052581787,-0.15578910708427429,-0.73864442110061646
0.30666324496269226,-1.0543793439865112,1.0203050374984741,1.1894243955612183,0.31237077713012695,-1.0657106637954712,0.30023401975631714,-0.94054746627807617,-0.055058106780052185,-1.1572785377502441,-0.44428128004074097,-0.30029153823852539,0.15987792611122131,-1.0030965805053711,0.40514552593231201,0.89342248439788818,0.097786404192447662,-1.0813194513320923,0.079783007502555847,-0.25827884674072266,0.43910524249076843,-1.0001022815704346,-0.14746376872062683,-0.63011616468429565
0.26269537210464478,-1.0632423162460327,-0.46203282475471497,0.16889190673828125,0.32934427261352539,-0.9704546332359314,-0.17793062329292297,-0.83779722452163696,0.11382676661014557,-0.99324959516525269,0.64717197418212891,1.2399446964263916,0.20498746633529663,-0.91346555948257446,0.34754517674446106,0.90156817436218262,0.1802978515625,-1.0173639059066772,0.082351423799991608,-0.14456997811794281,0.43151119351387024,-0.93557941913604736,-0.51012289524078369,0.22976118326187134
0.31280422210693359,-0.96221262216567993,-0.49382239580154419,0.25118693709373474,0.27161142230033875,-0.85664933919906616,-0.23534643650054932,0.59957200288772583,0.17260725796222687,-0.97987604141235352,0.21450124680995941,0.44562393426895142,0.25936928391456604,-0.87102293968200684,0.091895818710327148,0.99516516923904419,0.38065701723098755,-1.0374038219451904,1.1962625980377197,-0.14550657570362091,0.57860255241394043,-0.88166701793670654,0.56639969348907471,0.37973073124885559
0.44533059000968933,-0.90287661552429199,0.52554702758789062,0.47376462817192078,0.22551557421684265,-0.81305265426635742,-0.77784395217895508,0.6454276442527771,0.12634056806564331,-0.90537345409393311,0.17374312877655029,0.55150198936462402,0.37962538003921509,-0.8872339129447937,0.067367322742938995,0.052084445953369141,0.45051789283752441,-1.0561718940734863,0.44424796104431152,-0.23439092934131622,0.58728706836700439,-0.71047013998031616,-0.1969112753868103,1.1869689226150513
0.66470891237258911,-0.77966570854187012,1.3493900299072266,0.98474013805389404,0.28528189659118652,-0.68488764762878418,-0.84582269191741943,1.0472648143768311,0.23277047276496887,-0.79036301374435425,0.46477726101875305,1.0401766300201416,0.3207554817199707,-0.9717024564743042,-0.79737269878387451,0.10261072218418121,0.46242231130599976,-1.0752501487731934,-0.18590974807739258,-0.31596529483795166,0.68063318729400635,-0.48245576024055481,-0.31344085931777954,1.2408275604248047
0.65435612201690674,-0.67076563835144043,-0.083723507821559906,0.85608756542205811,0.30697768926620483,-0.76347166299819946,-0.35340875387191772,1.0955766439437866,0.13748407363891602,-0.69016104936599731,-0.92052239179611206,0.92133009433746338,0.36780306696891785,-0.75154167413711548,-0.90172553062438965,1.6011444330215454,0.40406724810600281,-0.88672113418579102,-0.21528066694736481,-0.21571677923202515,0.62055289745330811,-0.45468813180923462,-0.76876503229141235,0.20394814014434814
0.59149932861328125,-0.59365725517272949,-0.19121059775352478,0.9136662483215332,0.29481062293052673,-0.72811686992645264,-0.40020868182182312,0.42455261945724487,0.2479090690612793,-0.56784194707870483,0.25800296664237976,1.1405279636383057,0.4609660804271698,-0.68614333868026733,0.12499332427978516,1.6784018278121948,0.48991608619689941,-0.68089866638183594,0.19255827367305756,1.4694124460220337,0.67285215854644775,-0.32224863767623901,-0.056499365717172623,0.82391571998596191
0.62622177600860596,-0.50551187992095947,-0.061055973172187805,0.68427276611328125,0.27444556355476379,-0.55071723461151123,-0.56122374534606934,0.469166100025177,0.16769805550575256,-0.43591877818107605,0.17488609254360199,1.2030359506607056,0.49265536665916443,-0.67176663875579834,0.06401757150888443,0.35660159587860107,0.49170681834220886,-0.68312060832977295,-0.21895790100097656,0.21893441677093506,0.6077086329460144,-0.057217314839363098,-0.74143761396408081,1.9012095928192139
0.66169553995132446,-0.35928669571876526,-0.024353545159101486,1.0534486770629883,0.17142492532730103,-0.50256365537643433,-0.60241997241973877,0.37184858322143555,0.18882662057876587,-0.37023499608039856,-0.01013382151722908,0.72688436508178711,0.48636636137962341,-0.53207933902740479,-0.33352196216583252,0.40821900963783264,0.42738297581672668,-0.6255144476890564,-0.81798344850540161,0.299439936876297,0.54443657398223877,0.047483004629611969,-0.89213556051254272,1.8582133054733276
0.62138885259628296,-0.36833304166793823,-0.46637779474258423,-0.033866405487060547,0.22656042873859406,-0.33859249949455261,0.067393660545349121,0.42494368553161621,0.33027821779251099,-0.25595834851264954,0.84065538644790649,1.0235555171966553,0.47953632473945618,-0.4996875524520874,-0.38658463954925537,0.1665976345539093,0.47700902819633484,-0.42734485864639282,-0.87051606178283691,0.31944733858108521,0.42663919925689697,0.22925026714801788,-1.2001224756240845,1.5471309423446655
0.43739742040634155,-0.31669652462005615,-0.5239264965057373,-0.020014997571706772,0.27374497056007385,-0.22099509835243225,-0.00051494874060153961,0.93311607837677002,0.34078890085220337,-0.17263247072696686,0.14746741950511932,0.78199517726898193,0.54108726978302002,-0.44302693009376526,0.16072756052017212,0.22638566792011261,0.36204612255096436,-0.41256767511367798,-1.273318886756897,-0.042241096496582031,0.45445758104324341,0.27650415897369385,-0.080571651458740234,0.58271092176437378
0.35383898019790649,-0.08351445198059082,-0.99230366945266724,1.6242735385894775,0.080193996429443359,-0.067350156605243683,-1.6301925182342529,0.87151575088500977,0.096031814813613892,-0.070219971239566803,0.073581114411354065,0.80171936750411987,0.40525370836257935,-0.33418917655944824,0.072653993964195251,0.7110130786895752,0.29371792078018188,-0.21509572863578796,-1.0675922632217407,1.2767202854156494,0.40019604563713074,0.34918445348739624,-0.36933529376983643,0.48912373185157776
0.34163999557495117,0.085985474288463593,-0.47541007399559021,1.523478627204895,-0.012802794575691223,-0.002162199467420578,-1.6612693071365356,0.58941137790679932,0.10640435665845871,-0.041899546980857849,0.046957165002822876,0.36059656739234924,0.52860629558563232,-0.20794163644313812,0.7788817286491394,0.78277558088302612,0.28357937932014465,-0.11526434868574142,-0.49424499273300171,0.94829654693603516,0.29838579893112183,0.5164949893951416,-0.43137764930725098,0.43279054760932922
0.23483063280582428,0.054102316498756409,-0.89637494087219238,-0.0092502832412719727,-0.12937682867050171,0.086693800985813141,-1.3001807928085327,0.52229446172714233,-0.10799422860145569,0.080461129546165466,-1.6256989240646362,0.87519097328186035,0.39735215902328491,-0.11729434877634048,0.68808180093765259,0.72069716453552246,0.25399795174598694,-0.0067190034314990044,-0.56668198108673096,0.92933535575866699,0.062915250658988953,0.56409204006195068,-1.7675948143005371,0.23523487150669098
0.068328358232975006,0.16239213943481445,-0.91381263732910156,-0.059179510921239853,-0.12003286182880402,0.093478381633758545,-1.29034423828125,0.15053755044937134,-0.27848002314567566,0.27417519688606262,-1.7230554819107056,1.6009342670440674,0.40617713332176208,0.030944231897592545,0.12222665548324585,0.73783427476882935,0.16792348027229309,0.14137208461761475,-0.87190926074981689,1.2176835536956787,-0.008250504732131958,0.68262678384780884,-0.82833266258239746,0.83688449859619141
0.059499926865100861,0.22865572571754456,-0.22634068131446838,0.46173307299613953,-0.18120467662811279,0.023811124265193939,-0.72716706991195679,0.1036369800567627,-0.29990482330322266,0.18399110436439514,-1.7640854120254517,1.4778538942337036,0.30597370862960815,0.18797965347766876,0.019871378317475319,1.2214866876602173,0.11568409949541092,0.051721811294555664,-0.54866665601730347,-0.4339447021484375,-0.18221862614154816,0.75741028785705566,-1.2821366786956787,0.67011016607284546
-0.092746555805206299,0.33573904633522034,-1.1384278535842896,0.81619918346405029,-0.16353145241737366,0.15913641452789307,-0.76116609573364258,1.093522310256958,-0.42084529995918274,0.35793519020080566,-1.3217713832855225,1.7177140712738037,0.11910827457904816,0.17792749404907227,-1.4342519044876099,1.1278761625289917,0.044395305216312408,0.1672704666852951,-0.68784219026565552,0.65717136859893799,-0.32047456502914429,0.76407146453857422,-1.2892502546310425,0.52643311023712158
-0.20928856730461121,0.46855369210243225,-1.0854942798614502,1.1504156589508057,-0.35208854079246521,0.068549975752830505,-1.6042723655700684,0.99241733551025391,-0.46824631094932556,0.36418807506561279,-0.57304257154464722,0.60000121593475342,0.024209722876548767,0.27424833178520203,-1.4851438999176025,0.86844444274902344,-0.19226758182048798,0.35250627994537354,-0.72067683935165405,0.60214316844940186,-0.40881365537643433,0.71612602472305298,-0.64431995153427124,-0.21295613050460815
-0.30966556072235107,0.41253659129142761,-1.1150118112564087,1.0424104928970337,-0.44295987486839294,0.24375773966312408,-1.6444743871688843,1.6200852394104004,-0.70208299160003662,0.26639920473098755,-1.6870408058166504,-0.49751126766204834,-0.068912871181964874,0.34114652872085571,-0.99069255590438843,0.78831475973129272,-0.16656076908111572,0.37627151608467102,0.1763041615486145,0.37866660952568054,-0.61739087104797363,0.53267240524291992,-1.3516389131546021,-1.3615158796310425
-0.43352088332176208,0.54973125457763672,-1.1000927686691284,1.3404221534729004,-0.42320829629898071,0.27118188142776489,-0.18536031246185303,1.5781540870666504,-0.69013404846191406,0.27403175830841064,-1.581579327583313,-0.60494756698608398,-0.30279511213302612,0.34170907735824585,-0.9889112114906311,0.14209002256393433,-0.31243115663528442,0.44302117824554443,-0.90892159938812256,0.58325421810150146,-0.81213527917861938,0.58085352182388306,-1.5647543668746948,0.11409556865692139
-0.46756261587142944,0.51862406730651855,-0.32875761389732361,0.2332073450088501,-0.63008129596710205,0.35690081119537354,-0.20141364634037018,1.1532543897628784,-0.81678986549377441,0.38388475775718689,-1.2337747812271118,0.92482846975326538,-0.33224323391914368,0.41900262236595154,-0.31081205606460571,0.090318545699119568,-0.57454240322113037,0.44012519717216492,-1.9935190677642822,0.11990416049957275,-0.93771499395370483,0.39539393782615662,-1.4794648885726929,-0.02251579612493515
-0.62541931867599487,0.42512422800064087,-1.0071109533309937,-0.53635537624359131,-0.63523167371749878,0.29871070384979248,0.026576593518257141,1.1114251613616943,-0.86073023080825806,0.33564084768295288,-0.47061926126480103,0.13825064897537231,-0.41238623857498169,0.53701949119567871,-0.32933434844017029,1.015413761138916,-0.70980894565582275,0.38678333163261414,-1.9296060800552368,-0.023992978036403656,-1.2254023551940918,0.42736849188804626,-2.3940532207489014,0.46763861179351807
-0.70050692558288574,0.48626956343650818,-0.91162079572677612,-0.62560927867889404,-0.75916749238967896,0.29204186797142029,0.067053630948066711,0.42867964506149292,-0.96815258264541626,0.26272907853126526,-0.73268282413482666,-0.2443888932466507,-0.60429364442825317,0.4166606068611145,-1.3711106777191162,0.88723534345626831,-0.69262838363647461,0.38647490739822388,-0.099467769265174866,0.24132800102233887,-1.3116596937179565,0.15128752589225769,-0.96413177251815796,-1.5336856842041016
-0.82314956188201904,0.39364433288574219,-0.89916682243347168,-0.65915006399154663,-0.80854952335357666,0.16998197138309479,-0.23397065699100494,0.38236388564109802,-0.97240638732910156,0.24189801514148712,-0.61914879083633423,-0.30557525157928467,-0.8853069543838501,0.47860193252563477,-1.3485121726989746,0.81685996055603027,-0.68993949890136719,0.4838138222694397,0.11968971788883209,1.0119680166244507,-1.3120309114456177,0.17373007535934448,-0.13998299837112427,0.22222709655761719
-0.75583487749099731,0.32782900333404541,0.46231734752655029,-0.35789674520492554,-0.7292436957359314,0.29801148176193237,-0.2209945023059845,1.3569440841674805,-1.1568853855133057,0.14873471856117249,-1.4108697175979614,-0.50410914421081543,-0.91375136375427246,0.42415726184844971,-0.33548074960708618,0.74472445249557495,-0.83294016122817993,0.41946110129356384,-0.80680322647094727,-0.026633918285369873,-1.4030662775039673,0.002125173807144165,-0.018958989530801773,0.19650804996490479
-0.82035982608795166,0.21473401784896851,-0.16050951182842255,-0.67811262607574463,-0.86957216262817383,0.35989829897880554,-1.0424649715423584,1.2662487030029297,-1.1523004770278931,0.15255968272686005,-0.23488122224807739,0.29237127304077148,-0.97171425819396973,0.32739326357841492,-0.23176507651805878,-0.26393109560012817,-1.0296393632888794,0.41838595271110535,-0.71715754270553589,-0.10853631794452667,-1.3497171401977539,-0.15629355609416962,0.5190996527671814,-0.63552975654602051
-0.90443754196166992,0.21304428577423096,-0.043750923126935959,-0.70334285497665405,-0.98106521368026733,0.33570805191993713,-0.97154092788696289,0.36236917972564697,-1.2873604297637939,0.047974839806556702,-0.92015600204467773,-0.33130645751953125,-1.1511296033859253,0.19604501128196716,-1.2403347492218018,-0.36261376738548279,-1.015408992767334,0.26066821813583374,0.21784171462059021,-0.87471580505371094,-1.3697482347488403,-0.26853743195533752,0.030966266989707947,-0.49462157487869263
-1.0366089344024658,0.091631688177585602,-0.8780863881111145,-0.80795329809188843,-0.92589205503463745,0.22206753492355347,0.36455279588699341,0.34077566862106323,-1.2956757545471191,0.078029945492744446,-0.76921063661575317,-0.37979882955551147,-1.2133370637893677,0.13219666481018066,-1.1113169193267822,-0.20470596849918365,-1.1036102771759033,0.10498498380184174,-0.38911846280097961,-1.0401482582092285,-1.313255786895752,-0.30280619859695435,0.39342266321182251,0.14705342054367065
-0.98951411247253418,0.035767920315265656,0.21659274399280548,-0.24298661947250366,-0.95931136608123779,0.14791281521320343,0.4612697958946228,-0.13195762038230896,-1.2214487791061401,-0.10035829246044159,0.56437742710113525,-0.95702755451202393,-1.3041683435440063,0.10891151428222656,-0.82468640804290771,-0.26449999213218689,-1.0737971067428589,0.12069691717624664,0.20289105176925659,0.24627828598022461,-1.4382646083831787,-0.42229735851287842,0.5149838924407959,0.19598262012004852
-1.0507786273956299,-0.11314938217401505,-0.28637036681175232,-0.81765604019165039,-1.0098600387573242,0.25081273913383484,-0.17030042409896851,-0.15957774221897125,-1.1238647699356079,-0.24520613253116608,0.93553066253662109,-0.82218796014785767,-1.4031153917312622,-0.040614016354084015,-0.65388423204421997,-0.7562483549118042,-1.1747450828552246,-0.045316077768802643,0.29675915837287903,0.24276377260684967,-1.397235631942749,-0.72059929370880127,0.42682036757469177,-1.7031364440917969
-1.0085774660110474,-0.10954007506370544,-0.13884615898132324,-0.81548744440078735,-0.92375177145004272,0.088216066360473633,-0.023897048085927963,-0.91993552446365356,-1.1608717441558838,-0.28064912557601929,-0.052285827696323395,-0.059344589710235596,-1.3626484870910645,-0.1372874528169632,0.25772958993911743,-0.74348098039627075,-1.0756987333297729,-0.039961367845535278,0.85319638252258301,0.59106016159057617,-1.2137830257415771,-0.84993994235992432,1.3141776323318481,-0.7882874608039856
-1.0950582027435303,-0.2767118513584137,-0.64274895191192627,-1.1224740743637085,-0.97886258363723755,-0.025320518761873245,-0.30064207315444946,-0.94498157501220703,-1.1230878829956055,-0.32258149981498718,0.067078344523906708,-0.033510070294141769,-1.3459162712097168,-0.23664769530296326,0.41327524185180664,-0.39084067940711975,-1.1178126335144043,-0.02489669993519783,-0.073763713240623474,0.6513141393661499,-1.0790644884109497,-0.91281658411026001,1.099312424659729,-0.12933975458145142
-0.96623903512954712,-0.46549409627914429,0.79810678958892822,-1.2308138608932495,-0.9761962890625,0.0058615356683731079,-0.22077420353889465,0.38508373498916626,-1.0171771049499512,-0.41470909118652344,0.79073405265808105,-0.24143156409263611,-1.4460651874542236,-0.37459090352058411,-0.67542153596878052,-0.40624767541885376,-1.1031481027603149,-0.18848447501659393,0.17114369571208954,-0.6195264458656311,-1.1406881809234619,-0.99183106422424316,1.2068010568618774,0.017416507005691528
-0.83863651752471924,-0.46853867173194885,1.0269047021865845,0.081225156784057617,-0.86614835262298584,-0.084798336029052734,0.82839667797088623,0.41962572932243347,-0.88700789213180542,-0.45765769481658936,1.0655044317245483,0.063417434692382812,-1.3190593719482422,-0.42490419745445251,-0.52939891815185547,0.059673547744750977,-1.0487799644470215,-0.11929896473884583,0.31120109558105469,-0.588306725025177,-1.006069540977478,-1.057559609413147,0.98636895418167114,0.027327224612236023
-0.79755127429962158,-0.46834170818328857,1.1003303527832031,0.17864076793193817,-0.93466830253601074,0.091313615441322327,0.82113897800445557,1.8224132061004639,-0.87088286876678467,-0.51527231931686401,0.28224378824234009,-0.048221662640571594,-1.3690279722213745,-0.45121565461158752,-0.59955513477325439,0.065337076783180237,-1.0572799444198608,-0.21119636297225952,0.028325201943516731,-0.43398714065551758,-0.86661440134048462,-1.1773002147674561,0.97634327411651611,-0.40316778421401978
-0.75027424097061157,-0.67396175861358643,0.52480286359786987,-1.2188887596130371,-0.87998050451278687,0.066244304180145264,0.59858465194702148,1.8317384719848633,-0.83567678928375244,-0.40771123766899109,0.36997145414352417,0.01764199510216713,-1.2003577947616577,-0.48715823888778687,-0.47091749310493469,0.25512629747390747,-1.1240192651748657,-0.36023899912834167,-0.45900642871856689,-0.83858299255371094,-0.67258727550506592,-1.11827552318573,1.2653164863586426,0.76822245121002197
-0.62557381391525269,-0.65758359432220459,0.84349662065505981,0.14919042587280273,-0.90914130210876465,0.11310089379549026,0.6271396279335022,1.1364800930023193,-0.72869759798049927,-0.39703240990638733,0.78003543615341187,0.4694821834564209,-1.1409215927124023,-0.55731266736984253,0.21345469355583191,0.30756217241287231,-0.89553767442703247,-0.41982501745223999,1.4986495971679688,-0.15720564126968384,-0.51536023616790771,-1.1091806888580322,1.2864874601364136,0.93818724155426025
-0.57907170057296753,-0.74466824531555176,0.37498599290847778,-0.32125404477119446,-0.74734044075012207,-0.055216878652572632,1.4175841808319092,1.1873056888580322,-0.54325622320175171,-0.2563345730304718,1.3866826295852661,1.5089361667633057,-0.97720789909362793,-0.59297960996627808,0.31597384810447693,0.27103513479232788,-0.87410223484039307,-0.31851553916931152,1.5866830348968506,-0.039715901017189026,-0.31345546245574951,-1.1232469081878662,1.4348551034927368,0.41482800245285034
-0.41242983937263489,-0.84460097551345825,0.44653254747390747,-0.22613747417926788,-0.79214847087860107,0.027365433052182198,1.4241824150085449,1.2610881328582764,-0.46556204557418823,-0.22313679754734039,0.82577687501907349,0.88917744159698486,-0.91048306226730347,-0.5611339807510376,0.3947921097278595,0.34418472647666931,-0.84626519680023193,-0.3084900975227356,0.45325523614883423,0.44613665342330933,-0.12447240948677063,-1.1210941076278687,1.3577467203140259,0.36638283729553223
-0.36211532354354858,-0.79924511909484863,0.15893317759037018,0.51833617687225342,-0.7757565975189209,0.064776167273521423,0.43741524219512939,1.271557092666626,-0.26999577879905701,-0.25842654705047607,0.82296890020370483,0.94701641798019409,-0.70346999168395996,-0.65163856744766235,0.49818673729896545,-0.22013229131698608,-0.73867416381835938,-0.38809213042259216,0.84855622053146362,-0.10328161716461182,0.1027153804898262,-0.91707277297973633,1.5381962060928345,1.7780959606170654
-0.05484066903591156,-0.64875847101211548,1.9529660940170288,1.5118107795715332,-0.54481595754623413,-0.10979321599006653,0.54991275072097778,-0.7370445728302002,-0.23897726833820343,-0.21200145781040192,0.29667770862579346,0.69658881425857544,-0.70705366134643555,-0.65658712387084961,-0.11563783884048462,-0.16345158219337463,-0.63462567329406738,-0.41602990031242371,0.88160723447799683,0.099147282540798187,0.2131645679473877,-0.92996722459793091,1.4299155473709106,1.935218334197998
-0.013864338397979736,-0.60672521591186523,0.54093837738037109,0.78578358888626099,-0.5638960599899292,-0.061726585030555725,0.0013518333435058594,-0.72596561908721924,-0.0041130334138870239,-0.10416541993618011,1.6802325248718262,1.1557508707046509,-0.59762722253799438,-0.79708385467529297,-0.00034450367093086243,-0.81670928001403809,-0.53676921129226685,-0.50821465253829956,0.93464595079421997,0.18397471308708191,0.28333520889282227,-0.73160016536712646,0.38599330186843872,1.9506838321685791
0.10886591672897339,-0.61601608991622925,0.49987733364105225,0.86846071481704712,-0.46836462616920471,-0.065003179013729095,0.056600023061037064,0.0288810133934021,0.0063259154558181763,-0.050959959626197815,0.44202974438667297,0.72217971086502075,-0.56316953897476196,-0.7485383152961731,0.031974002718925476,-0.73533499240875244,-0.35201209783554077,-0.47709012031555176,1.4499276876449585,0.58858209848403931,0.37940314412117004,-0.54024296998977661,0.43371656537055969,1.8755756616592407
0.25542113184928894,-0.48423337936401367,0.95031726360321045,1.2550451755523682,-0.45915982127189636,-0.030268620699644089,0.081651061773300171,0.037015430629253387,0.034068964421749115,0.054629895836114883,0.40272894501686096,0.74475789070129395,-0.26227107644081116,-0.6779787540435791,0.060372129082679749,0.63037377595901489,-0.31862461566925049,-0.41714996099472046,0.43440020084381104,0.7686537504196167,0.50422447919845581,-0.52449536323547363,0.78859478235244751,0.53748011589050293
0.37166249752044678,-0.44899499416351318,0.88589680194854736,0.5666048526763916,-0.34321326017379761,0.040019813925027847,0.090956255793571472,0.72852587699890137,0.20129455626010895,0.11991966515779495,1.3809690475463867,0.72304320335388184,-0.1672697514295578,-0.65813696384429932,0.46624022722244263,0.71783149242401123,-0.10047291219234467,-0.42017173767089844,1.5642460584640503,0.39427974820137024,0.76074796915054321,-0.36884185671806335,0.70652979612350464,0.6257973313331604
0.37924939393997192,-0.25256961584091187,0.030822049826383591,1.4837934970855713,-0.2697012722492218,0.058634400367736816,0.58159106969833374,0.74918371438980103,0.18065987527370453,0.27298495173454285,0.18097822368144989,1.2430973052978516,-0.044549476355314255,-0.64764392375946045,0.46627771854400635,0.3644561767578125,-0.059842422604560852,-0.28787082433700562,1.5449390411376953,0.51162993907928467,0.72868078947067261,-0.057707920670509338,-0.39762568473815918,2.2804388999938965
0.56238335371017456,-0.0036838054656982422,-0.08108384907245636,1.5013377666473389,-0.24491620063781738,0.08956589549779892,0.57927954196929932,0.53578710556030273,0.27049854397773743,0.32506000995635986,0.76301312446594238,0.66567832231521606,0.032506898045539856,-0.42895287275314331,0.43392586708068848,0.44934806227684021,0.061927221715450287,-0.20738956332206726,1.1326255798339844,0.83431953191757202,0.90641456842422485,0.20644241571426392,1.0231012105941772,2.328920841217041
0.54797446727752686,0.13819923996925354,-0.22060877084732056,1.2033600807189941,-0.021166801452636719,0.10675963014364243,1.868283748626709,0.6170918345451355,0.32455271482467651,0.49755609035491943,0.69810479879379272,0.66696906089782715,0.30457952618598938,-0.24907426536083221,0.35545986890792847,1.5134966373443604,0.10604937374591827,-0.12139038741588593,0.49975317716598511,0.86401098966598511,0.91520071029663086,0.34075453877449036,0.29340830445289612,1.2721872329711914
0.58454376459121704,0.2989630401134491,0.16547036170959473,1.2990787029266357,-0.0016747415065765381,0.1721329391002655,1.8260047435760498,0.73677462339401245,0.32869189977645874,0.52239811420440674,0.34498503804206848,0.20266643166542053,0.28059551119804382,-0.10203689336776733,-0.28971168398857117,1.5197663307189941,0.32188403606414795,0.042221873998641968,1.5937514305114746,1.4764692783355713,0.8292917013168335,0.60928332805633545,0.13679426908493042,1.2447758913040161
0.63740187883377075,0.28457832336425781,0.50630784034729004,0.031852483749389648,-0.041251987218856812,0.24914562702178955,0.13904809951782227,0.72375380992889404,0.43827927112579346,0.70203828811645508,1.0011286735534668,1.2749103307723999,0.35616901516914368,-0.0029314681887626648,-0.36564183235168457,0.98848420381546021,0.34028655290603638,0.187405064702034,1.4782075881958008,1.5423042774200439,0.73166877031326294,0.71449416875839233,-0.58051085472106934,0.70909261703491211
0.78708279132843018,0.42611441016197205,0.43782880902290344,0.028374815359711647,0.041347507387399673,0.16738645732402802,0.16411179304122925,-0.45373433828353882,0.29339364171028137,0.8700295090675354,-0.64131712913513184,1.3396948575973511,0.40742379426956177,0.11864496022462845,0.24158132076263428,0.99894946813583374,0.51002860069274902,0.20841291546821594,1.6778895854949951,0.43394374847412109,0.75065821409225464,1.0153193473815918,0.099575936794281006,2.096529483795166
0.7777060866355896,0.51767891645431519,0.1225755587220192,0.40583381056785583,0.147223100066185,0.28727632761001587,0.93379884958267212,-0.42183911800384521,0.283333420753479,0.91952496767044067,-0.73328334093093872,1.212451696395874,0.49948984384536743,0.31947770714759827,0.11839586496353149,1.6175556182861328,0.46206018328666687,0.35870650410652161,0.084256090223789215,1.0261270999908447,0.6795579195022583,1.0999035835266113,-0.21293912827968597,0.83292782306671143
0.68155604600906372,0.73337364196777344,-0.59694033861160278,1.3514776229858398,0.29194778203964233,0.24107390642166138,0.93790286779403687,-0.47477409243583679,0.21859905123710632,1.0722283124923706,-0.38719156384468079,1.2793271541595459,0.46001544594764709,0.4360312819480896,-0.26066863536834717,1.5690094232559204,0.54499202966690063,0.39865535497665405,0.71536576747894287,0.41138243675231934,0.52410918474197388,1.3390785455703735,-0.32098948955535889,0.70715808868408203
0.58993232250213623,0.79296404123306274,-0.62565988302230835,0.47417604923248291,0.28885331749916077,0.33272835612297058,0.2890479564666748,-0.48117923736572266,0.25157648324966431,1.1423063278198242,0.47759723663330078,0.73699533939361572,0.50528275966644287,0.45462349057197571,-0.32222780585289001,0.28678452968597412,0.57961875200271606,0.51716983318328857,0.63595110177993774,0.40452864766120911,0.46743494272232056,1.4231808185577393,-0.050274554640054703,0.5366901159286499
0.62730234861373901,1.0358753204345703,-0.70433533191680908,0.36081105470657349,0.40813785791397095,0.369193434715271,0.25453376770019531,0.05759313702583313,0.15884003043174744,1.1080176830291748,-0.14777083694934845,-0.21962201595306396,0.43048897385597229,0.639870285987854,-0.51402068138122559,0.21705496311187744,0.62183177471160889,0.54658842086791992,0.63050657510757446,0.098145097494125366,0.24942237138748169,1.4708993434906006,-1.1356350183486938,0.18869608640670776
0.62532275915145874,1.095557689666748,0.18986606597900391,0.25956618785858154,0.25593149662017822,0.53124845027923584,-0.99347937107086182,-0.027214765548706055,0.14699646830558777,1.2515084743499756,-0.15181230008602142,-0.33640396595001221,0.41355699300765991,0.75863707065582275,-0.59523910284042358,0.73720884323120117,0.74320328235626221,0.68385839462280273,1.17716383934021,0.83853268623352051,0.20397627353668213,1.5996390581130981,-0.15473824739456177,0.81827795505523682
0.43609338998794556,1.2225910425186157,-1.0117319822311401,0.66518092155456543,0.24217134714126587,0.62109893560409546,-1.0434564352035522,0.50844687223434448,-0.055061876773834229,1.2643637657165527,-1.1360900402069092,-0.14757564663887024,0.31182184815406799,0.81737494468688965,-0.68418210744857788,0.62641805410385132,0.70863354206085205,0.88468742370605469,0.1895240843296051,1.3997559547424316,-0.041563577950000763,1.6664223670959473,-0.214864581823349,0.64552021026611328
0.26267415285110474,1.3343403339385986,-1.1575632095336914,0.71376955509185791,0.3193601667881012,0.5645371675491333,0.55497181415557861,0.47341769933700562,-0.16236467659473419,1.1715477705001831,-0.58754062652587891,-0.79806119203567505,0.29347243905067444,0.87254005670547485,-0.73538368940353394,0.369484543800354,0.63374501466751099,0.94129276275634766,0.047870069742202759,1.3119902610778809,-0.18605977296829224,1.7333099842071533,-0.563606858253479,0.56412512063980103
0.16924473643302917,1.2798030376434326,-1.2121134996414185,0.51832246780395508,0.28074285387992859,0.65452456474304199,0.48440805077552795,0.67395395040512085,-0.28390726447105408,1.2057005167007446,-0.61603325605392456,0.0068895220756530762,0.30758404731750488,1.0305697917938232,0.24095022678375244,0.29437389969825745,0.68376284837722778,0.94498109817504883,0.73063796758651733,0.050321221351623535,-0.45066440105438232,1.6844837665557861,-1.4402289390563965,-0.30945590138435364
-0.029395870864391327,1.3885537385940552,-1.3690786361694336,0.76409536600112915,0.21083904802799225,0.74488765001296997,-0.22506028413772583,0.59612178802490234,-0.32110843062400818,1.1184262037277222,-0.58414661884307861,-0.14435873925685883,0.15652516484260559,1.2762889862060547,0.11441610753536224,1.7928409576416016,0.63253593444824219,1.0143358707427979,0.1073034256696701,0.2301347404718399,-0.52740383148193359,1.6821683645248413,-0.30632159113883972,-0.041953086853027344
-0.10435952246189117,1.3447080850601196,-0.39767959713935852,-0.20594096183776855,0.31992140412330627,0.89848220348358154,-0.30822831392288208,1.1829904317855835,-0.34736236929893494,1.0694214105606079,0.13505010306835175,-0.34181863069534302,0.092070832848548889,1.1875846385955811,-0.078966684639453888,1.6553339958190918,0.59572809934616089,1.1915962696075439,0.034760121256113052,1.0818716287612915,-0.80011707544326782,1.535398006439209,-0.24958617985248566,-0.22514185309410095
-0.12923406064510345,1.1115893125534058,0.29329115152359009,-1.7880592346191406,0.096966192126274109,0.83318006992340088,-1.5131837129592896,1.0145937204360962,-0.495770663022995,1.1834182739257812,-0.68888163566589355,0.77938759326934814,0.051762890070676804,1.3257858753204346,-0.16059014201164246,1.3342673778533936,0.43661960959434509,1.1574698686599731,-0.078830644488334656,0.95769941806793213,-0.98192751407623291,1.4980202913284302,-0.83972340822219849,-0.15308120846748352
-0.30064982175827026,1.1690943241119385,0.39330706000328064,-1.8734914064407349,0.087585195899009705,0.91679871082305908,-1.5571991205215454,0.71565079689025879,-0.67854470014572144,1.1541399955749512,-1.0723947286605835,0.049255251884460449,0.027111746370792389,1.4284536838531494,0.21130219101905823,1.2075284719467163,0.31040650606155396,1.2236554622650146,-0.60691255331039429,0.46410027146339417,-0.98747050762176514,1.3549141883850098,0.37147891521453857,-0.79963499307632446
-0.33619198203086853,1.0705884695053101,0.32485437393188477,-1.0966334342956543,0.0069293901324272156,0.91201382875442505,-0.66189426183700562,0.58860862255096436,-0.68719244003295898,0.88431167602539062,-1.000307559967041,-0.11979574710130692,-0.19211605191230774,1.4474272727966309,0.18340301513671875,0.34469246864318848,0.21740244328975677,1.140163779258728,-0.38373222947120667,-0.68826574087142944,-1.2350568771362305,1.2437319755554199,-1.1409357786178589,-0.80060774087905884
-0.43367019295692444,0.89698415994644165,-0.15112446248531342,-1.5064201354980469,-0.11790194362401962,0.98826628923416138,-0.69646161794662476,0.6352229118347168,-0.84409385919570923,0.93771368265151978,-1.0950675010681152,0.5587809681892395,-0.11532582342624664,1.2641868591308594,1.1759004592895508,0.25654241442680359,0.2091553658246994,1.3328359127044678,0.18316951394081116,1.105635404586792,-1.2177742719650269,1.0775582790374756,-0.97050678730010986,-0.97673094272613525
-0.4797137975692749,0.84497880935668945,0.0024068504571914673,-0.66780269145965576,-0.022747352719306946,0.88804280757904053,0.92399740219116211,0.57966738939285278,-0.844917893409729,0.8478119969367981,0.10269606113433838,-0.25504916906356812,-0.27052614092826843,1.2108598947525024,1.1924469470977783,-0.31455400586128235,0.0051558166742324829,1.297407865524292,0.10612951219081879,0.9745715856552124,-1.3477418422698975,1.0320214033126831,-0.73846030235290527,-0.18647360801696777
-0.59551888704299927,0.79374700784683228,0.083572991192340851,-0.74801981449127197,0.012799369171261787,0.89707678556442261,0.90791702270507812,0.20889046788215637,-0.89720147848129272,0.62903732061386108,0.064660660922527313,-1.4129232168197632,-0.36824816465377808,1.1523699760437012,0.012074708938598633,-0.43521231412887573,0.057565070688724518,1.0918310880661011,1.0049480199813843,-1.4259574413299561,-1.3734828233718872,0.85548263788223267,0.10747279226779938,-0.90999299287796021
-0.75852465629577637,0.64739370346069336,-0.86754906177520752,-1.1613738536834717,-0.087621204555034637,0.90330058336257935,-0.23362195491790771,0.10677424073219299,-0.82207518815994263,0.4785429835319519,0.2242424488067627,-1.4638074636459351,-0.26294383406639099,1.1847035884857178,0.031554099172353745,0.23047930002212524,-0.062652438879013062,1.0477434396743774,-0.18925456702709198,-0.78716552257537842,-1.5080254077911377,0.64185386896133423,-0.50880122184753418,-1.3846495151519775
-0.73555898666381836,0.50178003311157227,0.27121570706367493,-1.1218812465667725,-0.11094069480895996,0.82494795322418213,-0.19836455583572388,-0.60232239961624146,-0.88158762454986572,0.40320757031440735,-0.162558913230896,-0.61636358499526978,-0.50169134140014648,1.1112766265869141,-1.3703933954238892,0.041253738105297089,-0.22878625988960266,0.88536936044692993,-0.81575489044189453,-1.4742189645767212,-1.4444679021835327,0.31280320882797241,-0.28596982359886169,-1.4655097723007202
-0.83214282989501953,0.40433034300804138,-0.3788493275642395,-0.79026681184768677,-0.15279370546340942,0.8025510311126709,-0.015541881322860718,-0.68389594554901123,-0.90823459625244141,0.36944484710693359,-0.039420939981937408,-0.1160433292388916,-0.4395691454410553,0.86070334911346436,-1.2281819581985474,-1.847954273223877,-0.28172418475151062,0.92258936166763306,-0.71448051929473877,-1.59413743019104,-1.3152559995651245,0.11941973865032196,1.2096607685089111,-1.2264362573623657
-0.8180917501449585,0.21071043610572815,-0.2539745569229126,-0.84461581707000732,-0.24004679918289185,0.72254848480224609,0.033465754240751266,-0.75309586524963379,-0.903145432472229,0.10396215319633484,0.29261040687561035,-1.6598236560821533,-0.50151753425598145,0.73619985580444336,-0.31023913621902466,-1.9448332786560059,-0.35015890002250671,0.75436002016067505,-0.2377435714006424,-1.6078298091888428,-1.26080322265625,-0.091411560773849487,0.89930331707000732,-1.3570793867111206
-0.79366779327392578,0.029288522899150848,0.3252318799495697,-1.281826376914978,-0.30237200856208801,0.75895088911056519,-0.14494584500789642,-0.83098685741424561,-0.70053637027740479,0.067191928625106812,0.46364456415176392,-1.6453260183334351,-0.53764539957046509,0.68016767501831055,-0.22593435645103455,-0.7329094409942627,-0.31223326921463013,0.71041637659072876,0.53810566663742065,-0.6323627233505249,-1.1241345405578613,-0.17566664516925812,1.297372579574585,-0.44927132129669189
-0.67646044492721558,-0.16571818292140961,1.0706360340118408,-1.4297596216201782,-0.14289744198322296,0.55682975053787231,-0.034370515495538712,-1.6704785823822021,-0.5796886682510376,-0.19529440999031067,1.2124391794204712,-2.0809144973754883,-0.56190335750579834,0.46725615859031677,0.08673723042011261,-0.79653334617614746,-0.36962443590164185,0.47498133778572083,0.082657679915428162,-1.8176515102386475,-1.0219192504882812,-0.52575433254241943,1.4240442514419556,-0.36438703536987305
-0.71510154008865356,-0.37255817651748657,0.054408799856901169,-1.6382720470428467,-0.1593487411737442,0.55034410953521729,0.16898559033870697,-1.7121686935424805,-0.47788822650909424,-0.36695244908332825,1.1030122041702271,-1.5313104391098022,-0.47134745121002197,0.32801783084869385,0.19302970170974731,-1.054419994354248,-0.31072282791137695,0.39029526710510254,0.20949670672416687,-1.8497132062911987,-0.90952819585800171,-0.66626095771789551,1.0680067539215088,-0.70584702491760254
-0.57393532991409302,-0.61777865886688232,0.20705103874206543,-1.5881023406982422,-0.14589375257492065,0.37243500351905823,0.26722374558448792,-1.7123658657073975,-0.44725066423416138,-0.44065648317337036,0.44324004650115967,-0.72731256484985352,-0.43118232488632202,0.33977681398391724,0.55409234762191772,-1.0579066276550293,-0.36904099583625793,0.30926203727722168,-0.2003818154335022,-0.93706208467483521,-0.75481259822845459,-0.65544587373733521,1.2092611789703369,0.31819790601730347
-0.36934232711791992,-0.7127692699432373,1.4788351058959961,-0.75440406799316406,-0.14684788882732391,0.40388467907905579,0.28808251023292542,-1.7295148372650146,-0.27864581346511841,-0.39327186346054077,0.52137243747711182,-0.65667271614074707,-0.33494341373443604,0.19923785328865051,0.65066349506378174,-1.1435836553573608,-0.18818245828151703,0.16976787149906158,1.4600657224655151,-1.0804591178894043,-0.47403585910797119,-0.94286429882049561,2.2649116516113281,-1.608762264251709
-0.30017948150634766,-0.73855060338973999,0.66821128129959106,-0.18209248781204224,-0.14677110314369202,0.39837276935577393,0.31892126798629761,-0.3847430944442749,-0.17323939502239227,-0.56768298149108887,0.86717784404754639,-1.3370137214660645,-0.36846521496772766,0.058054566383361816,0.040543615818023682,-1.1588748693466187,-0.1144726574420929,0.067666634917259216,1.0406804084777832,-0.92198467254638672,-0.31758934259414673,-1.0528062582015991,2.3782060146331787,-1.3918178081512451
-0.080265656113624573,-0.85809111595153809,1.5760869979858398,-0.6991887092590332,-0.21562707424163818,0.25407314300537109,-0.27727961540222168,-0.43775051832199097,0.11635838449001312,-0.65758538246154785,2.198246955871582,-0.80742019414901733,-0.23762801289558411,-0.060839913785457611,0.12874840199947357,-1.0351465940475464,-0.18281388282775879,-0.037331964820623398,1.0914933681488037,-0.87125355005264282,0.0034533627331256866,-1.0035499334335327,2.6131086349487305,0.39962756633758545
0.12932343780994415,-0.82481348514556885,1.6090636253356934,-0.53064429759979248,-0.045192718505859375,0.21881619095802307,-0.24021552503108978,-0.3144400417804718,0.3303854763507843,-0.65118414163589478,1.9077228307723999,-0.074640393257141113,-0.23279085755348206,-0.11496110260486603,0.10694083571434021,-1.0210261344909668,-0.063225582242012024,-0.19920419156551361,1.2304062843322754,-1.3208446502685547,0.34076148271560669,-1.0846842527389526,2.8144679069519043,-0.29647749662399292
0.40532046556472778,-0.96838104724884033,2.2388436794281006,-1.1348037719726562,-0.010009169578552246,0.14346282184123993,0.31703302264213562,-0.31950616836547852,0.35539531707763672,-0.69040441513061523,1.8665090799331665,0.0858139768242836,-0.090264581143856049,-0.34370484948158264,0.22478380799293518,-1.8862026929855347,0.078826650977134705,-0.23418337106704712,1.3222472667694092,-0.50355559587478638,0.64924174547195435,-1.1678519248962402,2.6241943836212158,-0.62157249450683594
0.47345459461212158,-1.013945460319519,0.7513548731803894,-0.68788903951644897,-0.015251096338033676,0.074363976716995239,0.34567642211914062,-0.59044528007507324,0.54846286773681641,-0.64403623342514038,1.6076064109802246,0.36088067293167114,0.085153035819530487,-0.34089648723602295,1.3642086982727051,-1.776957631111145,0.095789998769760132,-0.37142175436019897,0.43802973628044128,-1.1341787576675415,0.81690335273742676,-1.0124291181564331,2.5738294124603271,-0.37041333317756653
0.65289241075515747,-1.0627181529998779,1.1538695096969604,-0.59619313478469849,0.091487310826778412,-0.055759888142347336,0.95580160617828369,-0.54791831970214844,0.55390536785125732,-0.61318516731262207,0.19178459048271179,0.16823595762252808,0.2225792407989502,-0.42321807146072388,1.4013828039169312,-0.98096364736557007,0.18928232789039612,-0.45202973484992981,0.4821239709854126,-1.0681862831115723,0.98347276449203491,-1.1106413602828979,1.4713515043258667,-1.0387144088745117
0.99478888511657715,-1.0857638120651245,1.1110391616821289,-0.42882466316223145,0.24579928815364838,-0.22463817894458771,1.0136295557022095,-1.4043232202529907,0.71659815311431885,-0.64334344863891602,1.009657621383667,-0.29373496770858765,0.33811318874359131,-0.44208920001983643,1.0795508623123169,-0.87983423471450806,0.24738319218158722,-0.54002118110656738,0.42136719822883606,-0.9451594352722168,1.1726304292678833,-0.96878957748413086,1.2940918207168579,0.53946405649185181
1.1699339151382446,-0.91744446754455566,1.092445969581604,0.95752847194671631,0.32427978515625,-0.24779987335205078,0.80303752422332764,-1.3351883888244629,0.97258150577545166,-0.50671505928039551,0.94631409645080566,-0.1773601770401001,0.42483249306678772,-0.61716330051422119,1.1237194538116455,-1.5948262214660645,0.21375414729118347,-0.50791865587234497,-0.33955833315849304,-0.089156389236450195,1.3115386962890625,-0.72665870189666748,0.86644983291625977,1.5938777923583984
1.3110849857330322,-0.81311202049255371,0.89423680305480957,0.69034302234649658,0.22504429519176483,-0.14138908684253693,0.74666690826416016,0.44317734241485596,1.0143203735351562,-0.48949804902076721,0.29441827535629272,-0.23650939762592316,0.54677999019622803,-0.62867742776870728,1.0118390321731567,-1.4743812084197998,0.4193452000617981,-0.56017106771469116,1.247694730758667,-0.39451202750205994,1.5544053316116333,-0.56994223594665527,0.65063369274139404,1.6997007131576538
1.3226134777069092,-0.70307815074920654,-0.073836959898471832,0.55678772926330566,0.41186398267745972,-0.21387927234172821,1.5147988796234131,0.53258693218231201,1.1192384958267212,-0.44648191332817078,0.6186603307723999,-0.053954891860485077,0.71931874752044678,-0.61808919906616211,0.97544628381729126,-0.37820470333099365,0.47158330678939819,-0.75761425495147705,1.2176048755645752,-0.27398896217346191,1.692015528678894,-0.51776689291000366,0.90644407272338867,0.24403882026672363
1.6099977493286133,-0.56556123495101929,-0.2333272248506546,0.61995428800582886,0.45134502649307251,-0.10113254189491272,1.4232233762741089,0.91504424810409546,1.3235036134719849,-0.346454918384552,1.4208433628082275,0.41296470165252686,0.77331149578094482,-0.53293454647064209,0.38063281774520874,-0.29233327507972717,0.58516561985015869,-0.77233928442001343,0.84649783372879028,-0.27415099740028381,1.7863782644271851,-0.31491288542747498,0.60200643539428711,1.0018883943557739
1.6644977331161499,-0.49211323261260986,0.072363942861557007,0.11957597732543945,0.57828217744827271,-0.1508687436580658,1.1886590719223022,0.98347413539886475,1.4121557474136353,-0.31500369310379028,1.2591030597686768,0.51569539308547974,0.90662521123886108,-0.53010457754135132,0.31919741630554199,-0.29282325506210327,0.74649834632873535,-0.84114342927932739,1.130792498588562,-0.6889796257019043,1.8025263547897339,-0.08143971860408783,-0.0020446265116333961,1.3507896661758423
1.6077604293823242,-0.34214481711387634,-0.69111639261245728,0.52492910623550415,0.52463787794113159,-0.18380603194236755,1.1363264322280884,-0.18362927436828613,1.3510905504226685,-0.21096460521221161,-0.42578700184822083,0.37622064352035522,0.96334058046340942,-0.55244624614715576,0.27243423461914062,-0.22054693102836609,0.81703388690948486,-0.62404078245162964,0.40936404466629028,1.2129611968994141,1.9353189468383789,0.03606107085943222,-0.24945917725563049,1.3504152297973633
1.7582278251647949,-0.17591649293899536,0.67353272438049316,0.83159387111663818,0.72820848226547241,-0.32965153455734253,1.7309310436248779,-0.075317323207855225,1.3669382333755493,-0.021918825805187225,-0.1948065459728241,1.0014289617538452,1.2175403833389282,-0.35759145021438599,0.12180254608392715,1.119917631149292,0.77748620510101318,-0.68492674827575684,0.26478946208953857,1.2881649732589722,1.9513950347900391,0.21742849051952362,-0.059416688978672028,0.95836484432220459
1.654456615447998,0.051360864192247391,0.45215809345245361,0.8774985671043396,0.77347391843795776,-0.27125915884971619,1.6404514312744141,0.25639522075653076,1.3733339309692383,0.087533637881278992,-0.11429685354232788,0.56870663166046143,1.2827582359313965,-0.32667165994644165,0.27230340242385864,1.1712048053741455,0.8944057822227478,-0.64877855777740479,0.65389180183410645,0.32394564151763916,1.8674925565719604,0.47144249081611633,-0.72726708650588989,1.3649882078170776
1.5395164489746094,0.14407862722873688,-0.88297796249389648,0.22879320383071899,0.77451801300048828,-0.34082996845245361,0.22294795513153076,0.29758888483047485,1.3454732894897461,0.22199380397796631,-0.27919977903366089,0.55072569847106934,1.418096661567688,-0.21928746998310089,0.11309988051652908,0.63034069538116455,1.0022730827331543,-0.57522839307785034,0.66253292560577393,0.37118774652481079,1.8844945430755615,0.70493453741073608,-0.06474129855632782,1.370745062828064
1.6131836175918579,0.35279965400695801,0.22511906921863556,1.0410526990890503,0.97015869617462158,-0.24536222219467163,0.11968272179365158,0.53324776887893677,1.232372522354126,0.26491060853004456,-0.92387980222702026,-0.12286707758903503,1.3177646398544312,-0.19290347397327423,-0.93323290348052979,0.6103062629699707,1.0045264959335327,-0.50389134883880615,-0.086504824459552765,0.28679853677749634,1.7223343849182129,0.91373980045318604,-0.32095438241958618,1.288490891456604
1.4855761528015137,0.56068426370620728,-0.89726895093917847,1.1543732881546021,1.0376403331756592,-0.19647130370140076,0.3741019070148468,0.57936388254165649,1.1566414833068848,0.39963886141777039,-0.79267984628677368,0.45884037017822266,1.2770164012908936,-0.10233438014984131,-1.0752633810043335,0.29399117827415466,1.1694962978363037,-0.46042513847351074,-0.2006809413433075,0.3310987651348114,1.5350956916809082,0.92571496963500977,-1.2531459331512451,-0.40698468685150146
1.4301466941833496,0.71406316757202148,-1.0976425409317017,1.0464907884597778,1.0289555788040161,-0.22530218958854675,0.29279279708862305,-0.45705419778823853,1.1148544549942017,0.38000842928886414,-0.40856453776359558,-0.48364496231079102,1.2174986600875854,-0.13975441455841064,-0.82052373886108398,0.26845437288284302,1.0554089546203613,-0.36732965707778931,-1.1909074783325195,0.31397745013237,1.458842396736145,1.0302656888961792,-0.63981521129608154,0.025651335716247559
1.1667625904083252,0.71821939945220947,-2.0754525661468506,-0.43782567977905273,1.1012381315231323,-0.21898792684078217,0.50398027896881104,-0.40244436264038086,0.98790287971496582,0.54046505689620972,-0.49345260858535767,-0.53895008563995361,1.2740442752838135,-0.016471158713102341,-0.96395760774612427,0.50865805149078369,1.0638481378555298,-0.29494589567184448,-0.45162796974182129,0.23103147745132446,1.3514295816421509,1.1183233261108398,-0.66621440649032593,0.038840308785438538
1.0073437690734863,0.83646810054779053,-1.5301940441131592,0.21736490726470947,0.89486384391784668,-0.14935398101806641,0.39009225368499756,0.059428811073303223,0.84574109315872192,0.5841173529624939,-1.0508061647415161,-0.23207953572273254,1.1242285966873169,0.14243315160274506,-1.4659011363983154,0.44142085313796997,1.0944733619689941,-0.11862028390169144,-0.10602828115224838,0.98362600803375244,1.2108784914016724,1.3151285648345947,-0.79913777112960815,-0.10636481642723083
0.85304325819015503,0.93367403745651245,-1.3017655611038208,0.29765111207962036,1.0112290382385254,-0.13656735420227051,0.87454497814178467,0.12238357961177826,0.7059326171875,0.69538915157318115,-1.1554807424545288,0.3617311418056488,1.1424099206924438,0.19572216272354126,-1.5735284090042114,-0.0004450678825378418,0.93693351745605469,-0.074436239898204803,-0.26373058557510376,0.98408627510070801,0.8811461329460144,1.3439611196517944,-2.2900700569152832,-0.44456663727760315
0.79353541135787964,0.85290896892547607,-1.3937608003616333,0.13769237697124481,0.97244977951049805,-0.097169563174247742,0.77109384536743164,-0.0052216500043869019,0.50568193197250366,0.69632059335708618,-1.5479152202606201,-0.26837849617004395,1.0962417125701904,0.26052486896514893,-0.69555729627609253,-0.049105677753686905,0.91727662086486816,0.18578621745109558,-0.38036677241325378,1.8743729591369629,0.66747438907623291,1.4513480663299561,-1.7427523136138916,0.19409352540969849
0.59052246809005737,0.97177600860595703,-1.6265416145324707,0.53143978118896484,0.79487240314483643,-0.010745614767074585,-1.2754188776016235,-0.054442979395389557,0.37711074948310852,0.63623160123825073,-1.5754919052124023,-0.41331595182418823,1.0512889623641968,0.24534057080745697,-0.77415227890014648,-0.59409993886947632,0.78395402431488037,0.22875523567199707,-1.081769585609436,0.41279387474060059,0.46420294046401978,1.4279437065124512,-1.4365956783294678,-0.51258385181427002
0.39636504650115967,0.87071686983108521,-1.4867777824401855,-0.94186705350875854,0.83157074451446533,-0.022800764068961143,-1.3265100717544556,-0.47098672389984131,0.076664432883262634,0.68439316749572754,-2.4649267196655273,-0.010407209396362305,0.82840359210968018,0.37586265802383423,-1.8171908855438232,-0.70208507776260376,0.730804443359375,0.21325930953025818,-0.6165887713432312,-0.33204391598701477,0.28082805871963501,1.4685350656509399,-1.4485738277435303,-0.72362607717514038
0.28544333577156067,0.87387293577194214,-0.88829982280731201,-0.45731049776077271,0.72735011577606201,0.11895499378442764,-1.1287845373153687,-0.51926898956298828,-0.12077776342630386,0.72483456134796143,-1.8603808879852295,0.13621370494365692,0.78586661815643311,0.25734823942184448,-1.8203278779983521,-1.4944217205047607,0.63001209497451782,0.39807352423667908,-0.6693146824836731,-0.38196378946304321,-0.058412604033946991,1.3550263643264771,-2.350210428237915,-1.3447835445404053
0.029899843037128448,0.85392969846725464,-0.88856709003448486,-0.58602333068847656,0.69375842809677124,0.043106306344270706,-1.1458745002746582,-1.0394513607025146,-0.19680581986904144,0.67840766906738281,-0.75982016324996948,-0.33948123455047607,0.61859995126724243,0.44343078136444092,-1.564192533493042,-1.5889060497283936,0.56966745853424072,0.37628036737442017,-0.46693596243858337,-0.53826647996902466,-0.24919277429580688,1.3210704326629639,-1.4893684387207031,-0.72911238670349121
-0.11075011640787125,0.618946373462677,-0.86084431409835815,-2.0666971206665039,0.66407495737075806,0.078346170485019684,-0.45535933971405029,-1.0591870546340942,-0.27272391319274902,0.61059033870697021,-0.71852278709411621,-0.44299247860908508,0.64218705892562866,0.3764442503452301,-1.561826229095459,-1.2108172178268433,0.58340609073638916,0.29334551095962524,0.13129349052906036,-0.96876084804534912,-0.54490756988525391,1.1429955959320068,-1.9938325881958008,-1.5809834003448486
-0.29045835137367249,0.59407991170883179,-1.2767351865768433,-0.78241503238677979,0.52604758739471436,0.032527409493923187,-0.47683945298194885,-0.87157803773880005,-0.52482515573501587,0.4448646605014801,-1.8109710216522217,-1.4112784862518311,0.52379727363586426,0.37894761562347412,-1.0917859077453613,-1.2953513860702515,0.44198703765869141,0.35446757078170776,-0.92734521627426147,-0.076317489147186279,-0.70969140529632568,0.9635080099105835,-1.848296046257019,-1.7845849990844727
-0.58029735088348389,0.4367709755897522,-2.164240837097168,-1.3964970111846924,0.47646245360374451,0.21572574973106384,-0.46015587449073792,-0.89196348190307617,-0.5473487377166748,0.34194648265838623,-0.40279969573020935,-0.98099029064178467,0.19910691678524017,0.50801396369934082,-1.1631417274475098,0.42296135425567627,0.17625947296619415,0.32649198174476624,-0.96197032928466797,-0.15740549564361572,-0.8906787633895874,0.66815024614334106,-1.2767690420150757,-2.5352041721343994
-0.69009393453598022,0.22492173314094543,-2.0232779979705811,-1.5391000509262085,0.35288411378860474,0.25438070297241211,-0.50108540058135986,-0.12138211727142334,-0.67387199401855469,0.25438475608825684,-0.84413158893585205,-0.76327168941497803,0.17048542201519012,0.37133103609085083,-0.32063919305801392,0.3555280864238739,-0.0017837882041931152,0.49572032690048218,-1.5407886505126953,1.1335326433181763,-1.0724667310714722,0.52098464965820312,-1.3038802146911621,-1.5261497497558594
-0.66183006763458252,0.1207798570394516,-0.039013873785734177,-0.89013242721557617,0.11639481782913208,0.33181226253509521,-1.8433282375335693,-0.23684331774711609,-0.83193486928939819,0.054755523800849915,-0.73352712392807007,-0.82593274116516113,0.027069151401519775,0.45407229661941528,-0.36912158131599426,0.61499989032745361,-0.078180819749832153,0.45316767692565918,-0.78241091966629028,-0.080244064331054688,-1.1500062942504883,0.35443344712257385,-0.59974974393844604,-1.2944321632385254
-0.84384775161743164,-0.1474405825138092,-1.1650722026824951,-2.0285553932189941,0.081772938370704651,0.29690834879875183,-1.8259671926498413,-0.47485041618347168,-0.92145395278930664,-0.11653061211109161,-0.73214375972747803,-1.237922191619873,-0.23462066054344177,0.44551587104797363,-1.9502158164978027,0.46983441710472107,-0.15638138353824615,0.23945267498493195,-0.53073334693908691,-1.6149519681930542,-1.3942064046859741,0.064379654824733734,-0.41664010286331177,-1.3516354560852051
-0.77149331569671631,-0.31922784447669983,0.29356592893600464,-1.4656244516372681,-0.010433889925479889,0.31410080194473267,-0.98841798305511475,-0.55181705951690674,-0.97532999515533447,-0.27286803722381592,-0.5213630199432373,-1.1602203845977783,-0.41081297397613525,0.29519367218017578,-1.8677557706832886,-1.0776760578155518,-0.42605060338973999,0.18898469209671021,-0.43147686123847961,-1.6552277803421021,-1.325871467590332,-0.19778241217136383,0.63344347476959229,-1.777829647064209
-0.86212247610092163,-0.57171875238418579,0.44177141785621643,-1.4099704027175903,-0.19088861346244812,0.19968822598457336,-0.93198263645172119,-1.064406156539917,-0.960060715675354,-0.44565290212631226,-0.0090214256197214127,-1.2071419954299927,-0.47621405124664307,0.17266084253787994,-0.73717737197875977,-1.1421076059341431,-0.53405821323394775,0.11691463738679886,-0.80434495210647583,-0.80111086368560791,-1.3592886924743652,-0.58298039436340332,0.061983339488506317,-2.8022255897521973
-0.77891302108764648,-0.61420273780822754,0.58228731155395508,-0.24073886871337891,-0.24132107198238373,0.23073634505271912,-0.45895624160766602,-1.1043137311935425,-0.97907525300979614,-0.53462201356887817,0.14707189798355103,-1.1555036306381226,-0.58050280809402466,0.18243977427482605,-0.68527817726135254,-0.047618865966796875,-0.57822799682617188,0.033397696912288666,-0.43117067217826843,-0.65879988670349121,-1.3817651271820068,-0.77515888214111328,-0.20386581122875214,-1.6329920291900635
-0.78473997116088867,-0.90439969301223755,0.025202453136444092,-1.8778293132781982,-0.27942508459091187,0.094589449465274811,-0.37233313918113708,-1.23752760887146,-0.81733089685440063,-0.72444891929626465,1.2082953453063965,-1.2691700458526611,-0.54765534400939941,0.040827862918376923,0.19909292459487915,-0.058626618236303329,-0.79024523496627808,-0.19737598299980164,-1.5407838821411133,-1.7389274835586548,-1.5280822515487671,-0.90160709619522095,0.016789525747299194,-1.5554391145706177
-0.66897642612457275,-1.1351290941238403,0.66515249013900757,-1.8212569952011108,-0.35567912459373474,0.16972710192203522,-0.5571906566619873,-1.2716362476348877,-0.86499500274658203,-0.93900012969970703,-0.1699271947145462,-1.582520604133606,-0.55965662002563477,-0.15539206564426422,0.3180675208568573,-1.3020832538604736,-0.87528443336486816,-0.20884853601455688,-1.3656820058822632,-1.7849776744842529,-1.4570698738098145,-1.2638365030288696,0.41752496361732483,-2.5162994861602783
-0.73629140853881836,-1.2424318790435791,0.81847649812698364,-1.6633179187774658,-0.43323257565498352,0.050936810672283173,-0.46532493829727173,-1.1003196239471436,-0.78335756063461304,-0.96903145313262939,0.27694258093833923,-0.25737679004669189,-0.72824603319168091,-0.23291316628456116,-1.1868271827697754,-1.3438625335693359,-0.90778237581253052,-0.32778817415237427,-0.52985835075378418,-0.98926854133605957,-1.3427881002426147,-1.502066969871521,0.66158950328826904,-1.7823920249938965
-0.61451131105422974,-1.3493342399597168,0.7280651330947876,-0.80689126253128052,-0.52432435750961304,-0.040861047804355621,-0.7075507640838623,-1.1388704776763916,-0.75961768627166748,-1.2055424451828003,0.36635202169418335,-0.14509759843349457,-0.72123259305953979,-0.39742854237556458,-1.0415569543838501,-1.3356540203094482,-0.95134395360946655,-0.55326515436172485,-0.44775784015655518,-1.5921263694763184,-1.1436659097671509,-1.5499370098114014,1.1773773431777954,-0.19285297393798828
-0.458077073097229,-1.4612423181533813,0.92136824131011963,-0.69244575500488281,-0.55371582508087158,-0.0090333670377731323,-0.65993541479110718,0.15326261520385742,-0.57394504547119141,-1.182805061340332,1.0813313722610474,0.55629318952560425,-0.75739485025405884,-0.63379645347595215,-0.56095266342163086,-1.3225928544998169,-0.96450561285018921,-0.67787641286849976,-0.31285065412521362,-0.97444868087768555,-1.0186916589736938,-1.7746196985244751,1.293998122215271,0.021893247961997986
-0.31134757399559021,-1.6292184591293335,0.87361156940460205,-1.1275746822357178,-0.71634119749069214,-0.28714191913604736,-1.3794214725494385,0.081792876124382019,-0.543953537940979,-1.3590770959854126,0.15274688601493835,-0.86917722225189209,-0.73255974054336548,-0.83637100458145142,-0.40189298987388611,-1.5596835613250732,-0.76997548341751099,-0.84160155057907104,-0.16599148511886597,-0.91614729166030884,-0.77792894840240479,-1.8094667196273804,1.5169812440872192,0.2902279794216156
-0.24615231156349182,-1.5715211629867554,0.95537710189819336,-0.91418224573135376,-0.74612784385681152,-0.33014032244682312,-1.2966005802154541,-0.091671176254749298,-0.32336771488189697,-1.270620584487915,1.1633036136627197,0.75129520893096924,-0.65814721584320068,-0.91027504205703735,0.27658629417419434,-1.4600344896316528,-0.66837430000305176,-0.89074605703353882,0.48829269409179688,-0.21514588594436646,-0.57189774513244629,-1.9899473190307617,1.3411329984664917,-0.80297744274139404
-0.020509887486696243,-1.7092059850692749,1.4314901828765869,-1.0271878242492676,-0.71868544816970825,-0.39704522490501404,-0.1655881404876709,-0.070334121584892273,-0.17720028758049011,-1.4406301975250244,1.1510300636291504,0.93152689933776855,-0.53769147396087646,-0.89837551116943359,0.34226825833320618,0.072995781898498535,-0.75325322151184082,-1.0049307346343994,-0.74692451953887939,-0.64286148548126221,-0.25888240337371826,-2.1543188095092773,2.0149376392364502,-1.0031338930130005
0.095362432301044464,-1.7158571481704712,0.62122797966003418,-0.187114417552948,-0.7580457329750061,-0.41855677962303162,-0.09640386700630188,0.10572914779186249,-0.14664480090141296,-1.4629786014556885,-0.071142353117465973,0.15964901447296143,-0.57957708835601807,-0.98383569717407227,-0.56220829486846924,0.13173559308052063,-0.67654377222061157,-1.0516228675842285,0.056452929973602295,-0.18222853541374207,-0.10645949840545654,-2.2331607341766357,2.0781564712524414,-0.68124878406524658
0.36759880185127258,-1.6965500116348267,1.5282223224639893,0.22814857959747314,-0.73509770631790161,-0.59354358911514282,0.028838351368904114,0.14483886957168579,0.15244139730930328,-1.3936284780502319,1.6193230152130127,0.7640388011932373,-0.49090296030044556,-1.180754542350769,-0.43534523248672485,-1.2365292310714722,-0.50769805908203125,-1.0304383039474487,0.13281774520874023,-0.073123380541801453,0.13833984732627869,-2.2309668064117432,1.5003321170806885,0.10351258516311646
0.47536486387252808,-1.5870879888534546,1.4705942869186401,0.47238034009933472,-0.7368018627166748,-0.74440789222717285,0.1458359956741333,-0.81183469295501709,0.15911407768726349,-1.2988700866699219,-0.084512174129486084,0.91244029998779297,-0.26328933238983154,-1.1604591608047485,1.2843902111053467,-1.0520095825195312,-0.36298376321792603,-1.1056170463562012,0.80877536535263062,-0.31684678792953491,0.50646620988845825,-2.2667374610900879,2.2871584892272949,-0.049599528312683105
0.70271742343902588,-1.5938611030578613,1.4586087465286255,0.017476260662078857,-0.77620172500610352,-0.81780743598937988,-0.47448393702507019,-0.76178675889968872,0.23273155093193054,-1.2628853321075439,-0.14527255296707153,1.032439112663269,-0.20541523396968842,-1.2834833860397339,1.3596248626708984,-0.95730781555175781,-0.29943728446960449,-1.2134480476379395,0.33369243144989014,-0.66710591316223145,0.78806018829345703,-2.1824183464050293,1.7906856536865234,0.6367332935333252
0.90357869863510132,-1.3800668716430664,1.1715912818908691,1.4657164812088013,-0.54354238510131836,-0.9229971170425415,-0.35774904489517212,-0.66437673568725586,0.42029869556427002,-1.0384485721588135,0.8432464599609375,1.9969944953918457,-0.095700785517692566,-1.357048511505127,0.71835672855377197,-0.79045695066452026,-0.27544301748275757,-1.2407487630844116,-0.14734618365764618,-0.20854011178016663,0.98801624774932861,-1.9524303674697876,1.6690571308135986,0.94005829095840454
1.0325723886489868,-1.2598698139190674,0.65517312288284302,1.0481185913085938,-0.57062959671020508,-1.0420458316802979,-0.57963573932647705,-0.60131657123565674,0.60745948553085327,-1.0096478462219238,1.1632037162780762,0.69866335391998291,0.049973748624324799,-1.3887395858764648,0.74599730968475342,-0.2791275680065155,-0.21261124312877655,-1.2616677284240723,-0.10851307958364487,-0.090493336319923401,1.1774237155914307,-1.8258137702941895,0.98844695091247559,0.9609755277633667
1.1255335807800293,-1.0865464210510254,0.49571067094802856,1.2001564502716064,-0.36511296033859253,-1.1117706298828125,-0.49377685785293579,-0.42788389325141907,0.69741946458816528,-0.83381927013397217,0.50125288963317871,1.3357698917388916,0.12078806757926941,-1.3423584699630737,0.19368529319763184,-0.12926657497882843,-0.099079221487045288,-1.3163940906524658,0.40707597136497498,-0.28197190165519714,1.2705255746841431,-1.6594138145446777,0.16363105177879333,1.1567748785018921
1.2240356206893921,-1.0672606229782104,0.39940264821052551,0.046628832817077637,-0.18002484738826752,-1.1830767393112183,0.92441248893737793,-0.27067342400550842,0.7464028000831604,-0.71317923069000244,0.36195993423461914,1.4357558488845825,0.39985981583595276,-1.3252167701721191,0.18080095946788788,0.13584783673286438,0.074501961469650269,-1.3034474849700928,0.90352869033813477,0.17334011197090149,1.4140949249267578,-1.4010406732559204,0.33836200833320618,1.8501825332641602
1.1730813980102539,-0.80373692512512207,-0.79594910144805908,1.523624062538147,-0.14364203810691833,-1.2166198492050171,0.95199501514434814,-0.14226603507995605,0.74393093585968018,-0.58400243520736694,-0.30850872397422791,1.0506855249404907,0.44855821132659912,-1.3783104419708252,-0.11867903172969818,0.26392313838005066,0.17327672243118286,-1.2084027528762817,0.44749405980110168,0.81013059616088867,1.5719001293182373,-1.2349777221679688,0.1028347834944725,1.9955848455429077
1.1382802724838257,-0.55820226669311523,-0.90603905916213989,1.7780911922454834,-0.078368917107582092,-1.1619307994842529,0.2668006420135498,-0.0074392743408679962,0.74592494964599609,-0.4137839674949646,-0.38044261932373047,1.2697451114654541,0.50307720899581909,-1.1039007902145386,-0.259285569190979,2.0601246356964111,0.23283571004867554,-1.083802342414856,0.38709035515785217,0.9481768012046814,1.8018038272857666,-0.9494594931602478,1.161277174949646,2.1783313751220703
1.1584506034851074,-0.40195110440254211,-1.1026458740234375,1.7777749300003052,0.015242245048284531,-1.1748783588409424,0.27931416034698486,0.0027853995561599731,0.87772011756896973,-0.26027616858482361,0.61761420965194702,1.2444171905517578,0.59778833389282227,-1.0832763910293579,0.1180497407913208,2.1712296009063721,0.34137830138206482,-1.0477806329727173,0.48061737418174744,0.47274661064147949,1.7012850046157837,-0.62851166725158691,-0.98659336566925049,2.2805070877075195
1.1707161664962769,-0.25415638089179993,-0.40523132681846619,1.0895477533340454,0.31908625364303589,-0.96839797496795654,1.9453480243682861,0.21768762171268463,0.8646472692489624,-0.16605901718139648,0.46410909295082092,1.2934046983718872,0.85352790355682373,-0.96537220478057861,0.001661788672208786,1.230737566947937,0.44148442149162292,-0.86648178100585938,0.39461040496826172,1.408254861831665,1.772915244102478,-0.42564162611961365,-0.12501049041748047,1.5012338161468506
1.1601307392120361,0.0051038786768913269,-0.42708525061607361,1.7595245838165283,0.31270760297775269,-0.9022175669670105,1.8818496465682983,0.58262169361114502,0.81867021322250366,-0.10486450791358948,-0.39154890179634094,0.40926086902618408,0.8873094916343689,-0.84499627351760864,-0.21452891826629639,1.3162046670913696,0.52113473415374756,-0.86542129516601562,0.33819609880447388,0.28023445606231689,1.7401900291442871,-0.23003141582012177,-0.3761792778968811,1.5282269716262817
1.0867929458618164,0.24211855232715607,-0.79891782999038696,1.7432558536529541,0.34348857402801514,-0.85664641857147217,0.27286076545715332,0.68588227033615112,0.86229038238525391,0.099858775734901428,0.068918861448764801,1.3242266178131104,0.92805325984954834,-0.75135993957519531,-0.33382967114448547,0.71143037080764771,0.48984712362289429,-0.70459407567977905,0.27003929018974304,0.38184890151023865,1.698469877243042,0.25590330362319946,-0.75670576095581055,3.4407675266265869
1.0055164098739624,0.40639004111289978,-0.98931097984313965,1.6684516668319702,0.48919796943664551,-0.74135684967041016,0.19337970018386841,0.96715027093887329,0.77366334199905396,0.32504218816757202,-0.72673916816711426,1.6484798192977905,1.0641334056854248,-0.5658499002456665,0.59798502922058105,0.81847220659255981,0.60940086841583252,-0.51664704084396362,0.62720990180969238,1.4346951246261597,1.4831299781799316,0.49651619791984558,-1.8764674663543701,1.9494818449020386
0.77795439958572388,0.62803131341934204,-1.9694901704788208,1.585539698600769,0.45687651634216309,-0.73100388050079346,-0.56069564819335938,1.0120562314987183,0.71810626983642578,0.39929822087287903,-0.88155591487884521,1.5695632696151733,1.003085732460022,-0.40779271721839905,0.43955421447753906,1.0513455867767334,0.6533743143081665,-0.4870571494102478,0.24749463796615601,0.4146956205368042,1.409881591796875,0.67291796207427979,-0.98960584402084351,1.1946418285369873
0.72041159868240356,0.73606336116790771,-0.79802936315536499,0.85481297969818115,0.67203378677368164,-0.55118989944458008,-0.67292869091033936,1.444831371307373,0.60072851181030273,0.48361936211585999,-1.0227429866790771,0.64515244960784912,0.98144996166229248,-0.14617398381233215,-0.32668176293373108,1.0768622159957886,0.57907760143280029,-0.3369065523147583,-0.74090272188186646,0.96581470966339111,1.143925666809082,1.0253996849060059,-1.1838371753692627,1.0706932544708252
0.52950721979141235,0.83244794607162476,-1.4135068655014038,0.56138122081756592,0.5051339864730835,-0.40418791770935059,-1.7502307891845703,1.4103215932846069,0.64609289169311523,0.61172974109649658,0.16221392154693604,0.87507569789886475,1.0019549131393433,0.067658036947250366,-0.49800914525985718,1.501476526260376,0.56640702486038208,-0.12430264055728912,-0.84222376346588135,0.95664238929748535,0.86358499526977539,1.2486573457717896,-2.1829488277435303,1.3763203620910645
0.37510660290718079,1.08852219581604,-1.4855674505233765,0.40434491634368896,0.58297860622406006,-0.30509841442108154,-1.8332573175430298,0.82103556394577026,0.47452816367149353,0.79375207424163818,-1.0956300497055054,1.2456589937210083,0.9652252197265625,0.090253517031669617,-0.49575987458229065,1.469296932220459,0.42742857336997986,0.04831923171877861,-1.4095522165298462,1.2747281789779663,0.56671750545501709,1.4005682468414307,-2.3977234363555908,0.97736155986785889
0.058121167123317719,1.0319977998733521,-2.3680009841918945,-0.67699134349822998,0.62069505453109741,-0.19124878942966461,-0.31351184844970703,0.83570140600204468,0.35226532816886902,0.99529802799224854,-1.1982024908065796,1.1040364503860474,0.87576323747634888,0.3137066662311554,-0.67342877388000488,1.6496250629425049,0.32212245464324951,0.25956422090530396,-1.2318708896636963,1.6666055917739868,0.17678467929363251,1.6238536834716797,-3.091468334197998,1.4616984128952026
-0.17196670174598694,1.1314009428024292,-1.9604340791702271,0.376792311668396,0.46442410349845886,-0.088836953043937683,-0.41011244058609009,0.73261719942092896,0.14524038136005402,1.0181388854980469,-1.5202161073684692,0.14983212947845459,0.68592280149459839,0.47504577040672302,-1.6171653270721436,1.5355374813079834,0.20886057615280151,0.26331937313079834,-1.0920727252960205,0.27794790267944336,0.018462374806404114,1.6355825662612915,-3.1625738143920898,1.1364667415618896
-0.30129706859588623,1.2021573781967163,-1.0737012624740601,0.56550127267837524,0.40824982523918152,0.042225673794746399,-0.61846750974655151,0.71013402938842773,0.040744021534919739,0.84288346767425537,-0.73755568265914917,-1.391242504119873,0.65221017599105835,0.67198270559310913,-1.7567399740219116,1.4918988943099976,0.30961906909942627,0.49707499146461487,-1.1199764013290405,0.19557540118694305,-0.34212380647659302,1.7234162092208862,-2.9040460586547852,0.69358158111572266
-0.62029826641082764,1.1917601823806763,-1.0650036334991455,0.38836681842803955,0.30787208676338196,0.21929870545864105,-0.72378182411193848,1.3307411670684814,-0.069863520562648773,0.90559494495391846,-0.70409607887268066,0.0021013021469116211,0.49436464905738831,0.87585002183914185,-1.4608285427093506,1.3492786884307861,0.12773646414279938,0.61192721128463745,-1.5247772932052612,0.72191548347473145,-0.59338867664337158,1.7020349502563477,-1.9648729562759399,-0.043624937534332275
-0.70955514907836914,1.0957473516464233,-0.4089500904083252,-0.51398384571075439,0.18843574821949005,0.33629673719406128,-1.0789052248001099,1.251381516456604,-0.24938604235649109,0.94116079807281494,-0.69282698631286621,-0.12348591536283493,0.27583667635917664,0.93462914228439331,-1.5316802263259888,0.44961339235305786,0.065049849450588226,0.60042530298233032,-0.64648699760437012,-0.0065125823020935059,-0.95776128768920898,1.5262587070465088,-2.4804661273956299,-1.3059725761413574
-1.0978496074676514,1.0892045497894287,-2.5182509422302246,-0.11297804117202759,0.10153982043266296,0.46159395575523376,-1.1505247354507446,1.1016991138458252,-0.40442556142807007,0.89795494079589844,-0.96969336271286011,-0.36575537919998169,-0.032554596662521362,1.1007125377655029,-2.3932554721832275,0.23608559370040894,-0.077671602368354797,0.7140083909034729,-1.0413162708282471,0.72517132759094238,-1.196405291557312,1.5075268745422363,-2.304288387298584,-1.5738141536712646
-1.1633763313293457,0.93208849430084229,-0.64303994178771973,-0.87985342741012573,0.10348235070705414,0.71792781352996826,-0.1296461820602417,1.0454370975494385,-0.54870790243148804,0.85523927211761475,-0.95008969306945801,-0.36015677452087402,-0.14754463732242584,1.0445822477340698,-2.3594670295715332,-0.54124033451080322,-0.35075125098228455,0.79701560735702515,-1.063123345375061,0.59746736288070679,-1.4580130577087402,1.4122776985168457,-1.8588364124298096,-0.789115309715271
-1.4144548177719116,0.90354108810424805,-0.4789404571056366,-0.9995582103729248,-0.15797273814678192,0.75377100706100464,-0.16453981399536133,0.4284016489982605,-0.80773913860321045,0.8805544376373291,-1.8218134641647339,0.15238171815872192,-0.2669987678527832,1.1840264797210693,-1.0177606344223022,-0.69534182548522949,-0.46439051628112793,0.84391409158706665,-0.81899821758270264,0.54784512519836426,-1.7303258180618286,1.2878000736236572,-1.8603689670562744,-0.76549851894378662
-1.6941909790039062,0.61194658279418945,-1.7721198797225952,-2.0899579524993896,-0.19789141416549683,0.75463008880615234,-0.069000586867332458,0.34717783331871033,-0.97069251537322998,0.75622928142547607,-1.7372657060623169,-0.027221813797950745,-0.62089967727661133,1.0522011518478394,-0.93415343761444092,-1.1794843673706055,-0.65829497575759888,1.0336403846740723,-1.3883824348449707,1.5879408121109009,-1.916073203086853,0.96521651744842529,-1.1892383098602295,-2.0766804218292236
-1.686725378036499,0.47121125459671021,-0.047623280435800552,-1.0069947242736816,-0.31377196311950684,0.88842523097991943,-0.10967189818620682,1.1378986835479736,-1.0140984058380127,0.72585844993591309,-0.37031808495521545,0.072762146592140198,-0.78789108991622925,1.1516708135604858,-1.0003185272216797,-1.3334550857543945,-0.7912026047706604,0.84722274541854858,-0.89023041725158691,-0.81893765926361084,-2.1880149841308594,0.82289773225784302,-0.88694769144058228,-2.2194027900695801
-1.7647485733032227,0.3233504593372345,-0.28557533025741577,-0.78156149387359619,-0.6120029091835022,0.92194527387619019,-2.0143024921417236,0.94242841005325317,-1.1298897266387939,0.60545516014099121,-0.60213315486907959,-0.56900131702423096,-0.92429178953170776,1.1719766855239868,-0.92577844858169556,0.044553399085998535,-0.908133864402771,0.93686205148696899,-0.76483738422393799,-0.94282817840576172,-2.36930251121521,0.66688793897628784,-1.1341044902801514,-0.94907307624816895
-1.8727704286575317,0.13263334333896637,-0.068454064428806305,-0.82322824001312256,-0.60755610466003418,0.79587531089782715,-1.9167190790176392,-0.66861134767532349,-1.1984328031539917,0.37469577789306641,-0.30722221732139587,-1.4857313632965088,-1.0532808303833008,0.9233364462852478,-0.70617574453353882,-0.1127745658159256,-1.052891731262207,0.78662455081939697,-0.83454185724258423,-1.1181957721710205,-2.4700043201446533,0.32738983631134033,-0.57026749849319458,-1.9523813724517822
-1.9144582748413086,-0.12233992666006088,-0.12154471129179001,-1.4666147232055664,-0.90061074495315552,0.83527851104736328,-2.3140208721160889,-0.86453449726104736,-1.2572816610336304,0.28425371646881104,-0.11157938092947006,-1.5292215347290039,-1.2464882135391235,0.88789921998977661,-0.60388338565826416,0.021142154932022095,-1.1559864282608032,0.79814636707305908,-0.64004290103912354,0.095387816429138184,-2.5870232582092285,0.01875028945505619,-0.66021567583084106,-1.9388816356658936
-1.8940221071243286,-0.35844892263412476,0.24847403168678284,-1.4093750715255737,-1.1012570858001709,0.69469588994979858,-2.164959192276001,-1.0894956588745117,-1.3167635202407837,0.037223875522613525,-0.2264871746301651,-1.8035823106765747,-1.3773689270019531,0.88428127765655518,-0.73819386959075928,-0.11090501397848129,-1.347143292427063,0.80678504705429077,-1.2419472932815552,0.39982575178146362,-2.5959441661834717,-0.23417989909648895,-0.30097916722297668,-1.96150803565979
-1.8399097919464111,-0.44602823257446289,0.45043599605560303,-0.28695428371429443,-1.0940314531326294,0.6343187689781189,-0.058190464973449707,-1.1633107662200928,-1.1598249673843384,-0.13076969981193542,1.2357932329177856,-1.1723178625106812,-1.460857629776001,0.69350731372833252,-0.5497666597366333,-1.0461822748184204,-1.3615195751190186,0.71364378929138184,-1.119377613067627,0.25489401817321777,-2.5491108894348145,-0.52880001068115234,0.43117320537567139,-1.6931897401809692
-1.5929186344146729,-0.62277525663375854,0.64589047431945801,-0.21816331148147583,-1.2014280557632446,0.4298807680606842,0.12084867805242538,-1.450639009475708,-1.232401967048645,-0.16431175172328949,-0.18826940655708313,-0.1368415355682373,-1.553242564201355,0.49719059467315674,-0.44047564268112183,-1.1409702301025391,-1.465806245803833,0.58922559022903442,-0.68707150220870972,-0.46900045871734619,-2.4130122661590576,-0.90715587139129639,1.1708154678344727,-2.2160582542419434
-1.5153331756591797,-0.72659915685653687,0.59614837169647217,-0.18558867275714874,-1.4210308790206909,0.40846607089042664,-1.3587069511413574,-1.5622023344039917,-1.1894123554229736,-0.37089663743972778,-0.057050988078117371,-0.12892031669616699,-1.8386579751968384,0.39818614721298218,-0.26230853796005249,-0.47325283288955688,-1.4727077484130859,0.51937061548233032,0.067541956901550293,-0.13669812679290771,-2.3411667346954346,-1.0914376974105835,0.68660038709640503,-0.97980177402496338
-1.4351247549057007,-1.0139174461364746,0.64282757043838501,-1.5401591062545776,-1.5104243755340576,0.29483747482299805,-1.1749134063720703,-0.77234816551208496,-1.0940611362457275,-0.57042217254638672,0.70838969945907593,-1.0807815790176392,-1.7581198215484619,0.25086644291877747,0.82996279001235962,-0.47896853089332581,-1.458467960357666,0.4005439281463623,0.40871149301528931,-0.38589683175086975,-2.1584641933441162,-1.3231699466705322,0.96516424417495728,-0.83040833473205566
-1.3428207635879517,-1.1885526180267334,0.61278843879699707,-1.082892894744873,-1.4469763040542603,0.17437255382537842,0.4504430890083313,-0.78395891189575195,-0.97682034969329834,-0.67462515830993652,0.92919659614562988,-0.57704496383666992,-1.7953020334243774,0.063377499580383301,1.0438497066497803,-0.84801936149597168,-1.3717645406723022,0.2711830735206604,0.57120221853256226,-0.4032214879989624,-2.0134902000427246,-1.6171543598175049,1.0189924240112305,-1.5328327417373657
-1.1934443712234497,-1.2080892324447632,0.79710441827774048,-0.92681622505187988,-1.4813461303710938,0.18730561435222626,0.56820809841156006,0.48707979917526245,-0.79655271768569946,-0.74170559644699097,1.3868112564086914,-0.18563675880432129,-1.8623901605606079,-0.27174824476242065,-0.11826562881469727,-0.86608564853668213,-1.426777720451355,0.18517076969146729,-0.12402752786874771,-0.25178897380828857,-1.6105896234512329,-1.9430094957351685,2.8432972431182861,-1.8387317657470703
-0.97417569160461426,-1.3936452865600586,1.5378105640411377,-1.0538277626037598,-1.5451292991638184,-0.058829918503761292,-0.23613297939300537,0.44729694724082947,-0.55727219581604004,-0.96358120441436768,1.4670569896697998,-0.041343510150909424,-1.7965892553329468,-0.47273263335227966,0.1207854300737381,-1.0193408727645874,-1.2298063039779663,-0.06119111180305481,1.6215415000915527,-1.2893537282943726,-1.2994405031204224,-2.0112769603729248,2.4252388477325439,-0.17460787296295166
-0.79316818714141846,-1.4922552108764648,1.3085430860519409,-0.50841647386550903,-1.5629541873931885,-0.20314443111419678,-0.059170220047235489,-0.42508012056350708,-0.35882395505905151,-0.93715393543243408,1.4979676008224487,0.53768116235733032,-1.545956015586853,-0.53678464889526367,1.914475679397583,-0.88143962621688843,-1.2030906677246094,-0.26421728730201721,0.73176443576812744,-1.3458182811737061,-1.0931971073150635,-2.0885689258575439,2.5487544536590576,0.1482146829366684
-0.61466103792190552,-1.4976629018783569,1.1462770700454712,0.25171029567718506,-1.4458576440811157,-0.27903264760971069,0.91024589538574219,-0.36544585227966309,-0.18726092576980591,-1.0697189569473267,1.3634483814239502,-0.58349353075027466,-1.4870896339416504,-0.79492568969726562,2.1380128860473633,-1.4671847820281982,-1.0816754102706909,-0.31899905204772949,0.91444122791290283,-1.2746201753616333,-0.71956527233123779,-2.2585303783416748,2.7543027400970459,-0.6371082067489624
-0.35531973838806152,-1.4445161819458008,1.1880831718444824,0.45691242814064026,-1.3179926872253418,-0.46325781941413879,1.0970965623855591,-0.88476395606994629,-0.0081435022875666618,-1.1647118330001831,1.3301738500595093,-0.65862709283828735,-1.4348036050796509,-0.86769199371337891,0.73269236087799072,-1.3529778718948364,-1.0115464925765991,-0.45116114616394043,0.71792423725128174,-0.8376578688621521,-0.35690596699714661,-2.262486457824707,2.5944726467132568,0.3152000904083252
-0.087465398013591766,-1.4008010625839233,1.7781400680541992,0.73939985036849976,-1.1046657562255859,-0.46686086058616638,1.8213107585906982,-0.75058090686798096,0.079273432493209839,-1.1508281230926514,1.3554532527923584,-0.47190260887145996,-1.1198621988296509,-1.1068998575210571,0.95346724987030029,-1.5126281976699829,-0.95318341255187988,-0.3816540539264679,0.47403723001480103,0.70257687568664551,0.14128309488296509,-2.1559371948242188,3.4787609577178955,1.2909657955169678
0.10380852222442627,-1.3405814170837402,1.3302696943283081,0.81002241373062134,-1.0920677185058594,-0.51514488458633423,1.9274994134902954,-0.0040346384048461914,0.38197922706604004,-1.11992347240448,2.2009949684143066,0.28131204843521118,-0.93930375576019287,-1.1722854375839233,1.3126487731933594,-1.3361940383911133,-0.89456355571746826,-0.41200053691864014,0.45137739181518555,0.34734508395195007,0.32868042588233948,-2.1157863140106201,3.3787567615509033,1.6715139150619507
0.46853512525558472,-1.3737901449203491,2.5330934524536133,0.12938106060028076,-0.94999241828918457,-0.56230843067169189,1.3873136043548584,0.1114535927772522,0.4941251277923584,-1.1353532075881958,0.98005849123001099,-0.067077547311782837,-0.72203952074050903,-1.1318330764770508,1.3828824758529663,0.4925992488861084,-0.79087311029434204,-0.58262413740158081,0.52074778079986572,0.40882778167724609,0.7866053581237793,-1.8593922853469849,3.3504893779754639,2.5149166584014893
0.63299262523651123,-1.1793687343597412,2.4640219211578369,0.39192438125610352,-0.7973029613494873,-0.57517713308334351,1.4605523347854614,0.38732683658599854,0.76032185554504395,-1.0624819993972778,1.7521651983261108,0.48922061920166016,-0.60416829586029053,-1.3018242120742798,0.79893314838409424,0.64030581712722778,-0.59167879819869995,-0.50972259044647217,1.436295747756958,1.0650874376296997,1.0341322422027588,-1.7969542741775513,1.932034969329834,1.0325977802276611
