0.89337754249572754,0.078106231987476349,0.96540075540542603,0.012544212862849236,0.89800786972045898,0.11383543163537979,1.0889781713485718,0.018878065049648285,0.99668782949447632,0.12906573712825775,0.94308018684387207,0.019792744889855385
1.0081453323364258,0.11759607493877411,0.90907001495361328,0.15389528870582581,1.0013383626937866,0.16251847147941589,0.89123499393463135,0.080909170210361481,1.1582623720169067,0.11759066581726074,0.92400079965591431,-0.010728960856795311
0.9672815203666687,0.28183531761169434,0.92672961950302124,0.14268851280212402,0.99267756938934326,0.081258907914161682,0.84208202362060547,0.19793638586997986,1.0941296815872192,-0.0024413242936134338,0.85341054201126099,-0.012819208204746246
0.77269601821899414,0.34142109751701355,0.99802964925765991,0.2828184962272644,0.93199890851974487,0.2419721782207489,0.87488770484924316,0.25631940364837646,1.0743250846862793,0.060588572174310684,0.91332060098648071,0.090387344360351562
0.89710438251495361,0.33918431401252747,0.91108852624893188,0.22758263349533081,0.89153659343719482,0.14121095836162567,0.91500246524810791,0.21914771199226379,0.9349481463432312,0.18090198934078217,0.84402745962142944,0.1113802045583725
0.8872295618057251,0.35032817721366882,0.80341428518295288,0.28397151827812195,0.71793943643569946,0.23888243734836578,0.9401698112487793,0.18623225390911102,0.87213224172592163,0.2064768373966217,0.73157620429992676,0.026723198592662811
0.70152193307876587,0.41665321588516235,0.69168347120285034,0.35039085149765015,0.64588272571563721,0.27873194217681885,0.7796674370765686,0.30100107192993164,0.87622827291488647,0.25937601923942566,0.74764448404312134,0.12822078168392181
0.76974540948867798,0.35790741443634033,0.58637553453445435,0.31286698579788208,0.66498351097106934,0.14870348572731018,0.67920058965682983,0.29013308882713318,0.8116307258605957,0.28087612986564636,0.66010487079620361,0.058232471346855164
0.69875067472457886,0.53245019912719727,0.45075252652168274,0.30225753784179688,0.42541056871414185,0.22861608862876892,0.70478641986846924,0.3391399085521698,0.63048076629638672,0.21362385153770447,0.57532602548599243,0.014126308262348175
0.59443497657775879,0.41403907537460327,0.39494353532791138,0.37506914138793945,0.45285958051681519,0.07228851318359375,0.59250611066818237,0.37620300054550171,0.61569124460220337,0.32575869560241699,0.54927867650985718,0.14191080629825592
0.48537421226501465,0.45869636535644531,0.28125384449958801,0.37097424268722534,0.38369274139404297,0.19271625578403473,0.48985543847084045,0.29649180173873901,0.51498293876647949,0.17353576421737671,0.48461708426475525,0.095994137227535248
0.39146071672439575,0.53040874004364014,0.27523595094680786,0.34876960515975952,0.19955715537071228,0.15369254350662231,0.49428918957710266,0.33983743190765381,0.33487313985824585,0.34255266189575195,0.36534923315048218,0.083465829491615295
0.27260857820510864,0.47971460223197937,0.09412006288766861,0.37148687243461609,0.19788768887519836,0.11950435489416122,0.33936727046966553,0.3559221625328064,0.27662205696105957,0.21130308508872986,0.09326084703207016,0.044391192495822906
0.084969520568847656,0.4472929835319519,-0.072332948446273804,0.27707988023757935,0.16527891159057617,0.036531798541545868,0.13268366456031799,0.25628015398979187,0.3289949893951416,0.25327295064926147,0.08443768322467804,0.051894683390855789
0.10566779971122742,0.37665447592735291,-0.23526163399219513,0.10790503025054932,0.16566073894500732,0.024169102311134338,0.12557300925254822,0.087436594069004059,0.17301839590072632,0.14717695116996765,-0.060455590486526489,0.015157869085669518
-0.0025635780766606331,0.22325839102268219,-0.34780639410018921,0.060552194714546204,-0.031199229881167412,-0.042313799262046814,0.16802129149436951,0.17449659109115601,0.20602089166641235,0.18987861275672913,-0.085494175553321838,-0.194691002368927
-0.15264333784580231,0.11307760328054428,-0.44655954837799072,-0.091262288391590118,-0.15560305118560791,-0.18337084352970123,0.029439240694046021,0.088474392890930176,-0.010187998414039612,0.020310036838054657,-0.13212990760803223,-0.26443427801132202
-0.1196836531162262,0.082924261689186096,-0.40425106883049011,-0.0077306702733039856,-0.092309311032295227,-0.29836910963058472,0.015253856778144836,-0.013892121613025665,0.10626080632209778,0.08945830911397934,-0.16982784867286682,-0.24642972648143768
-0.35460907220840454,0.092034660279750824,-0.49129369854927063,-0.15890346467494965,-0.35074335336685181,-0.24708552658557892,-0.13237743079662323,-0.18927305936813354,-0.14777460694313049,0.047646243125200272,-0.34609353542327881,-0.34118029475212097
-0.31924334168434143,-0.10617721825838089,-0.51923120021820068,-0.34565722942352295,-0.29826125502586365,-0.4132554829120636,-0.21850204467773438,-0.18943707644939423,-0.2177039235830307,-0.1044992059469223,-0.42520666122436523,-0.47768822312355042
-0.43541717529296875,-0.26260578632354736,-0.59323060512542725,-0.45929345488548279,-0.45393875241279602,-0.43029433488845825,-0.27755957841873169,-0.18243956565856934,-0.25504547357559204,-0.089857012033462524,-0.42303550243377686,-0.5897529125213623
-0.31232771277427673,-0.3099885880947113,-0.46205577254295349,-0.44386604428291321,-0.48771333694458008,-0.6555749773979187,-0.23134526610374451,-0.40091085433959961,-0.41282689571380615,-0.38233762979507446,-0.49967750906944275,-0.76554280519485474
-0.30628007650375366,-0.42415240406990051,-0.46680441498756409,-0.53169512748718262,-0.35224777460098267,-0.75509536266326904,-0.2997434139251709,-0.48497867584228516,-0.39901846647262573,-0.42258009314537048,-0.39222696423530579,-0.77579331398010254
-0.34694680571556091,-0.5992271900177002,-0.47304931282997131,-0.6408417820930481,-0.50920432806015015,-0.83331102132797241,-0.23996506631374359,-0.45747113227844238,-0.39022320508956909,-0.49516871571540833,-0.30229020118713379,-0.81492763757705688
-0.2827335000038147,-0.78227543830871582,-0.4193708598613739,-0.72939670085906982,-0.35324418544769287,-0.75610798597335815,-0.23780904710292816,-0.53000307083129883,-0.41583570837974548,-0.59794306755065918,-0.26554375886917114,-0.98492521047592163
-0.29437720775604248,-0.81941574811935425,-0.45392972230911255,-0.68394404649734497,-0.39852559566497803,-0.82455182075500488,-0.17441968619823456,-0.50385332107543945,-0.26041251420974731,-0.79063385725021362,-0.19433075189590454,-0.98110872507095337
-0.32074481248855591,-0.99112331867218018,-0.38335174322128296,-0.95570474863052368,-0.49700641632080078,-0.96429640054702759,-0.045680716633796692,-0.60839724540710449,-0.27467620372772217,-0.86858201026916504,-0.15492153167724609,-1.197742223739624
-0.23003701865673065,-0.95097595453262329,-0.23113703727722168,-0.97038304805755615,-0.33583691716194153,-0.99204164743423462,-0.099396616220474243,-0.80090773105621338,-0.37607032060623169,-0.83681493997573853,-0.07291809469461441,-1.0615121126174927
-0.12829464673995972,-1.1601431369781494,-0.078565359115600586,-0.96431916952133179,-0.3785763680934906,-0.96852630376815796,-0.022142939269542694,-0.79474258422851562,-0.26539644598960876,-0.9762493371963501,-0.083770006895065308,-1.1305884122848511
0.019740507006645203,-1.2727570533752441,-0.048090055584907532,-0.97721564769744873,-0.26464924216270447,-1.1450145244598389,-0.074038855731487274,-0.80715221166610718,-0.14752353727817535,-1.0138566493988037,0.032989129424095154,-1.0947229862213135
0.0092114750295877457,-1.1313319206237793,0.0050655584782361984,-0.92438995838165283,-0.14987319707870483,-1.0351800918579102,-0.042145572602748871,-0.99612170457839966,-0.14083009958267212,-1.1513071060180664,0.10855381190776825,-1.0995889902114868
0.0082023516297340393,-1.1333365440368652,0.18580909073352814,-1.0521327257156372,-0.25235030055046082,-1.0061089992523193,0.16347256302833557,-1.0326194763183594,-0.014144338667392731,-1.0424103736877441,0.31777733564376831,-0.98797810077667236
0.1150418147444725,-1.2364404201507568,0.25685286521911621,-0.96159595251083374,-0.064374238252639771,-1.1016016006469727,0.076431736350059509,-0.88882416486740112,0.040750227868556976,-1.0273376703262329,0.28084012866020203,-1.1343564987182617
0.31496596336364746,-1.0381391048431396,0.31160467863082886,-1.0690772533416748,-0.051316164433956146,-1.1662538051605225,0.15534870326519012,-1.0107380151748657,0.09644453227519989,-1.0904512405395508,0.44402152299880981,-0.9923551082611084
0.2474786788225174,-1.0748277902603149,0.32506859302520752,-0.96362048387527466,0.1261039525270462,-0.97827345132827759,0.203176349401474,-0.91439354419708252,0.18127784132957458,-1.0137783288955688,0.42862674593925476,-0.92837917804718018
0.31487137079238892,-0.95925676822662354,0.26808884739875793,-0.84496581554412842,0.16837790608406067,-0.98935890197753906,0.25773361325263977,-0.87362349033355713,0.39098361134529114,-1.0389158725738525,0.59078872203826904,-0.8813788890838623
0.45517599582672119,-0.90195971727371216,0.22128200531005859,-0.81449222564697266,0.12104952335357666,-0.90467405319213867,0.38246175646781921,-0.89617550373077393,0.44269874691963196,-1.0585110187530518,0.58045810461044312,-0.7028079628944397
0.67455941438674927,-0.77586907148361206,0.28931045532226562,-0.68172991275787354,0.23601484298706055,-0.78689301013946533,0.31359413266181946,-0.97636735439300537,0.45605474710464478,-1.0771567821502686,0.68436473608016968,-0.47898474335670471
0.64042472839355469,-0.67289406061172485,0.31191340088844299,-0.77172178030014038,0.12329523265361786,-0.69176590442657471,0.37109309434890747,-0.73900878429412842,0.39992344379425049,-0.87798780202865601,0.61704295873641968,-0.4643281102180481
0.58765780925750732,-0.59573113918304443,0.29428392648696899,-0.73440194129943848,0.26099568605422974,-0.56636703014373779,0.47085487842559814,-0.69095563888549805,0.49467915296554565,-0.66629236936569214,0.68157553672790527,-0.31605932116508484
0.62824916839599609,-0.50814217329025269,0.27346396446228027,-0.54598438739776611,0.16161198914051056,-0.43582689762115479,0.49216225743293762,-0.68381714820861816,0.4878934919834137,-0.69716334342956543,0.60218584537506104,-0.045821879059076309
0.66330248117446899,-0.35584995150566101,0.16845734417438507,-0.50362038612365723,0.18759649991989136,-0.37498918175697327,0.48349630832672119,-0.52899861335754395,0.42170459032058716,-0.62497216463088989,0.54497832059860229,0.042163148522377014
0.61739224195480347,-0.37991160154342651,0.23266053199768066,-0.33388486504554749,0.34017068147659302,-0.25359714031219482,0.47966277599334717,-0.50208431482315063,0.48173186182975769,-0.42078325152397156,0.42498654127120972,0.22701829671859741
0.43043571710586548,-0.31569552421569824,0.27476796507835388,-0.21687781810760498,0.33426731824874878,-0.17550119757652283,0.54631322622299194,-0.442493736743927,0.35870242118835449,-0.41572034358978271,0.46724596619606018,0.26645234227180481
0.35064014792442322,-0.068207211792469025,0.066667914390563965,-0.065496094524860382,0.083834253251552582,-0.069936096668243408,0.39827930927276611,-0.33041846752166748,0.29693636298179626,-0.200788214802742,0.39790239930152893,0.34868362545967102
0.34836107492446899,0.085113048553466797,-0.010056119412183762,-0.00392121821641922,0.1064130961894989,-0.046030398458242416,0.53540945053100586,-0.20659592747688293,0.29037418961524963,-0.11865480989217758,0.29632121324539185,0.52111196517944336
0.23073740303516388,0.038563288748264313,-0.12608404457569122,0.087942488491535187,-0.12541365623474121,0.086839795112609863,0.38851222395896912,-0.11830911785364151,0.25472614169120789,-0.0067696757614612579,0.050986390560865402,0.56356340646743774
0.064993731677532196,0.1668807715177536,-0.11419107019901276,0.090912312269210815,-0.2788352370262146,0.28285253047943115,0.40195220708847046,0.033220872282981873,0.16588516533374786,0.14444749057292938,0.0023377388715744019,0.69016265869140625
0.066091254353523254,0.23370814323425293,-0.17641791701316833,0.020614802837371826,-0.29243949055671692,0.17322650551795959,0.30154305696487427,0.1921982616186142,0.11908309161663055,0.034430868923664093,-0.18665066361427307,0.75708186626434326
-0.10205766558647156,0.3404293954372406,-0.15983317792415619,0.16808256506919861,-0.41630294919013977,0.36099141836166382,0.10726214945316315,0.17194755375385284,0.043378714472055435,0.17915692925453186,-0.31925979256629944,0.7619357705116272
-0.2082495242357254,0.47303679585456848,-0.35912865400314331,0.060747630894184113,-0.46035051345825195,0.35294246673583984,0.02658611536026001,0.27282881736755371,-0.19957254827022552,0.35793411731719971,-0.40326964855194092,0.71034282445907593
-0.30828195810317993,0.40530282258987427,-0.44006606936454773,0.25002121925354004,-0.71457546949386597,0.25616031885147095,-0.064298361539840698,0.34035158157348633,-0.15830071270465851,0.37448415160179138,-0.62616556882858276,0.52182132005691528
-0.43306976556777954,0.55341756343841553,-0.41029739379882812,0.26664161682128906,-0.68144208192825317,0.27834081649780273,-0.30763143301010132,0.33685874938964844,-0.32395061850547791,0.4461422860622406,-0.81499534845352173,0.59776067733764648
-0.45961543917655945,0.50755184888839722,-0.63733869791030884,0.35360836982727051,-0.81383424997329712,0.3988240659236908,-0.32660362124443054,0.42228490114212036,-0.58624476194381714,0.43680161237716675,-0.93520539999008179,0.38838344812393188
-0.63332515954971313,0.41812941431999207,-0.63330978155136108,0.29298785328865051,-0.85334914922714233,0.32792183756828308,-0.41362500190734863,0.54556524753570557,-0.70603030920028687,0.38522320985794067,-1.2345176935195923,0.43340009450912476
-0.69854092597961426,0.49308145046234131,-0.76389831304550171,0.28641489148139954,-0.97194916009902954,0.25948929786682129,-0.61328756809234619,0.40856257081031799,-0.67634427547454834,0.38935595750808716,-1.2984861135482788,0.13080880045890808
-0.82399386167526245,0.39420908689498901,-0.81163746118545532,0.16485625505447388,-0.96891874074935913,0.24434660375118256,-0.89049780368804932,0.47899317741394043,-0.68776404857635498,0.49250784516334534,-1.3046447038650513,0.19246678054332733
-0.74227327108383179,0.33126428723335266,-0.72490453720092773,0.30675351619720459,-1.1653255224227905,0.14781242609024048,-0.90543419122695923,0.42051306366920471,-0.84340935945510864,0.40953269600868225,-1.4065780639648438,-0.0037220688536763191
-0.82803803682327271,0.21181684732437134,-0.87677282094955444,0.35843914747238159,-1.1407784223556519,0.16146190464496613,-0.97208285331726074,0.31917873024940491,-1.0342415571212769,0.42047834396362305,-1.3463431596755981,-0.16413196921348572
-0.90730202198028564,0.21800905466079712,-0.98085123300552368,0.32868242263793945,-1.2959679365158081,0.042123645544052124,-1.1608688831329346,0.1938127726316452,-1.0081456899642944,0.25393220782279968,-1.3767094612121582,-0.26715847849845886
-1.0455009937286377,0.091286160051822662,-0.91502571105957031,0.21801955997943878,-1.2920956611633301,0.083877511322498322,-1.2107036113739014,0.13425642251968384,-1.1117743253707886,0.10371387004852295,-1.3108162879943848,-0.29648500680923462
-0.9790077805519104,0.041854672133922577,-0.96195286512374878,0.14385706186294556,-1.2108108997344971,-0.10582281649112701,-1.3028800487518311,0.1112973615527153,-1.0686039924621582,0.13426753878593445,-1.4468679428100586,-0.42554321885108948
-1.0575391054153442,-0.11897113919258118,-1.016216516494751,0.25754824280738831,-1.1216099262237549,-0.24433940649032593,-1.4039000272750854,-0.044452093541622162,-1.1803367137908936,-0.051575653254985809,-1.4001624584197998,-0.73862463235855103
-1.0058870315551758,-0.10326048731803894,-0.91928178071975708,0.081888996064662933,-1.1724674701690674,-0.27281805872917175,-1.3563055992126465,-0.13530531525611877,-1.0713701248168945,-0.037122569978237152,-1.206181526184082,-0.84156912565231323
-1.1011625528335571,-0.27932864427566528,-0.98247051239013672,-0.024300538003444672,-1.1220871210098267,-0.32166504859924316,-1.3469122648239136,-0.23385310173034668,-1.1285655498504639,-0.02416963130235672,-1.0826672315597534,-0.90731769800186157
-0.95261174440383911,-0.4673742949962616,-0.97515881061553955,0.017481084913015366,-1.0116637945175171,-0.41723805665969849,-1.4568462371826172,-0.37595668435096741,-1.1020766496658325,-0.20190197229385376,-1.1509461402893066,-0.99266147613525391
-0.83719462156295776,-0.45574823021888733,-0.85772162675857544,-0.08809344470500946,-0.88510143756866455,-0.45535150170326233,-1.3122345209121704,-0.42090940475463867,-1.0478165149688721,-0.11082270741462708,-1.0091454982757568,-1.0587847232818604
-0.80168479681015015,-0.46692639589309692,-0.94125044345855713,0.10309948027133942,-0.88007467985153198,-0.51702976226806641,-1.370787501335144,-0.44996154308319092,-1.0610505342483521,-0.20986834168434143,-0.86803966760635376,-1.1835432052612305
-0.7568628191947937,-0.68747967481613159,-0.88189548254013062,0.059691302478313446,-0.8367806077003479,-0.40071821212768555,-1.1922756433486938,-0.4856378436088562,-1.1308650970458984,-0.36453482508659363,-0.67007499933242798,-1.1078145503997803
-0.62288570404052734,-0.64404565095901489,-0.91287076473236084,0.10695476830005646,-0.72547632455825806,-0.39356264472007751,-1.1359307765960693,-0.55890774726867676,-0.87622171640396118,-0.41379129886627197,-0.51669514179229736,-1.1110724210739136
-0.58483612537384033,-0.75047481060028076,-0.74073386192321777,-0.064868859946727753,-0.53668761253356934,-0.24626171588897705,-0.97281044721603394,-0.5938572883605957,-0.88120561838150024,-0.31122589111328125,-0.3123779296875,-1.1297016143798828
-0.4083709716796875,-0.84660285711288452,-0.8000798225402832,0.027410313487052917,-0.47153240442276001,-0.23028180003166199,-0.91051310300827026,-0.55910408496856689,-0.85727685689926147,-0.304473876953125,-0.12544518709182739,-1.1235225200653076
-0.36493203043937683,-0.793221116065979,-0.78440123796463013,0.062767088413238525,-0.26545590162277222,-0.26312482357025146,-0.69799256324768066,-0.65718424320220947,-0.73538392782211304,-0.39473184943199158,0.10541657358407974,-0.90417391061782837
-0.035141170024871826,-0.63993632793426514,-0.53722739219665527,-0.12731868028640747,-0.24374134838581085,-0.21464075148105621,-0.7130696177482605,-0.65462493896484375,-0.63499033451080322,-0.41473633050918579,0.20911332964897156,-0.93920952081680298
-0.028337910771369934,-0.61527836322784424,-0.56942743062973022,-0.055667538195848465,0.011145874857902527,-0.10031519830226898,-0.59419524669647217,-0.80329251289367676,-0.53745472431182861,-0.51156860589981079,0.27481216192245483,-0.73243623971939087
0.1106259673833847,-0.62018764019012451,-0.46473309397697449,-0.058534570038318634,-0.0062789097428321838,-0.055823661386966705,-0.56376123428344727,-0.74220162630081177,-0.34747514128684998,-0.47446572780609131,0.38120830059051514,-0.54200929403305054
0.26024305820465088,-0.48165023326873779,-0.45933365821838379,-0.028030605986714363,0.033199675381183624,0.056131388992071152,-0.25176376104354858,-0.66681051254272461,-0.32948827743530273,-0.41591650247573853,0.50863391160964966,-0.53952014446258545
0.37156140804290771,-0.45736724138259888,-0.33898463845252991,0.045971781015396118,0.21069654822349548,0.11915669590234756,-0.16369359195232391,-0.65954262018203735,-0.088704988360404968,-0.42533177137374878,0.76784378290176392,-0.36546817421913147
0.37142777442932129,-0.2433953583240509,-0.26541447639465332,0.057124726474285126,0.16869115829467773,0.27863287925720215,-0.0428188256919384,-0.65145081281661987,-0.066139906644821167,-0.28350245952606201,0.72026032209396362,-0.042620327323675156
0.57017314434051514,-1.1555850505828857e-05,-0.246230348944664,0.087550878524780273,0.27719175815582275,0.31890293955802917,0.032369740307331085,-0.42157533764839172,0.058495048433542252,-0.20518165826797485,0.92372751235961914,0.20640367269515991
0.54775875806808472,0.1355758011341095,-0.0099108666181564331,0.10579270124435425,0.32435110211372375,0.50189006328582764,0.31306621432304382,-0.24035936594009399,0.099803447723388672,-0.12153294682502747,0.90919142961502075,0.32973086833953857
0.58998781442642212,0.30007198452949524,-0.008305378258228302,0.17249192297458649,0.32587558031082153,0.51842433214187622,0.27592512965202332,-0.10289602726697922,0.33431023359298706,0.047733411192893982,0.82504487037658691,0.61377412080764771
0.64164668321609497,0.27129915356636047,-0.055501386523246765,0.24932926893234253,0.44642481207847595,0.71359378099441528,0.36030781269073486,-0.0074312426149845123,0.33400961756706238,0.18657001852989197,0.72617912292480469,0.71038895845413208
0.79245656728744507,0.43108698725700378,0.044652514159679413,0.15734577178955078,0.27733814716339111,0.87181651592254639,0.41341978311538696,0.11884930729866028,0.51244360208511353,0.19762861728668213,0.7599109411239624,1.0309587717056274
0.77574688196182251,0.52146053314208984,0.15376296639442444,0.29399245977401733,0.28788131475448608,0.91523033380508423,0.50261163711547852,0.32490831613540649,0.4460863471031189,0.36524993181228638,0.67755335569381714,1.08781898021698
0.67540889978408813,0.74440610408782959,0.29466891288757324,0.24043691158294678,0.2226591557264328,1.0739003419876099,0.45786002278327942,0.43324869871139526,0.55236518383026123,0.39219716191291809,0.52065938711166382,1.34499192237854
0.59061276912689209,0.7848430871963501,0.28331190347671509,0.33788517117500305,0.26155981421470642,1.1374051570892334,0.50920343399047852,0.44405335187911987,0.57899093627929688,0.51958936452865601,0.47071290016174316,1.4228670597076416
0.63386261463165283,1.0437221527099609,0.41258364915847778,0.37401542067527771,0.1524813324213028,1.0992386341094971,0.42936742305755615,0.64536064863204956,0.62240713834762573,0.54393637180328369,0.23841862380504608,1.4692935943603516
0.63429003953933716,1.0954751968383789,0.24547550082206726,0.53690344095230103,0.14970344305038452,1.259050726890564,0.41637727618217468,0.76394921541213989,0.75026357173919678,0.69175291061401367,0.21503475308418274,1.6078954935073853
0.4242570698261261,1.2286583185195923,0.24681645631790161,0.62664550542831421,-0.064018115401268005,1.2677649259567261,0.31169462203979492,0.81611466407775879,0.69983386993408203,0.891213059425354,-0.048408176749944687,1.6657242774963379
0.26199823617935181,1.336753249168396,0.33362975716590881,0.55981117486953735,-0.1569267213344574,1.1662201881408691,0.29726126790046692,0.87134671211242676,0.63166153430938721,0.93610590696334839,-0.18898412585258484,1.7343803644180298
0.17338694632053375,1.2738106250762939,0.27812385559082031,0.65654438734054565,-0.28433617949485779,1.2157148122787476,0.31644675135612488,1.0351463556289673,0.69071143865585327,0.93389385938644409,-0.46039697527885437,1.6777546405792236
-0.030317395925521851,1.3926420211791992,0.20523302257061005,0.74542266130447388,-0.31732061505317688,1.1153841018676758,0.15153715014457703,1.290123462677002,0.62676650285720825,1.0171960592269897,-0.51592522859573364,1.686933159828186
-0.094025984406471252,1.3360075950622559,0.32687041163444519,0.90436124801635742,-0.34115290641784668,1.0685794353485107,0.091307036578655243,1.1766335964202881,0.59625816345214844,1.201593279838562,-0.80753350257873535,1.5305428504943848
-0.12295330315828323,1.0961841344833374,0.087263889610767365,0.82525104284286499,-0.50453078746795654,1.1970144510269165,0.05287594348192215,1.3241509199142456,0.4320511519908905,1.1499249935150146,-0.98811548948287964,1.5005172491073608
-0.30735799670219421,1.1805442571640015,0.095107875764369965,0.91563332080841064,-0.68304520845413208,1.1483181715011597,0.030957885086536407,1.4274284839630127,0.30620443820953369,1.2204642295837402,-0.97587358951568604,1.3494136333465576
-0.3375389575958252,1.0786293745040894,0.015013813972473145,0.9089474081993103,-0.68023258447647095,0.8735884428024292,-0.19903260469436646,1.441142201423645,0.21980968117713928,1.1292852163314819,-1.2523629665374756,1.2457706928253174
-0.43989637494087219,0.89378082752227783,-0.11844350397586823,0.98978239297866821,-0.84533721208572388,0.94531929492950439,-0.10670571029186249,1.2560441493988037,0.21598321199417114,1.3527967929840088,-1.2092655897140503,1.076781153678894
-0.47886410355567932,0.85471886396408081,-0.0085256621241569519,0.88183879852294922,-0.83306437730789185,0.84007370471954346,-0.2791391909122467,1.2064996957778931,-0.0019403807818889618,1.2906162738800049,-1.3467948436737061,1.0406653881072998
-0.59905087947845459,0.79579561948776245,0.012274652719497681,0.89425742626190186,-0.89918804168701172,0.61773490905761719,-0.37881618738174438,1.1521230936050415,0.065263517200946808,1.0704613924026489,-1.3662919998168945,0.8488125205039978
-0.76834064722061157,0.64471602439880371,-0.097394451498985291,0.90290343761444092,-0.81774806976318359,0.48034694790840149,-0.25643789768218994,1.1914637088775635,-0.075770005583763123,1.0558363199234009,-1.516643762588501,0.63806015253067017
-0.72472184896469116,0.5027499794960022,-0.10912446677684784,0.81967556476593018,-0.88616704940795898,0.41152569651603699,-0.51400625705718994,1.108168363571167,-0.23618039488792419,0.87963849306106567,-1.4381866455078125,0.30768543481826782
-0.84014403820037842,0.40854597091674805,-0.15157194435596466,0.80453389883041382,-0.90790539979934692,0.37530839443206787,-0.42929363250732422,0.84584051370620728,-0.27845695614814758,0.93183207511901855,-1.3033578395843506,0.12137060612440109
-0.81502556800842285,0.2074684202671051,-0.24195799231529236,0.72261428833007812,-0.90146178007125854,0.08797985315322876,-0.49478504061698914,0.73977828025817871,-0.34674662351608276,0.75515216588973999,-1.2662355899810791,-0.093152284622192383
-0.78967171907424927,0.025309756398200989,-0.3044554591178894,0.76419097185134888,-0.6926073431968689,0.07520727813243866,-0.53648483753204346,0.69137215614318848,-0.30456826090812683,0.72139286994934082,-1.1214758157730103,-0.16687192022800446
-0.67004644870758057,-0.16786466538906097,-0.13431765139102936,0.5502091646194458,-0.57437098026275635,-0.19983300566673279,-0.55998164415359497,0.46281367540359497,-0.37564989924430847,0.46319302916526794,-1.0239033699035645,-0.53723585605621338
-0.72734791040420532,-0.37497836351394653,-0.15842916071414948,0.55734187364578247,-0.48047667741775513,-0.36189329624176025,-0.46719235181808472,0.32610148191452026,-0.307422935962677,0.39572617411613464,-0.91405445337295532,-0.67035269737243652
-0.56876480579376221,-0.61998701095581055,-0.1449560672044754,0.37274593114852905,-0.45506256818771362,-0.43284332752227783,-0.42889863252639771,0.34561112523078918,-0.37351423501968384,0.31808063387870789,-0.75409257411956787,-0.64577072858810425
-0.35851371288299561,-0.70636194944381714,-0.14751920104026794,0.41256400942802429,-0.27407890558242798,-0.38686907291412354,-0.33269283175468445,0.19849155843257904,-0.17127950489521027,0.16775283217430115,-0.46454665064811707,-0.96499264240264893
-0.30937978625297546,-0.73352771997451782,-0.147162064909935,0.41019630432128906,-0.17092472314834595,-0.57472914457321167,-0.37451955676078796,0.057689554989337921,-0.11950768530368805,0.068933449685573578,-0.32308751344680786,-1.0496586561203003
-0.071400374174118042,-0.86513763666152954,-0.22108674049377441,0.25014594197273254,0.13006940484046936,-0.65372437238693237,-0.23241972923278809,-0.059794127941131592,-0.19059920310974121,-0.037638586014509201,0.0055444799363613129,-0.98924070596694946
0.12972736358642578,-0.82014286518096924,-0.036628209054470062,0.22020521759986877,0.32746061682701111,-0.64520198106765747,-0.2336275577545166,-0.11247371882200241,-0.062686771154403687,-0.20397377014160156,0.34282419085502625,-1.0947577953338623
0.41074085235595703,-0.97577005624771118,-0.0053530298173427582,0.14181503653526306,0.34640249609947205,-0.69280040264129639,-0.085167080163955688,-0.35142764449119568,0.079514786601066589,-0.22636227309703827,0.64732265472412109,-1.1738314628601074
0.45754656195640564,-1.0106494426727295,-0.016472600400447845,0.071978949010372162,0.54660224914550781,-0.64289170503616333,0.0941767618060112,-0.33297306299209595,0.086001604795455933,-0.37856560945510864,0.81007963418960571,-1.0042650699615479
0.65729266405105591,-1.0634806156158447,0.096541576087474823,-0.058616340160369873,0.53937602043151855,-0.6160704493522644,0.22194884717464447,-0.41728055477142334,0.19074141979217529,-0.45084962248802185,0.97362267971038818,-1.118466854095459
1.0029398202896118,-1.0858792066574097,0.24811074137687683,-0.23257461190223694,0.72561657428741455,-0.6494099497795105,0.33516070246696472,-0.43941012024879456,0.24655713140964508,-0.53954356908798218,1.1720709800720215,-0.95378893613815308
1.1711099147796631,-0.90622669458389282,0.32211050391197205,-0.24356177449226379,0.97842836380004883,-0.50092011690139771,0.42315134406089783,-0.62427771091461182,0.20576943457126617,-0.49915415048599243,1.3091095685958862,-0.71707028150558472
1.3105771541595459,-0.81748181581497192,0.21728172898292542,-0.12656396627426147,1.0091060400009155,-0.49069759249687195,0.54554808139801025,-0.62364816665649414,0.43604066967964172,-0.56459474563598633,1.5602873563766479,-0.57326358556747437
1.3140836954116821,-0.70534431934356689,0.41896933317184448,-0.2191491425037384,1.1237770318984985,-0.44544115662574768,0.72109735012054443,-0.60962355136871338,0.46709918975830078,-0.7659764289855957,1.6959165334701538,-0.53214669227600098
1.6222906112670898,-0.56502538919448853,0.44643548130989075,-0.098619654774665833,1.3333503007888794,-0.34281718730926514,0.76865518093109131,-0.52952629327774048,0.58205896615982056,-0.77346122264862061,1.7854708433151245,-0.30771806836128235
1.668822169303894,-0.49733510613441467,0.57710808515548706,-0.15758757293224335,1.4092932939529419,-0.31857270002365112,0.90963327884674072,-0.53075253963470459,0.7498098611831665,-0.84709185361862183,1.7987645864486694,-0.078150048851966858
1.601593017578125,-0.33802375197410583,0.51742452383041382,-0.19454388320446014,1.3370585441589355,-0.21239209175109863,0.96361291408538818,-0.55414110422134399,0.81086099147796631,-0.60517603158950806,1.9417476654052734,0.031120646744966507
1.7746880054473877,-0.17346586287021637,0.73381584882736206,-0.33597791194915771,1.3713898658752441,-0.015368647873401642,1.2259426116943359,-0.34654825925827026,0.772605299949646,-0.69532358646392822,1.9553673267364502,0.21383129060268402
1.6467097997665405,0.053910084068775177,0.76776230335235596,-0.26941442489624023,1.3759126663208008,0.08298039436340332,1.2856158018112183,-0.33255356550216675,0.89883768558502197,-0.65859454870223999,1.8631486892700195,0.47637882828712463
1.5288541316986084,0.13850554823875427,0.76306724548339844,-0.34636500477790833,1.3453118801116943,0.2224450409412384,1.4221796989440918,-0.2243276834487915,1.0035202503204346,-0.57581025362014771,1.8941586017608643,0.70548123121261597
1.6273016929626465,0.36150321364402771,0.97675102949142456,-0.24369010329246521,1.2276123762130737,0.25928723812103271,1.3101799488067627,-0.19734156131744385,0.99783962965011597,-0.50537872314453125,1.7173405885696411,0.91293299198150635
1.4760892391204834,0.56267839670181274,1.0409325361251831,-0.19868788123130798,1.159604549407959,0.4065413773059845,1.2791097164154053,-0.10481541603803635,1.1765966415405273,-0.46218201518058777,1.5279312133789062,0.91146653890609741
1.4334229230880737,0.71257531642913818,1.0269355773925781,-0.2346133291721344,1.1198534965515137,0.370674729347229,1.2208921909332275,-0.14510942995548248,1.0474730730056763,-0.36740511655807495,1.4671101570129395,1.0361647605895996
1.1588578224182129,0.70611852407455444,1.103786826133728,-0.21901057660579681,0.98513966798782349,0.54760783910751343,1.2797374725341797,-0.014135194942355156,1.0729987621307373,-0.29603508114814758,1.3527376651763916,1.1198227405548096
1.0145412683486938,0.84503769874572754,0.88419979810714722,-0.14576879143714905,0.84141343832015991,0.58786612749099731,1.1211402416229248,0.14425592124462128,1.0997191667556763,-0.11099500954151154,1.2104246616363525,1.3212136030197144
0.8566509485244751,0.93604236841201782,1.0162653923034668,-0.13814520835876465,0.70590025186538696,0.70297741889953613,1.1497234106063843,0.19266232848167419,0.93023699522018433,-0.079450994729995728,0.86834251880645752,1.3430523872375488
0.79914957284927368,0.84616118669509888,0.96726804971694946,-0.098769061267375946,0.50214165449142456,0.69120907783508301,1.1047819852828979,0.26090329885482788,0.91791743040084839,0.19409330189228058,0.67439907789230347,1.4605429172515869
0.58934420347213745,0.97691202163696289,0.7779662013053894,-0.0091925878077745438,0.38004583120346069,0.63375234603881836,1.053104043006897,0.24112725257873535,0.77760833501815796,0.2138310968875885,0.46786832809448242,1.4227586984634399
0.39798465371131897,0.85669422149658203,0.83846718072891235,-0.025882843881845474,0.068780727684497833,0.6898009181022644,0.81995117664337158,0.38155367970466614,0.73632431030273438,0.20595487952232361,0.28239598870277405,1.4720968008041382
0.2919107973575592,0.88030403852462769,0.72951644659042358,0.12498043477535248,-0.11417676508426666,0.72814714908599854,0.79253309965133667,0.25153446197509766,0.62891256809234619,0.40646636486053467,-0.067070558667182922,1.3516992330551147
0.024328729137778282,0.85471105575561523,0.69742763042449951,0.039147432893514633,-0.18555498123168945,0.67457288503646851,0.62076514959335327,0.45561784505844116,0.57186144590377808,0.37537935376167297,-0.2404036819934845,1.3299075365066528
-0.11141183227300644,0.60645586252212524,0.67016953229904175,0.082637660205364227,-0.27122998237609863,0.60967975854873657,0.65060675144195557,0.380706787109375,0.5899384617805481,0.2889934778213501,-0.55130589008331299,1.1364496946334839
-0.29547715187072754,0.60918104648590088,0.522594153881073,0.03436596691608429,-0.53579813241958618,0.4373319149017334,0.52783375978469849,0.38279101252555847,0.43143141269683838,0.36459642648696899,-0.70565354824066162,0.96409648656845093
-0.59070640802383423,0.4320538341999054,0.47666215896606445,0.22571910917758942,-0.53333306312561035,0.34724551439285278,0.19119873642921448,0.52368319034576416,0.16926050186157227,0.32465225458145142,-0.88725221157073975,0.66267746686935425
-0.68437355756759644,0.22305884957313538,0.35027265548706055,0.26141783595085144,-0.67949718236923218,0.25747323036193848,0.17810256779193878,0.36373719573020935,-0.0064537078142166138,0.50862276554107666,-1.0745548009872437,0.53321391344070435
-0.64463937282562256,0.12696823477745056,0.10495331883430481,0.33482196927070618,-0.83492493629455566,0.050710286945104599,0.023314503952860832,0.45680868625640869,-0.070097893476486206,0.44110298156738281,-1.144425630569458,0.35773533582687378
-0.8577691912651062,-0.15893758833408356,0.088598951697349548,0.29591178894042969,-0.92280232906341553,-0.1199314147233963,-0.24809634685516357,0.44271191954612732,-0.15467099845409393,0.22404575347900391,-1.4021755456924438,0.059737913310527802
-0.75784462690353394,-0.31364405155181885,-0.0033858586102724075,0.31665480136871338,-0.97471368312835693,-0.27187645435333252,-0.4091968834400177,0.28299644589424133,-0.43548256158828735,0.19450163841247559,-1.3183058500289917,-0.20192766189575195
-0.86857372522354126,-0.57490849494934082,-0.19358968734741211,0.19590257108211517,-0.95636278390884399,-0.44642409682273865,-0.46730971336364746,0.17296767234802246,-0.5382651686668396,0.12529855966567993,-1.3683619499206543,-0.59425383806228638
-0.77853447198867798,-0.60422581434249878,-0.23788546025753021,0.23679725825786591,-0.98119664192199707,-0.53110390901565552,-0.58152306079864502,0.19236154854297638,-0.57516688108444214,0.035284183919429779,-1.3868860006332397,-0.76338881254196167
-0.79259622097015381,-0.9226643443107605,-0.27869877219200134,0.093770556151866913,-0.80905324220657349,-0.72654229402542114,-0.54052954912185669,0.036459006369113922,-0.80347353219985962,-0.20790109038352966,-1.5360203981399536,-0.8969871997833252
-0.66406905651092529,-1.135869026184082,-0.35808426141738892,0.17845195531845093,-0.8815532922744751,-0.94306850433349609,-0.56101793050765991,-0.16625568270683289,-0.87279415130615234,-0.19965380430221558,-1.4559859037399292,-1.273703932762146
-0.74520909786224365,-1.2377990484237671,-0.43387088179588318,0.052745688706636429,-0.77975368499755859,-0.95622563362121582,-0.74236088991165161,-0.22966037690639496,-0.90139549970626831,-0.32042008638381958,-1.3427407741546631,-1.4959065914154053
-0.61642539501190186,-1.3429419994354248,-0.52730762958526611,-0.039221532642841339,-0.76223295927047729,-1.2136991024017334,-0.71675205230712891,-0.39711937308311462,-0.95233398675918579,-0.55985713005065918,-1.1398022174835205,-1.5353966951370239
-0.45707413554191589,-1.4619585275650024,-0.55224114656448364,0.0024083182215690613,-0.56783884763717651,-1.1779179573059082,-0.75447762012481689,-0.6366347074508667,-0.96464711427688599,-0.67180091142654419,-1.022221565246582,-1.7818740606307983
-0.31296810507774353,-1.6358044147491455,-0.72304683923721313,-0.29801672697067261,-0.55505532026290894,-1.3757234811782837,-0.730732262134552,-0.83881223201751709,-0.7614409327507019,-0.84263521432876587,-0.77671545743942261,-1.8092809915542603
-0.25097358226776123,-1.5634593963623047,-0.74247181415557861,-0.33129715919494629,-0.31296616792678833,-1.2556025981903076,-0.65358179807662964,-0.90564292669296265,-0.66319489479064941,-0.88527947664260864,-0.57509690523147583,-2.0043315887451172
-0.016860082745552063,-1.7123779058456421,-0.70961159467697144,-0.39797300100326538,-0.17882220447063446,-1.45149827003479,-0.53591573238372803,-0.88603830337524414,-0.76764357089996338,-1.0100640058517456,-0.252968430519104,-2.1595866680145264
0.086483225226402283,-1.7090290784835815,-0.75996857881546021,-0.41730359196662903,-0.158031165599823,-1.4713515043258667,-0.58785742521286011,-0.98676413297653198,-0.66905373334884644,-1.0478448867797852,-0.11369726061820984,-2.232201099395752
0.37730684876441956,-1.6948013305664062,-0.73462742567062378,-0.59969627857208252,0.17081019282341003,-1.3895553350448608,-0.48712649941444397,-1.1932544708251953,-0.50280517339706421,-1.0273885726928711,0.13292989134788513,-2.2265005111694336
0.46953427791595459,-1.584437370300293,-0.7383837103843689,-0.75324523448944092,0.14179959893226624,-1.2987082004547119,-0.24932393431663513,-1.1538758277893066,-0.35740795731544495,-1.1091669797897339,0.51499831676483154,-2.2720224857330322
0.70303082466125488,-1.6001980304718018,-0.7825779914855957,-0.81618058681488037,0.23357850313186646,-1.2661536931991577,-0.21072740852832794,-1.2842812538146973,-0.30532827973365784,-1.2185814380645752,0.78367060422897339,-2.1785492897033691
0.90200799703598022,-1.3668614625930786,-0.53394961357116699,-0.92269736528396606,0.43048682808876038,-1.0310829877853394,-0.10179437696933746,-1.3560514450073242,-0.28098589181900024,-1.2371296882629395,0.98422199487686157,-1.9472239017486572
1.0286105871200562,-1.2660571336746216,-0.57333767414093018,-1.0433269739151001,0.61171042919158936,-1.0253101587295532,0.050209134817123413,-1.3858275413513184,-0.21196240186691284,-1.261397123336792,1.1724697351455688,-1.8278905153274536
1.1242139339447021,-1.0861194133758545,-0.35660368204116821,-1.1109508275985718,0.69178372621536255,-0.82844078540802002,0.11594977974891663,-1.3397760391235352,-0.094713017344474792,-1.3195042610168457,1.2634789943695068,-1.6593843698501587
1.224173903465271,-1.0790942907333374,-0.16822510957717896,-1.1837836503982544,0.7446480393409729,-0.71560138463973999,0.40778017044067383,-1.3241697549819946,0.079778164625167847,-1.3004560470581055,1.4181678295135498,-1.3956845998764038
1.1623111963272095,-0.78862220048904419,-0.14838582277297974,-1.2169463634490967,0.73890113830566406,-0.58805340528488159,0.44637084007263184,-1.3821876049041748,0.16894574463367462,-1.2033013105392456,1.5747942924499512,-1.239472508430481
1.1392197608947754,-0.55589276552200317,-0.084460392594337463,-1.1591308116912842,0.74659150838851929,-0.41184738278388977,0.50310331583023071,-1.0894182920455933,0.23080842196941376,-1.0825438499450684,1.8139650821685791,-0.94945269823074341
1.1625831127166748,-0.4056953489780426,0.015596352517604828,-1.1759153604507446,0.88963735103607178,-0.26129359006881714,0.6023826003074646,-1.0921610593795776,0.34263691306114197,-1.0533638000488281,1.6813281774520874,-0.62791168689727783
1.178661584854126,-0.26067841053009033,0.33359935879707336,-0.96029675006866455,0.86087250709533691,-0.16952133178710938,0.86145180463790894,-0.97442340850830078,0.44164758920669556,-0.85775142908096313,1.7845014333724976,-0.43444553017616272
1.1620734930038452,0.012253034859895706,0.30260443687438965,-0.90071612596511841,0.81177455186843872,-0.11298505961894989,0.8867042064666748,-0.84708815813064575,0.52112311124801636,-0.87836134433746338,1.7387983798980713,-0.2321104109287262
1.08500075340271,0.24238187074661255,0.33012667298316956,-0.85803109407424927,0.86882013082504272,0.10953016579151154,0.9291042685508728,-0.75718802213668823,0.48503637313842773,-0.69993937015533447,1.6981297731399536,0.27364867925643921
1.0063157081604004,0.40351951122283936,0.49238583445549011,-0.73973721265792847,0.76706784963607788,0.32895249128341675,1.073330283164978,-0.5632520318031311,0.61378490924835205,-0.50788712501525879,1.4739382266998291,0.48179686069488525
0.77055943012237549,0.62856149673461914,0.45117491483688354,-0.73571884632110596,0.71985369920730591,0.39347195625305176,0.99726492166519165,-0.40647435188293457,0.65016371011734009,-0.49870127439498901,1.421366810798645,0.66601055860519409
0.73427397012710571,0.72932541370391846,0.68175411224365234,-0.54776585102081299,0.60037446022033691,0.47595638036727905,0.9761391282081604,-0.14191901683807373,0.56984823942184448,-0.33124223351478577,1.1382046937942505,1.0330630540847778
0.52408647537231445,0.83087331056594849,0.4969409704208374,-0.40559190511703491,0.65995103120803833,0.6146315336227417,1.0040819644927979,0.07142186164855957,0.56862092018127441,-0.12039865553379059,0.85606843233108521,1.2534126043319702
0.37655797600746155,1.0967217683792114,0.59262508153915405,-0.3097396194934845,0.46265512704849243,0.79887765645980835,0.96673798561096191,0.08301776647567749,0.42327284812927246,0.05179503932595253,0.5658409595489502,1.3989182710647583
0.050016555935144424,1.0241197347640991,0.63466924428939819,-0.19121389091014862,0.35362878441810608,0.99797302484512329,0.87456178665161133,0.3156467080116272,0.32533875107765198,0.26452642679214478,0.17082418501377106,1.6320685148239136
-0.1673537939786911,1.1448807716369629,0.45908543467521667,-0.089718557894229889,0.14266958832740784,1.0109810829162598,0.67915654182434082,0.47319671511650085,0.21078397333621979,0.24959048628807068,0.029133429750800133,1.6294777393341064
-0.29185789823532104,1.2059265375137329,0.40713676810264587,0.043622121214866638,0.048569373786449432,0.82778626680374146,0.65858495235443115,0.67279863357543945,0.31990864872932434,0.50611954927444458,-0.33943647146224976,1.7222188711166382
-0.62734830379486084,1.189720630645752,0.30648645758628845,0.22503644227981567,-0.069451719522476196,0.92147284746170044,0.49805393815040588,0.87693077325820923,0.12460663914680481,0.61793512105941772,-0.58369505405426025,1.6970592737197876
-0.70429646968841553,1.0887563228607178,0.18615226447582245,0.33506923913955688,-0.25234469771385193,0.94320040941238403,0.27478137612342834,0.92827403545379639,0.074609585106372833,0.5936133861541748,-0.96449309587478638,1.5160921812057495
-1.1213369369506836,1.0960745811462402,0.10313013195991516,0.46111929416656494,-0.40735781192779541,0.89704352617263794,-0.03969341516494751,1.1053423881530762,-0.081373400986194611,0.72289276123046875,-1.1927669048309326,1.5152777433395386
-1.1452869176864624,0.92555063962936401,0.11285948753356934,0.72381550073623657,-0.54911690950393677,0.85678493976593018,-0.14023065567016602,1.0398290157318115,-0.35689321160316467,0.79787790775299072,-1.4553828239440918,1.4217623472213745
-1.4212272167205811,0.90918666124343872,-0.16664719581604004,0.74914366006851196,-0.81741094589233398,0.8878287672996521,-0.25582486391067505,1.1925076246261597,-0.46220993995666504,0.84460616111755371,-1.7323229312896729,1.2906234264373779
-1.7083591222763062,0.6035735011100769,-0.19702188670635223,0.75342679023742676,-0.96803325414657593,0.75192254781723022,-0.62886935472488403,1.0494239330291748,-0.66405606269836426,1.0465396642684937,-1.9119268655776978,0.95345026254653931
-1.6705669164657593,0.48356008529663086,-0.31674405932426453,0.89600396156311035,-1.0023801326751709,0.72769248485565186,-0.78956657648086548,1.1620916128158569,-0.78708088397979736,0.82352656126022339,-2.1933786869049072,0.83054053783416748
-1.7694205045700073,0.32642099261283875,-0.62834739685058594,0.91952747106552124,-1.1337590217590332,0.59971022605895996,-0.92363780736923218,1.1853176355361938,-0.90770763158798218,0.94677537679672241,-2.3740298748016357,0.6799083948135376
-1.8761816024780273,0.13158836960792542,-0.59741908311843872,0.78359329700469971,-1.1972916126251221,0.36587673425674438,-1.0522061586380005,0.91516554355621338,-1.0548710823059082,0.7862657904624939,-2.4675469398498535,0.31770431995391846
-1.91734778881073,-0.12803630530834198,-0.90498572587966919,0.84106183052062988,-1.2580595016479492,0.28975999355316162,-1.2498916387557983,0.89016526937484741,-1.1549659967422485,0.81241297721862793,-2.5915994644165039,0.019638538360595703
-1.8928705453872681,-0.35805428028106689,-1.0985305309295654,0.69441992044448853,-1.3198055028915405,0.035065814852714539,-1.3796436786651611,0.88680773973464966,-1.3544731140136719,0.81155163049697876,-2.5940220355987549,-0.23098210990428925
-1.8399378061294556,-0.43477657437324524,-1.0772621631622314,0.63872122764587402,-1.146140456199646,-0.12460188567638397,-1.4598058462142944,0.68645846843719482,-1.3550281524658203,0.71084147691726685,-2.5455558300018311,-0.52668863534927368
-1.5852000713348389,-0.62549632787704468,-1.2045704126358032,0.42789649963378906,-1.2486534118652344,-0.15342874825000763,-1.5540444850921631,0.49658834934234619,-1.4632974863052368,0.58359718322753906,-2.4089992046356201,-0.91391497850418091
-1.517352819442749,-0.72708219289779663,-1.4355583190917969,0.41607460379600525,-1.1873042583465576,-0.37697955965995789,-1.8479121923446655,0.40455174446105957,-1.4662322998046875,0.5236055850982666,-2.3493266105651855,-1.0796939134597778
-1.4370981454849243,-1.0295528173446655,-1.5080554485321045,0.30256187915802002,-1.0886174440383911,-0.57981789112091064,-1.7504415512084961,0.25061795115470886,-1.4565989971160889,0.39832299947738647,-2.1563923358917236,-1.3242764472961426
-1.3452476263046265,-1.1851122379302979,-1.4345570802688599,0.17575135827064514,-0.97593420743942261,-0.67030191421508789,-1.8001538515090942,0.060002528131008148,-1.3691658973693848,0.27046093344688416,-2.0157191753387451,-1.6252509355545044
-1.1924985647201538,-1.2012959718704224,-1.484607458114624,0.19826963543891907,-0.79285836219787598,-0.73899573087692261,-1.8743636608123779,-0.27831712365150452,-1.434537410736084,0.18692383170127869,-1.5941561460494995,-1.9495279788970947
-0.96896052360534668,-1.39661705493927,-1.5531681776046753,-0.067826017737388611,-0.55457776784896851,-0.97130066156387329,-1.7944421768188477,-0.47429695725440979,-1.2132418155670166,-0.072967246174812317,-1.3056226968765259,-1.9970612525939941
-0.79697173833847046,-1.488579273223877,-1.5632307529449463,-0.21065317094326019,-0.35879853367805481,-0.93337011337280273,-1.5323587656021118,-0.53170281648635864,-1.2144066095352173,-0.26524817943572998,-1.0998194217681885,-2.0889239311218262
-0.61710000038146973,-1.4918107986450195,-1.4389758110046387,-0.27727112174034119,-0.18939962983131409,-1.0834898948669434,-1.493996262550354,-0.80135989189147949,-1.0804095268249512,-0.31267094612121582,-0.71898031234741211,-2.2689132690429688
-0.35227429866790771,-1.4422593116760254,-1.3174220323562622,-0.4684283435344696,-0.0090410113334655762,-1.1673442125320435,-1.4488319158554077,-0.86184674501419067,-1.0147256851196289,-0.44775134325027466,-0.35924190282821655,-2.2560510635375977
-0.082036495208740234,-1.400316596031189,-1.0998387336730957,-0.46082839369773865,0.074523463845252991,-1.1474851369857788,-1.1121102571487427,-1.1094321012496948,-0.95651447772979736,-0.36579468846321106,0.15088477730751038,-2.1498448848724365
0.099325843155384064,-1.3420112133026123,-1.1002306938171387,-0.50988876819610596,0.38997268676757812,-1.1150747537612915,-0.93775707483291626,-1.1667788028717041,-0.89562457799911499,-0.41630414128303528,0.31644397974014282,-2.1208038330078125
0.4813636839389801,-1.383679986000061,-0.9555351734161377,-0.56213104724884033,0.48138591647148132,-1.1408461332321167,-0.7211461067199707,-1.1175936460494995,-0.78938305377960205,-0.59011965990066528,0.7878272533416748,-1.855069637298584
0.62591844797134399,-1.1725068092346191,-0.79811769723892212,-0.57386142015457153,0.7692115306854248,-1.0587706565856934,-0.60958462953567505,-1.3096094131469727,-0.58348309993743896,-0.50482052564620972,1.020301342010498,-1.8158937692642212
