0.96741455793380737,0.036656960844993591,-0.099575802683830261,0.020488321781158447,0.94882333278656006,0.036681734025478363,-0.072523713111877441,0.0056188525632023811,0.94541829824447632,0.063654497265815735,-0.12495489418506622,-0.007762223482131958,1.0028380155563354,0.083423256874084473,-0.12649241089820862,0.048084594309329987,1.0298576354980469,0.03241744264960289,-0.081739731132984161,0.0031459094025194645,0.96536320447921753,0.010183319449424744,-0.14294549822807312,-0.018111933022737503
0.94621837139129639,0.13602074980735779,-0.15921099483966827,0.032883882522583008,0.97960764169692993,0.13169915974140167,-0.20173780620098114,-0.014463405124843121,0.94248276948928833,0.075851663947105408,-0.2191120833158493,-0.052903875708580017,0.98900294303894043,0.17476606369018555,-0.24531538784503937,-0.014928892254829407,1.0587611198425293,0.056829102337360382,-0.15121930837631226,-0.051590289920568466,0.93293303251266479,0.010990757495164871,-0.25313803553581238,-0.063012093305587769
0.93480777740478516,0.23204192519187927,-0.2311120331287384,0.0099912602454423904,0.93834668397903442,0.14275050163269043,-0.25751298666000366,-0.012878477573394775,0.92455428838729858,0.12477472424507141,-0.30546516180038452,-0.11583119630813599,0.94176179170608521,0.22770176827907562,-0.29730775952339172,-0.060875155031681061,1.0619319677352905,0.081389851868152618,-0.21248160302639008,-0.020345423370599747,0.89446508884429932,0.044187389314174652,-0.3563782274723053,-0.12421022355556488
0.86879587173461914,0.30536094307899475,-0.32349991798400879,-0.013244550675153732,0.90744560956954956,0.23554787039756775,-0.35118609666824341,-0.060104899108409882,0.93074655532836914,0.18032713234424591,-0.3774990439414978,-0.14771753549575806,0.90497368574142456,0.22885894775390625,-0.34267556667327881,-0.065605439245700836,0.98099207878112793,0.10102196782827377,-0.31010535359382629,-0.087153233587741852,0.85726451873779297,0.073491133749485016,-0.4420352578163147,-0.15133790671825409
0.82383614778518677,0.30929064750671387,-0.45512524247169495,-0.05344332754611969,0.88855910301208496,0.2313760370016098,-0.4826723039150238,-0.054795410484075546,0.85084563493728638,0.1930425763130188,-0.48156401515007019,-0.18999159336090088,0.8787151575088501,0.24892550706863403,-0.45372647047042847,-0.14489307999610901,0.95836472511291504,0.15772733092308044,-0.39960113167762756,-0.11344491690397263,0.79269784688949585,0.051850531250238419,-0.49733051657676697,-0.22140674293041229
0.80626285076141357,0.37291145324707031,-0.55153131484985352,-0.072196923196315765,0.78319764137268066,0.28353866934776306,-0.61193680763244629,-0.14436972141265869,0.75673902034759521,0.23962581157684326,-0.57345682382583618,-0.21541213989257812,0.84965026378631592,0.26835086941719055,-0.49860632419586182,-0.20126223564147949,0.91673016548156738,0.14930680394172668,-0.47803589701652527,-0.16652461886405945,0.73326343297958374,0.031034938991069794,-0.61233484745025635,-0.28869521617889404
0.75227338075637817,0.44055759906768799,-0.63064336776733398,-0.1195138692855835,0.67215216159820557,0.31672808527946472,-0.71567994356155396,-0.1529977023601532,0.66870039701461792,0.23443979024887085,-0.65934282541275024,-0.30689439177513123,0.75446569919586182,0.27631920576095581,-0.52795946598052979,-0.22563715279102325,0.8214690089225769,0.2033095508813858,-0.54474532604217529,-0.20032665133476257,0.65079319477081299,0.06718328595161438,-0.67864251136779785,-0.31892099976539612
0.70737552642822266,0.44760808348655701,-0.69084453582763672,-0.21882909536361694,0.5491107702255249,0.32624605298042297,-0.78230321407318115,-0.20721116662025452,0.59275215864181519,0.21192434430122375,-0.66185474395751953,-0.39965221285820007,0.71276968717575073,0.25070294737815857,-0.55460232496261597,-0.28741329908370972,0.71589529514312744,0.24871198832988739,-0.62894099950790405,-0.22061848640441895,0.59341871738433838,0.055617902427911758,-0.73573744297027588,-0.31694009900093079
0.64479458332061768,0.45164641737937927,-0.74550104141235352,-0.33002042770385742,0.47733110189437866,0.36147162318229675,-0.78481900691986084,-0.27903100848197937,0.49887025356292725,0.22426015138626099,-0.73250937461853027,-0.50067400932312012,0.66206783056259155,0.29408180713653564,-0.63522797822952271,-0.3391130268573761,0.65189146995544434,0.22442923486232758,-0.66696411371231079,-0.29447665810585022,0.55173742771148682,0.10178974270820618,-0.76435524225234985,-0.36195573210716248
0.57721632719039917,0.48267239332199097,-0.75395858287811279,-0.42469912767410278,0.41950356960296631,0.32805347442626953,-0.83608549833297729,-0.37605389952659607,0.44507810473442078,0.14828608930110931,-0.77830195426940918,-0.52008718252182007,0.61106705665588379,0.32000896334648132,-0.66916751861572266,-0.39465370774269104,0.59576243162155151,0.22647245228290558,-0.73707449436187744,-0.33689558506011963,0.45061886310577393,0.12026922404766083,-0.82968837022781372,-0.37542369961738586
0.48172479867935181,0.43319892883300781,-0.81901103258132935,-0.48270270228385925,0.32630032300949097,0.28379333019256592,-0.89816850423812866,-0.40671509504318237,0.34260344505310059,0.1671484112739563,-0.74624288082122803,-0.58342134952545166,0.51641488075256348,0.29362565279006958,-0.70639276504516602,-0.48303788900375366,0.5053749680519104,0.23716098070144653,-0.82250803709030151,-0.37418413162231445,0.39319810271263123,0.060606431216001511,-0.85465502738952637,-0.44858065247535706
0.36564493179321289,0.45386126637458801,-0.80971163511276245,-0.55632960796356201,0.17752183973789215,0.3018384575843811,-0.93311166763305664,-0.45219352841377258,0.27578705549240112,0.076948463916778564,-0.78597521781921387,-0.677623450756073,0.39784243702888489,0.26137346029281616,-0.73695439100265503,-0.5337454080581665,0.43189805746078491,0.27336832880973816,-0.89320296049118042,-0.38848349452018738,0.26804342865943909,0.050331138074398041,-0.88415586948394775,-0.51639437675476074
0.2427259087562561,0.39546847343444824,-0.80381035804748535,-0.61361390352249146,0.036814212799072266,0.29376816749572754,-0.88956934213638306,-0.55929100513458252,0.19752471148967743,0.066895365715026855,-0.81919443607330322,-0.67303371429443359,0.30149602890014648,0.27583947777748108,-0.72386682033538818,-0.60743319988250732,0.36252373456954956,0.24439947307109833,-0.92622953653335571,-0.43726396560668945,0.19303864240646362,0.028457680717110634,-0.84699678421020508,-0.58007252216339111
0.13148343563079834,0.36648678779602051,-0.80639940500259399,-0.73310351371765137,-0.045605447143316269,0.20087447762489319,-0.82836019992828369,-0.59421831369400024,0.10160140693187714,-0.0063334312289953232,-0.80746662616729736,-0.68439006805419922,0.22501190006732941,0.23690503835678101,-0.68179881572723389,-0.69240683317184448,0.30340296030044556,0.23259033262729645,-0.90414834022521973,-0.48343491554260254,0.11370010673999786,0.025145895779132843,-0.87060517072677612,-0.59165316820144653
0.071084491908550262,0.33692899346351624,-0.74836969375610352,-0.76012325286865234,-0.13954561948776245,0.14872793853282928,-0.77439045906066895,-0.63569515943527222,0.068227991461753845,-0.075730226933956146,-0.81865441799163818,-0.76139533519744873,0.14370474219322205,0.15540005266666412,-0.63497304916381836,-0.72041183710098267,0.19234831631183624,0.21310260891914368,-0.86295115947723389,-0.55941730737686157,-0.021039277315139771,-0.0074810236692428589,-0.80263590812683105,-0.67369621992111206
0.010531991720199585,0.27285003662109375,-0.73551017045974731,-0.86899077892303467,-0.26477327942848206,0.098461166024208069,-0.6801292896270752,-0.68272054195404053,-0.057322371751070023,-0.12309986352920532,-0.76728242635726929,-0.77429443597793579,0.10067138075828552,0.11044912040233612,-0.62483537197113037,-0.80449271202087402,0.1329701840877533,0.20433139801025391,-0.81843811273574829,-0.57579189538955688,-0.11955738812685013,-0.12150999903678894,-0.71547263860702515,-0.72740918397903442
-0.06027396023273468,0.20134502649307251,-0.73769807815551758,-0.9745633602142334,-0.36758366227149963,-0.030643388628959656,-0.65260851383209229,-0.7684367299079895,-0.14333872497081757,-0.16973403096199036,-0.69259321689605713,-0.75220197439193726,0.00084285065531730652,0.025675311684608459,-0.56282544136047363,-0.82318830490112305,0.08947426825761795,0.10411762446165085,-0.78908717632293701,-0.64099884033203125,-0.15912744402885437,-0.20316608250141144,-0.62392812967300415,-0.78188067674636841
-0.15260757505893707,0.13523772358894348,-0.63149487972259521,-0.98492318391799927,-0.39551970362663269,-0.10237643122673035,-0.55304986238479614,-0.78066307306289673,-0.18725308775901794,-0.24887056648731232,-0.67049503326416016,-0.76625287532806396,-0.051684267818927765,-0.065118655562400818,-0.53709620237350464,-0.84406650066375732,0.0097572524100542068,0.043706510215997696,-0.78263479471206665,-0.7254682183265686,-0.24366644024848938,-0.27668091654777527,-0.61346262693405151,-0.83692306280136108
-0.26154264807701111,-0.0061671137809753418,-0.5179106593132019,-1.0238766670227051,-0.45848983526229858,-0.17774730920791626,-0.45309516787528992,-0.80215561389923096,-0.25114607810974121,-0.32978042960166931,-0.63310146331787109,-0.74627465009689331,-0.12535804510116577,-0.10234810411930084,-0.46760872006416321,-0.903572678565979,-0.056873243302106857,-0.022444825619459152,-0.72387969493865967,-0.79835635423660278,-0.33966320753097534,-0.34732401371002197,-0.5109703540802002,-0.84825813770294189
-0.29914736747741699,-0.094483010470867157,-0.43385875225067139,-1.0530533790588379,-0.48995313048362732,-0.31028038263320923,-0.38779625296592712,-0.83240640163421631,-0.3300328254699707,-0.43035209178924561,-0.56992316246032715,-0.76982021331787109,-0.20131978392601013,-0.15686097741127014,-0.41412472724914551,-0.94141262769699097,-0.15451639890670776,-0.14774236083030701,-0.63157975673675537,-0.81466442346572876,-0.40022709965705872,-0.43460094928741455,-0.4248184859752655,-0.81099116802215576
-0.33642634749412537,-0.19132603704929352,-0.31336191296577454,-1.0826261043548584,-0.52593731880187988,-0.39420044422149658,-0.25016412138938904,-0.84743368625640869,-0.36602550745010376,-0.5014188289642334,-0.46841755509376526,-0.76986891031265259,-0.2362188994884491,-0.24303266406059265,-0.35754290223121643,-0.96135115623474121,-0.24805670976638794,-0.18700405955314636,-0.55530637502670288,-0.84496611356735229,-0.37525641918182373,-0.57190334796905518,-0.38344079256057739,-0.73440569639205933
-0.33386635780334473,-0.36101791262626648,-0.23397350311279297,-1.0224192142486572,-0.53095251321792603,-0.45772925019264221,-0.16215859353542328,-0.83382707834243774,-0.41882553696632385,-0.6223376989364624,-0.41638773679733276,-0.70974040031433105,-0.21584276854991913,-0.35446882247924805,-0.28806412220001221,-0.93363338708877563,-0.3237038254737854,-0.28454446792602539,-0.51932203769683838,-0.89560556411743164,-0.41009703278541565,-0.67806577682495117,-0.32800042629241943,-0.64765292406082153
-0.38034036755561829,-0.45469602942466736,-0.16751627624034882,-0.97258782386779785,-0.56270694732666016,-0.55007660388946533,-0.10978394001722336,-0.79895102977752686,-0.43553858995437622,-0.67277860641479492,-0.33758407831192017,-0.69523072242736816,-0.21718080341815948,-0.41797509789466858,-0.26546025276184082,-0.87807053327560425,-0.35479158163070679,-0.34437626600265503,-0.43212017416954041,-0.92005980014801025,-0.40561717748641968,-0.78430593013763428,-0.29932355880737305,-0.63286960124969482
-0.39013108611106873,-0.59921133518218994,-0.047073651105165482,-0.93939918279647827,-0.50089144706726074,-0.63902473449707031,-0.062911659479141235,-0.744983971118927,-0.44712734222412109,-0.76862359046936035,-0.29690167307853699,-0.59043252468109131,-0.24528175592422485,-0.48156550526618958,-0.14989709854125977,-0.88882070779800415,-0.35068538784980774,-0.45900154113769531,-0.36610057950019836,-0.87416529655456543,-0.39494392275810242,-0.87897157669067383,-0.24786783754825592,-0.58692145347595215
-0.3762875497341156,-0.68938708305358887,0.082728251814842224,-0.89593994617462158,-0.46364408731460571,-0.69208478927612305,0.049380511045455933,-0.64949971437454224,-0.41044032573699951,-0.81307721138000488,-0.19924834370613098,-0.5351184606552124,-0.20904840528964996,-0.5632365345954895,-0.068578131496906281,-0.80275070667266846,-0.36463487148284912,-0.58049196004867554,-0.2995637059211731,-0.85222792625427246,-0.35478141903877258,-0.97804158926010132,-0.14807210862636566,-0.49612066149711609
-0.36506545543670654,-0.83884227275848389,0.14153558015823364,-0.7963416576385498,-0.42396897077560425,-0.7467111349105835,0.093040809035301208,-0.55737763643264771,-0.426216721534729,-0.87374788522720337,-0.15176159143447876,-0.44520473480224609,-0.1500680148601532,-0.60254019498825073,0.040065202862024307,-0.78635966777801514,-0.3239397406578064,-0.72421491146087646,-0.20912401378154755,-0.80322879552841187,-0.2829318642616272,-1.0086797475814819,-0.048077870160341263,-0.38740235567092896
-0.2610447108745575,-0.92018699645996094,0.2549612820148468,-0.65458393096923828,-0.34100648760795593,-0.8612028956413269,0.12727093696594238,-0.51420021057128906,-0.41799670457839966,-0.95370960235595703,-0.078195609152317047,-0.34276902675628662,-0.14224317669868469,-0.68584555387496948,0.047703694552183151,-0.71757322549819946,-0.33847582340240479,-0.80408817529678345,-0.088365733623504639,-0.75552564859390259,-0.19426923990249634,-1.1018562316894531,0.023762661963701248,-0.33351659774780273
-0.21175360679626465,-1.0119838714599609,0.30911162495613098,-0.57409584522247314,-0.24399155378341675,-0.90044164657592773,0.16885772347450256,-0.39927715063095093,-0.38484856486320496,-0.9710577130317688,-0.062461532652378082,-0.25954905152320862,-0.11799885332584381,-0.74722552299499512,0.058454781770706177,-0.6331666111946106,-0.28412348031997681,-0.87776213884353638,0.01088038831949234,-0.62761825323104858,-0.16927134990692139,-1.1302355527877808,0.053000330924987793,-0.18486589193344116
-0.12932226061820984,-1.0978976488113403,0.31475001573562622,-0.43670380115509033,-0.13249759376049042,-0.98719310760498047,0.21966822445392609,-0.32014408707618713,-0.30827164649963379,-1.0595703125,0.0050374912098050117,-0.16861239075660706,-0.093572802841663361,-0.84011417627334595,0.066358223557472229,-0.58283931016921997,-0.25325480103492737,-0.9466240406036377,0.047954734414815903,-0.49618566036224365,-0.062702208757400513,-1.1071527004241943,0.11018793284893036,-0.067040763795375824
-0.059841863811016083,-1.1762973070144653,0.34014755487442017,-0.2882503867149353,-0.093582764267921448,-0.97736507654190063,0.21336355805397034,-0.20951598882675171,-0.29331487417221069,-1.05055832862854,-0.0032920055091381073,-0.099798023700714111,-0.082267016172409058,-0.84909087419509888,0.15191954374313354,-0.4705938994884491,-0.1758946031332016,-1.0255848169326782,0.12881936132907867,-0.40199309587478638,0.048320971429347992,-1.1102581024169922,0.13197213411331177,0.082783877849578857
-0.014254074543714523,-1.1926017999649048,0.34536811709403992,-0.10856834053993225,0.0078221540898084641,-0.96029967069625854,0.18232035636901855,-0.14134466648101807,-0.24236899614334106,-1.0709342956542969,0.021421898156404495,-0.042167879641056061,-0.006989283487200737,-0.93933266401290894,0.19160917401313782,-0.34461131691932678,-0.06184089183807373,-1.0902899503707886,0.19311007857322693,-0.32165634632110596,0.15902024507522583,-1.1311627626419067,0.13983358442783356,0.21883897483348846
0.078628592193126678,-1.1585985422134399,0.31509655714035034,0.010168548673391342,0.1173589825630188,-1.0158038139343262,0.15024210512638092,-0.019040945917367935,-0.19154860079288483,-1.1043436527252197,0.011148680001497269,0.10236600041389465,0.073253616690635681,-0.96823042631149292,0.15997925400733948,-0.22615343332290649,-0.018134666606783867,-1.0951979160308838,0.18813516199588776,-0.18009555339813232,0.2228538990020752,-1.0718231201171875,0.15231725573539734,0.33349573612213135
0.18112307786941528,-1.17938232421875,0.29694071412086487,0.15431003272533417,0.18817143142223358,-0.99146789312362671,0.12714652717113495,0.065324589610099792,-0.085941456258296967,-1.1316673755645752,0.011789520271122456,0.23638123273849487,0.087693437933921814,-0.96786600351333618,0.1538836658000946,-0.083485998213291168,0.084428012371063232,-1.1236339807510376,0.1638643741607666,-0.074368499219417572,0.32861217856407166,-1.0422931909561157,0.12680667638778687,0.49372676014900208
0.25718382000923157,-1.1267422437667847,0.24284213781356812,0.23751311004161835,0.21613705158233643,-0.99626249074935913,0.058004654943943024,0.1942724734544754,0.019686637446284294,-1.0724973678588867,0.021282076835632324,0.3339504599571228,0.19023512303829193,-0.94488447904586792,0.13268090784549713,0.053601678460836411,0.17551790177822113,-1.1397731304168701,0.14264880120754242,0.063518866896629333,0.43845203518867493,-1.0075430870056152,0.067666880786418915,0.63796621561050415
0.33013173937797546,-1.0571931600570679,0.19849696755409241,0.36092835664749146,0.22557033598423004,-0.94946050643920898,0.055269740521907806,0.27162942290306091,0.082700222730636597,-1.0386691093444824,-0.02447286993265152,0.43422409892082214,0.29074320197105408,-0.9650912880897522,0.11230406910181046,0.13148793578147888,0.25881204009056091,-1.0677118301391602,0.13724681735038757,0.16119781136512756,0.48529842495918274,-0.93465518951416016,-0.01350216381251812,0.73048299551010132
0.4024411141872406,-0.99670839309692383,0.12072518467903137,0.4808182418346405,0.2501048743724823,-0.89604020118713379,-0.0008671395480632782,0.41207653284072876,0.15350764989852905,-0.95129990577697754,-0.034606046974658966,0.48866796493530273,0.32373321056365967,-0.96887171268463135,0.058959528803825378,0.27609479427337646,0.29545345902442932,-1.0135414600372314,0.070713698863983154,0.26694786548614502,0.53170609474182129,-0.80856400728225708,-0.11202660202980042,0.80522686243057251
0.49523311853408813,-0.89087206125259399,0.080861829221248627,0.55384480953216553,0.25447443127632141,-0.83933937549591064,-0.061682097613811493,0.5134238600730896,0.14840297400951385,-0.85749566555023193,-0.05712360143661499,0.58658802509307861,0.34287557005882263,-0.9423367977142334,0.058303050696849823,0.39650261402130127,0.35389798879623413,-1.0046923160552979,-0.0016241427510976791,0.38702791929244995,0.58787059783935547,-0.64849179983139038,-0.17296083271503448,0.84352916479110718
0.58685910701751709,-0.78278720378875732,0.043871603906154633,0.60460585355758667,0.2572217583656311,-0.78166216611862183,-0.15637457370758057,0.59661811590194702,0.19889090955257416,-0.78382128477096558,-0.14996527135372162,0.6910894513130188,0.4068739116191864,-0.91051840782165527,-0.043108716607093811,0.45831650495529175,0.39524108171463013,-0.98951345682144165,-0.066479839384555817,0.4367833137512207,0.6329466700553894,-0.55541956424713135,-0.22873365879058838,0.93494069576263428
0.58621442317962646,-0.7206428050994873,-0.087067276239395142,0.71845859289169312,0.26012533903121948,-0.73624241352081299,-0.25905665755271912,0.69974929094314575,0.17488329112529755,-0.73711341619491577,-0.25144386291503906,0.79222536087036133,0.42344629764556885,-0.79546338319778442,-0.061665359884500504,0.5591387152671814,0.46697300672531128,-0.88649833202362061,-0.13554388284683228,0.56826531887054443,0.61314147710800171,-0.39719042181968689,-0.30262821912765503,0.97154724597930908
0.57759571075439453,-0.64133346080780029,-0.21846462786197662,0.76120656728744507,0.26630860567092896,-0.63985687494277954,-0.36086270213127136,0.78634494543075562,0.18385425209999084,-0.63692033290863037,-0.3541218638420105,0.8825678825378418,0.49828553199768066,-0.73371773958206177,-0.14074696600437164,0.60998207330703735,0.47939848899841309,-0.75759541988372803,-0.17310135066509247,0.65768998861312866,0.59761232137680054,-0.24996232986450195,-0.39651277661323547,0.95183300971984863
0.56170707941055298,-0.50649160146713257,-0.28300017118453979,0.78927922248840332,0.21307754516601562,-0.5342070460319519,-0.45889779925346375,0.8532947301864624,0.22849255800247192,-0.50849610567092896,-0.38960486650466919,0.91650873422622681,0.50235319137573242,-0.68484705686569214,-0.1909322589635849,0.69303441047668457,0.51701295375823975,-0.66575533151626587,-0.26513892412185669,0.68338477611541748,0.60367345809936523,-0.089585825800895691,-0.53055864572525024,0.92355448007583618
0.57620137929916382,-0.40620815753936768,-0.34653675556182861,0.86610794067382812,0.2265627533197403,-0.44545137882232666,-0.52204954624176025,0.86280190944671631,0.25013592839241028,-0.38591533899307251,-0.49138647317886353,0.99001443386077881,0.54999351501464844,-0.5503000020980835,-0.28694504499435425,0.70427924394607544,0.48745110630989075,-0.55761933326721191,-0.38588467240333557,0.71940505504608154,0.56698751449584961,0.069349206984043121,-0.66045552492141724,0.94116038084030151
0.55009382963180542,-0.30542558431625366,-0.41037660837173462,0.89773952960968018,0.22613988816738129,-0.36057573556900024,-0.5450286865234375,0.87911558151245117,0.26635080575942993,-0.31703716516494751,-0.53791129589080811,1.0269277095794678,0.52019798755645752,-0.46774464845657349,-0.36806350946426392,0.77570086717605591,0.43225482106208801,-0.47059488296508789,-0.49328863620758057,0.7331281304359436,0.46427488327026367,0.20928594470024109,-0.79465234279632568,0.85346722602844238
0.5115889310836792,-0.22925539314746857,-0.51029592752456665,0.88818216323852539,0.20416057109832764,-0.23051019012928009,-0.62773233652114868,0.86181789636611938,0.24991507828235626,-0.24393606185913086,-0.5998837947845459,1.0201859474182129,0.54647576808929443,-0.36493641138076782,-0.44127142429351807,0.80028069019317627,0.41500097513198853,-0.32545265555381775,-0.55187171697616577,0.78156816959381104,0.41563418507575989,0.29741153120994568,-0.92841863632202148,0.79922407865524292
0.42725527286529541,-0.1310894787311554,-0.59670412540435791,0.90125495195388794,0.10888500511646271,-0.11767522990703583,-0.70238989591598511,0.83103811740875244,0.15781067311763763,-0.11997251212596893,-0.67728018760681152,1.0554554462432861,0.4811227023601532,-0.28324887156486511,-0.51780462265014648,0.85626929998397827,0.39531174302101135,-0.18807467818260193,-0.60969012975692749,0.78259515762329102,0.35185918211936951,0.38454073667526245,-1.0199494361877441,0.68813574314117432
0.37676063179969788,0.0022461041808128357,-0.65549826622009277,0.83425140380859375,0.04160582646727562,-0.060126073658466339,-0.71635907888412476,0.83511310815811157,0.053514812141656876,-0.027791198343038559,-0.75371330976486206,0.9799686074256897,0.48695436120033264,-0.21454983949661255,-0.6131446361541748,0.84435844421386719,0.33380523324012756,-0.13898289203643799,-0.63494420051574707,0.78849756717681885,0.23709245026111603,0.50711560249328613,-1.0599043369293213,0.6175885796546936
0.27740678191184998,0.12961311638355255,-0.75666671991348267,0.82970184087753296,-0.069726958870887756,0.0028445348143577576,-0.74587023258209229,0.78586763143539429,-0.06544215977191925,0.096016153693199158,-0.78158915042877197,0.94458520412445068,0.40848100185394287,-0.062935784459114075,-0.74958652257919312,0.78390407562255859,0.29094162583351135,-0.06314966082572937,-0.74491047859191895,0.80111789703369141,0.098979823291301727,0.58202004432678223,-1.1111570596694946,0.50548058748245239
0.15073022246360779,0.23339036107063293,-0.81184661388397217,0.74386698007583618,-0.10041848570108414,0.042353443801403046,-0.74344635009765625,0.72592258453369141,-0.19340497255325317,0.22645805776119232,-0.81585562229156494,0.88331508636474609,0.35844659805297852,0.015382921323180199,-0.79268884658813477,0.75857943296432495,0.19428148865699768,0.073051601648330688,-0.81413739919662476,0.78762787580490112,-0.091151148080825806,0.6501392126083374,-1.1406897306442261,0.35649514198303223
0.021224822849035263,0.27812299132347107,-0.8486778736114502,0.64894521236419678,-0.20256882905960083,0.10745954513549805,-0.75333058834075928,0.68789798021316528,-0.30218777060508728,0.26830515265464783,-0.82533568143844604,0.77513957023620605,0.22775058448314667,0.11406990885734558,-0.87703657150268555,0.75591135025024414,0.063010372221469879,0.12071290612220764,-0.86007213592529297,0.69802874326705933,-0.23791046440601349,0.66778743267059326,-1.1210968494415283,0.20764923095703125
-0.11922333389520645,0.38747128844261169,-0.89177048206329346,0.57933825254440308,-0.23411910235881805,0.1293225884437561,-0.78295272588729858,0.59631991386413574,-0.42360785603523254,0.30534037947654724,-0.80438292026519775,0.68272066116333008,0.08765217661857605,0.21997448801994324,-0.95968598127365112,0.72312015295028687,0.0086941532790660858,0.20280224084854126,-0.94425427913665771,0.61494064331054688,-0.36899685859680176,0.70364987850189209,-1.1284463405609131,0.050299279391765594
-0.24325241148471832,0.44399496912956238,-0.85481894016265869,0.44404679536819458,-0.2922694981098175,0.13775072991847992,-0.76444363594055176,0.58659964799880981,-0.54439091682434082,0.33347326517105103,-0.75467997789382935,0.57909888029098511,-0.020568288862705231,0.3395308256149292,-1.0413810014724731,0.66648018360137939,-0.12441080808639526,0.307230144739151,-0.92815226316452026,0.57927072048187256,-0.4905925989151001,0.63863229751586914,-1.1366389989852905,-0.034177616238594055
-0.3216748833656311,0.46692240238189697,-0.8252149224281311,0.39501437544822693,-0.38591286540031433,0.16820168495178223,-0.74592137336730957,0.55302286148071289,-0.64266294240951538,0.35197421908378601,-0.7183760404586792,0.53358858823776245,-0.091861970722675323,0.37609785795211792,-1.0816445350646973,0.60079121589660645,-0.22095078229904175,0.30963754653930664,-0.91392892599105835,0.47708505392074585,-0.67913472652435303,0.61266261339187622,-1.1086891889572144,-0.14505217969417572
-0.38567823171615601,0.50993978977203369,-0.81869333982467651,0.32401552796363831,-0.46423083543777466,0.22229419648647308,-0.76854151487350464,0.47439718246459961,-0.72197645902633667,0.34894827008247375,-0.69280380010604858,0.41714590787887573,-0.2564258873462677,0.40348666906356812,-1.1416500806808472,0.49246662855148315,-0.37169167399406433,0.38660722970962524,-0.94495117664337158,0.43927231431007385,-0.84777623414993286,0.563060462474823,-1.0676505565643311,-0.24562390148639679
-0.48223122954368591,0.50133597850799561,-0.80828952789306641,0.20468726754188538,-0.54185777902603149,0.26352301239967346,-0.69868284463882446,0.43616780638694763,-0.80185902118682861,0.39481297135353088,-0.66040587425231934,0.36161047220230103,-0.36914291977882385,0.45305389165878296,-1.1675915718078613,0.38683438301086426,-0.51587104797363281,0.43179911375045776,-0.96051335334777832,0.34164205193519592,-0.98249030113220215,0.46326425671577454,-0.99215400218963623,-0.4014894962310791
-0.5568128228187561,0.45116060972213745,-0.78046244382858276,0.092439986765384674,-0.63084924221038818,0.28633734583854675,-0.68483877182006836,0.37704461812973022,-0.87530887126922607,0.35825398564338684,-0.63622206449508667,0.30559727549552917,-0.48043158650398254,0.48781359195709229,-1.1803276538848877,0.29059207439422607,-0.60736066102981567,0.47350591421127319,-0.96254724264144897,0.28025606274604797,-1.1445043087005615,0.35849320888519287,-0.87588602304458618,-0.44786357879638672
-0.63595825433731079,0.47854477167129517,-0.74001157283782959,-0.01373140886425972,-0.67753922939300537,0.29028260707855225,-0.63967216014862061,0.28995791077613831,-0.901874840259552,0.29648017883300781,-0.53162938356399536,0.18767556548118591,-0.64807796478271484,0.44730901718139648,-1.1265569925308228,0.16666388511657715,-0.69219917058944702,0.45114830136299133,-0.93940770626068115,0.20142453908920288,-1.2463274002075195,0.22467169165611267,-0.7192266583442688,-0.55460172891616821
-0.76195305585861206,0.39418405294418335,-0.66348719596862793,-0.14714139699935913,-0.72500002384185791,0.25664642453193665,-0.55383044481277466,0.26305082440376282,-1.0038930177688599,0.24425788223743439,-0.45971742272377014,0.13163763284683228,-0.82115215063095093,0.41160035133361816,-1.0529175996780396,0.059206783771514893,-0.77888649702072144,0.44342628121376038,-0.87005263566970825,0.10307396948337555,-1.2789089679718018,0.13111726939678192,-0.52863579988479614,-0.57546788454055786
-0.81439459323883057,0.33346971869468689,-0.55018997192382812,-0.19791263341903687,-0.77313703298568726,0.27860069274902344,-0.53892934322357178,0.23972027003765106,-1.0737043619155884,0.21186196804046631,-0.38413062691688538,0.083258308470249176,-0.90828824043273926,0.37440529465675354,-0.9927445650100708,-0.032261345535516739,-0.86243098974227905,0.38316535949707031,-0.79192250967025757,0.054079946130514145,-1.3618835210800171,-0.011287758126854897,-0.39093998074531555,-0.64410543441772461
-0.90897208452224731,0.2452106773853302,-0.4595981240272522,-0.26481190323829651,-0.85117560625076294,0.26060971617698669,-0.48044911026954651,0.231267049908638,-1.1522705554962158,0.15893083810806274,-0.27707332372665405,0.07397422194480896,-1.0477069616317749,0.27648109197616577,-0.90852862596511841,-0.16285844147205353,-0.97842079401016235,0.33317932486534119,-0.69704979658126831,-0.03075944259762764,-1.4059555530548096,-0.093695126473903656,-0.25929096341133118,-0.68127375841140747
-0.98142248392105103,0.20392283797264099,-0.35165491700172424,-0.26983010768890381,-0.89030051231384277,0.23083463311195374,-0.37172484397888184,0.21456137299537659,-1.2282989025115967,0.064115434885025024,-0.14700976014137268,0.0089819282293319702,-1.1301229000091553,0.20865389704704285,-0.80217576026916504,-0.26509657502174377,-1.0362297296524048,0.24225969612598419,-0.56135797500610352,-0.10370516777038574,-1.4095174074172974,-0.20769049227237701,-0.13175015151500702,-0.63761633634567261
-1.0699944496154785,0.1736488938331604,-0.25427019596099854,-0.32739910483360291,-0.9379851222038269,0.24906501173973083,-0.27627447247505188,0.15833254158496857,-1.2246075868606567,-0.0068415310233831406,-0.03552556037902832,-0.0070022172294557095,-1.1804816722869873,0.10035191476345062,-0.63258504867553711,-0.29593691229820251,-1.0759605169296265,0.1718171238899231,-0.47760015726089478,-0.2013365626335144,-1.3977231979370117,-0.38472458720207214,0.014030285179615021,-0.6183551549911499
-1.0767121315002441,0.036935701966285706,-0.13328671455383301,-0.37565255165100098,-0.96348798274993896,0.24304011464118958,-0.19486387073993683,0.1620899885892868,-1.1809754371643066,-0.11659675091505051,0.11440140008926392,0.019461426883935928,-1.2415841817855835,0.059306196868419647,-0.50096786022186279,-0.29108485579490662,-1.1282037496566772,0.14540219306945801,-0.3272588849067688,-0.20959897339344025,-1.3922638893127441,-0.51037091016769409,0.16627797484397888,-0.56228607892990112
-1.0405067205429077,-0.065995492041110992,0.0050608702003955841,-0.34766903519630432,-0.99505060911178589,0.19123613834381104,-0.11592977494001389,0.15881411731243134,-1.1360548734664917,-0.1768299788236618,0.27049246430397034,0.028404992073774338,-1.3073073625564575,-0.068431004881858826,-0.39758098125457764,-0.28746876120567322,-1.1293669939041138,0.04165089875459671,-0.21459174156188965,-0.22418913245201111,-1.3347666263580322,-0.67699259519577026,0.33608213067054749,-0.47013810276985168
-1.0462747812271118,-0.17073692381381989,0.089639998972415924,-0.36947283148765564,-0.99055719375610352,0.1524394154548645,-0.029584605246782303,0.11937367916107178,-1.089743971824646,-0.27359133958816528,0.37876880168914795,0.095874980092048645,-1.3751170635223389,-0.13685423135757446,-0.20980803668498993,-0.30781492590904236,-1.127924919128418,-0.027127526700496674,-0.11070406436920166,-0.23612119257450104,-1.2681676149368286,-0.75586873292922974,0.4928937554359436,-0.39423343539237976
-1.0316753387451172,-0.29949867725372314,0.22857451438903809,-0.31197905540466309,-0.99250465631484985,0.070648051798343658,0.027047105133533478,0.11574247479438782,-1.080030083656311,-0.30622795224189758,0.45346710085868835,0.14689479768276215,-1.3878977298736572,-0.23785707354545593,-0.10023647546768188,-0.29889971017837524,-1.0994439125061035,-0.11938466876745224,-0.0095176994800567627,-0.2082032710313797,-1.1546118259429932,-0.81219309568405151,0.65855950117111206,-0.27571442723274231
-0.99435031414031982,-0.40675839781761169,0.32461267709732056,-0.29425051808357239,-0.98510885238647461,0.019165905192494392,0.15820346772670746,0.096933215856552124,-1.0378197431564331,-0.36771970987319946,0.56148016452789307,0.16109585762023926,-1.3601250648498535,-0.32773348689079285,0.0042229704558849335,-0.27196407318115234,-1.0517680644989014,-0.18363493680953979,0.11570282280445099,-0.17532670497894287,-1.0707640647888184,-0.92740178108215332,0.82561856508255005,-0.14973726868629456
-0.9183850884437561,-0.47073736786842346,0.44487270712852478,-0.20529451966285706,-0.92369711399078369,0.0095217786729335785,0.21432214975357056,0.093333013355731964,-0.94432824850082397,-0.39514991641044617,0.687796950340271,0.20959705114364624,-1.3478554487228394,-0.38198056817054749,0.1254553496837616,-0.2666420042514801,-1.0665715932846069,-0.20423296093940735,0.25736904144287109,-0.12613564729690552,-0.96380066871643066,-1.0395524501800537,0.93795496225357056,0.018095321953296661
-0.84639090299606323,-0.56290143728256226,0.52558779716491699,-0.13972581923007965,-0.85903733968734741,0.021045476198196411,0.3079192042350769,0.14652335643768311,-0.87903708219528198,-0.41886943578720093,0.77416390180587769,0.28209584951400757,-1.2883963584899902,-0.42772224545478821,0.26571911573410034,-0.21296653151512146,-1.0423868894577026,-0.28490746021270752,0.34696748852729797,-0.11474649608135223,-0.81944626569747925,-1.1178220510482788,1.0474151372909546,0.20817454159259796
-0.78840774297714233,-0.66290396451950073,0.63352328538894653,-0.079115808010101318,-0.85508143901824951,0.037963226437568665,0.37331044673919678,0.13885189592838287,-0.82069492340087891,-0.3876882791519165,0.82752221822738647,0.3998410701751709,-1.1982862949371338,-0.46430867910385132,0.44355469942092896,-0.16104713082313538,-1.0344862937927246,-0.34100109338760376,0.47701942920684814,-0.051892735064029694,-0.65322762727737427,-1.091584324836731,1.0973598957061768,0.38571736216545105
-0.64233487844467163,-0.70410102605819702,0.70459884405136108,0.040316142141819,-0.84378522634506226,0.04118700698018074,0.42110440135002136,0.11345785856246948,-0.66808009147644043,-0.34583166241645813,0.92733073234558105,0.51371991634368896,-1.1632370948791504,-0.57727587223052979,0.58938181400299072,-0.12059161067008972,-0.96795052289962769,-0.36131826043128967,0.57287752628326416,0.013805131427943707,-0.49069175124168396,-1.0573437213897705,1.1516168117523193,0.55251216888427734
-0.55051755905151367,-0.72793638706207275,0.80648320913314819,0.12401390075683594,-0.83424216508865356,0.005789643619209528,0.4834124743938446,0.17321813106536865,-0.54003584384918213,-0.3292887806892395,0.92883598804473877,0.59795016050338745,-1.048703670501709,-0.64344018697738647,0.68303579092025757,-0.069778099656105042,-0.90715742111206055,-0.38815027475357056,0.68387508392333984,0.064228750765323639,-0.33562508225440979,-1.0551682710647583,1.176517128944397,0.6701245903968811
-0.45803502202033997,-0.77077293395996094,0.86573320627212524,0.28213128447532654,-0.81089526414871216,0.019500110298395157,0.53434419631958008,0.23679244518280029,-0.45784717798233032,-0.31346970796585083,0.96646749973297119,0.63804399967193604,-0.91909456253051758,-0.65449315309524536,0.77911382913589478,0.058351743966341019,-0.82512581348419189,-0.38265329599380493,0.79795587062835693,0.15081784129142761,-0.16695953905582428,-1.0482140779495239,1.1915162801742554,0.83784276247024536
-0.28777652978897095,-0.80086731910705566,0.84356832504272461,0.40640333294868469,-0.72920447587966919,-0.00070293433964252472,0.60853826999664307,0.29489344358444214,-0.35888060927391052,-0.30098536610603333,0.92525660991668701,0.69075185060501099,-0.77399426698684692,-0.65845173597335815,0.82778453826904297,0.20180054008960724,-0.74119788408279419,-0.37050741910934448,0.90919089317321777,0.23019051551818848,0.01607166975736618,-0.99711734056472778,1.2041311264038086,0.97423088550567627
-0.11655408143997192,-0.72530472278594971,0.86734342575073242,0.56113207340240479,-0.6335068941116333,-0.042996421456336975,0.69325894117355347,0.35833209753036499,-0.20547634363174438,-0.21566754579544067,0.91596561670303345,0.72442150115966797,-0.69462317228317261,-0.69980138540267944,0.86588907241821289,0.33336150646209717,-0.58973604440689087,-0.40936073660850525,0.97388863563537598,0.26251640915870667,0.15009176731109619,-0.8712310791015625,1.1331954002380371,1.1050227880477905
0.044166266918182373,-0.66937637329101562,0.8320077657699585,0.64513593912124634,-0.55358022451400757,-0.071651704609394073,0.6852232813835144,0.39228957891464233,-0.084775269031524658,-0.11188435554504395,0.86313557624816895,0.75693374872207642,-0.60271221399307251,-0.73704797029495239,0.95308256149291992,0.41519823670387268,-0.51290011405944824,-0.41754475235939026,1.051672101020813,0.3610224723815918,0.28466075658798218,-0.77536296844482422,1.0336771011352539,1.2616227865219116
0.17617431282997131,-0.61265742778778076,0.7962767481803894,0.70128357410430908,-0.48258981108665466,-0.091434702277183533,0.74783092737197876,0.47152805328369141,0.048234343528747559,-0.04656759649515152,0.81120884418487549,0.82609009742736816,-0.46971464157104492,-0.70498836040496826,1.024391770362854,0.55650240182876587,-0.37684008479118347,-0.40736627578735352,1.0761935710906982,0.41507962346076965,0.42153993248939514,-0.58165168762207031,0.95722073316574097,1.3731911182403564
0.27835047245025635,-0.49167752265930176,0.78551536798477173,0.75502163171768188,-0.41289696097373962,-0.054551132023334503,0.74128389358520508,0.53623783588409424,0.090875253081321716,0.031906690448522568,0.77754956483840942,0.83385848999023438,-0.32578447461128235,-0.63684970140457153,1.0631014108657837,0.72322005033493042,-0.26382046937942505,-0.38437986373901367,1.1075825691223145,0.47869399189949036,0.57175928354263306,-0.44794481992721558,0.84386777877807617,1.5028181076049805
0.39550322294235229,-0.36319643259048462,0.75919288396835327,0.87630319595336914,-0.31379508972167969,0.005540778860449791,0.78016495704650879,0.54003810882568359,0.14644306898117065,0.13731564581394196,0.74609589576721191,0.89685547351837158,-0.20302054286003113,-0.6181633472442627,1.0579960346221924,0.8035585880279541,-0.12558257579803467,-0.33505448698997498,1.1447398662567139,0.54075455665588379,0.72369742393493652,-0.30619269609451294,0.7102620005607605,1.6229737997055054
0.45026233792304993,-0.23314553499221802,0.71591842174530029,0.94114857912063599,-0.25358295440673828,0.068002253770828247,0.77959710359573364,0.53138405084609985,0.22853212058544159,0.20049513876438141,0.63851046562194824,0.92416101694107056,-0.10376754403114319,-0.57041382789611816,1.0061154365539551,0.94257372617721558,-0.032927121967077255,-0.24417354166507721,1.1139804124832153,0.58746880292892456,0.80633223056793213,-0.060488190501928329,0.53901195526123047,1.6660391092300415
0.51281261444091797,-0.069614425301551819,0.62578761577606201,0.94555914402008057,-0.22080095112323761,0.11851231753826141,0.80280119180679321,0.59973251819610596,0.31483399868011475,0.29202398657798767,0.61291152238845825,0.97159659862518311,0.074631661176681519,-0.44913944602012634,0.97925925254821777,1.0615288019180298,0.068987205624580383,-0.21242925524711609,1.1152280569076538,0.70060056447982788,0.84108579158782959,0.13078497350215912,0.32789364457130432,1.6645631790161133
0.61686193943023682,0.078371360898017883,0.57113492488861084,0.99466371536254883,-0.096843481063842773,0.1344120055437088,0.79078197479248047,0.60522723197937012,0.40253591537475586,0.40926682949066162,0.50647521018981934,1.0017704963684082,0.21552234888076782,-0.29097336530685425,0.88973736763000488,1.1579136848449707,0.17777538299560547,-0.13907834887504578,1.1054650545120239,0.78686791658401489,0.89705741405487061,0.30298101902008057,0.16490931808948517,1.621363639831543
0.67782294750213623,0.20355796813964844,0.42750105261802673,0.97063082456588745,-0.042992014437913895,0.14769573509693146,0.75829052925109863,0.62052905559539795,0.39403608441352844,0.52593117952346802,0.41884350776672363,1.0132726430892944,0.33695325255393982,-0.13352397084236145,0.85339367389678955,1.2364501953125,0.30644893646240234,-0.022606126964092255,1.0368771553039551,0.8061373233795166,0.84575635194778442,0.54402762651443481,-0.0022193668410181999,1.5527995824813843
0.71444791555404663,0.30433410406112671,0.31032916903495789,1.0039628744125366,-0.0013551171869039536,0.20325534045696259,0.68389225006103516,0.66694921255111694,0.39054784178733826,0.66232770681381226,0.28535845875740051,0.9649539589881897,0.39399856328964233,0.0083562638610601425,0.71203076839447021,1.2396860122680664,0.37725439667701721,0.1215098574757576,0.99464857578277588,0.80559688806533813,0.80175268650054932,0.74862122535705566,-0.18282364308834076,1.4753035306930542
0.77417272329330444,0.46596872806549072,0.19952782988548279,0.98082220554351807,0.097371652722358704,0.23037269711494446,0.66254943609237671,0.65479832887649536,0.37230420112609863,0.80890703201293945,0.19365140795707703,0.90607726573944092,0.50518196821212769,0.12975981831550598,0.63630914688110352,1.280394434928894,0.46769067645072937,0.18129269778728485,0.93039500713348389,0.86275261640548706,0.76078939437866211,0.9469679594039917,-0.31340453028678894,1.3330684900283813
0.77645552158355713,0.60370075702667236,0.10711070150136948,0.96252715587615967,0.20009630918502808,0.25868302583694458,0.61994254589080811,0.62272632122039795,0.36693093180656433,0.95354330539703369,0.11320099234580994,0.81357496976852417,0.52165019512176514,0.23640552163124084,0.4759247899055481,1.2837270498275757,0.50585603713989258,0.27901718020439148,0.82683968544006348,0.9128839373588562,0.67349904775619507,1.1103559732437134,-0.4753761887550354,1.2327442169189453
0.75404441356658936,0.71483659744262695,-0.0498012974858284,0.85917335748672485,0.28866750001907349,0.28201210498809814,0.55464142560958862,0.58132636547088623,0.31300926208496094,1.0179405212402344,0.00072443485260009766,0.76361250877380371,0.51148730516433716,0.34211596846580505,0.38622003793716431,1.2706540822982788,0.58082979917526245,0.43488422036170959,0.73593991994857788,0.88516604900360107,0.56312960386276245,1.2674052715301514,-0.65082651376724243,1.0428590774536133
0.67603206634521484,0.86635816097259521,-0.12333500385284424,0.7723534107208252,0.33326578140258789,0.37072134017944336,0.45135924220085144,0.60237324237823486,0.21956828236579895,1.1095972061157227,-0.11831480264663696,0.66715574264526367,0.48332005739212036,0.44940966367721558,0.2464500218629837,1.1980602741241455,0.65713697671890259,0.51994979381561279,0.64379394054412842,0.8380780816078186,0.38542816042900085,1.3975052833557129,-0.75477540493011475,0.88752448558807373
0.61264622211456299,1.001836895942688,-0.23239369690418243,0.64170604944229126,0.31710821390151978,0.44553136825561523,0.42678770422935486,0.62746095657348633,0.16613344848155975,1.1476411819458008,-0.19076283276081085,0.5075829029083252,0.46882340312004089,0.63437163829803467,0.16724699735641479,1.1444848775863647,0.69548016786575317,0.60908520221710205,0.52274179458618164,0.8027532696723938,0.26620954275131226,1.4857819080352783,-0.82837611436843872,0.71013593673706055
0.54805302619934082,1.1287543773651123,-0.36401379108428955,0.50576949119567871,0.29916554689407349,0.49207994341850281,0.38496893644332886,0.62377405166625977,0.060568593442440033,1.2244331836700439,-0.25325864553451538,0.39085859060287476,0.45829951763153076,0.74235004186630249,0.089624091982841492,1.0417827367782593,0.68901938199996948,0.7413211464881897,0.43841072916984558,0.79065191745758057,0.14842885732650757,1.5722795724868774,-0.93074494600296021,0.52552342414855957
0.40361711382865906,1.241945743560791,-0.44540202617645264,0.3729037344455719,0.30355420708656311,0.57829433679580688,0.28109124302864075,0.58599293231964111,-0.03283623605966568,1.2348519563674927,-0.2674197256565094,0.30325174331665039,0.39424172043800354,0.87553703784942627,-0.024027550593018532,0.94702774286270142,0.6714940071105957,0.82391184568405151,0.3269677460193634,0.77584218978881836,-0.026023974642157555,1.6693474054336548,-1.0083398818969727,0.29770725965499878
0.25872534513473511,1.2970058917999268,-0.50598037242889404,0.18982133269309998,0.32500755786895752,0.63158583641052246,0.20210802555084229,0.51896011829376221,-0.095947697758674622,1.2207831144332886,-0.29695045948028564,0.17594504356384277,0.32564133405685425,0.95731759071350098,-0.065469548106193542,0.86336076259613037,0.6108471155166626,0.92225509881973267,0.20935781300067902,0.65965467691421509,-0.24541449546813965,1.7232370376586914,-1.0084226131439209,0.099828995764255524
0.1366325169801712,1.345217227935791,-0.50378131866455078,-0.0061631053686141968,0.34381753206253052,0.73755967617034912,0.1371900737285614,0.43888828158378601,-0.21069498360157013,1.1760649681091309,-0.24640470743179321,0.040414832532405853,0.27740949392318726,1.1014997959136963,-0.092759281396865845,0.7524869441986084,0.6250031590461731,1.0243445634841919,0.083088167011737823,0.55340629816055298,-0.46231651306152344,1.7049374580383301,-0.97426056861877441,-0.083055779337882996
0.046561449766159058,1.2945818901062012,-0.53890377283096313,-0.11651532351970673,0.30153685808181763,0.81722527742385864,0.040906760841608047,0.41223633289337158,-0.31594571471214294,1.2036979198455811,-0.19807210564613342,-0.086851499974727631,0.22692596912384033,1.1974437236785889,-0.16386981308460236,0.60036826133728027,0.6059148907661438,1.1059519052505493,-0.028195841237902641,0.40522816777229309,-0.59722334146499634,1.6526646614074707,-0.90983176231384277,-0.27504703402519226
-0.068851962685585022,1.2642772197723389,-0.50287842750549316,-0.27390661835670471,0.2389797568321228,0.87286889553070068,0.037507373839616776,0.28460380434989929,-0.41010704636573792,1.1343594789505005,-0.20354610681533813,-0.17614376544952393,0.13063207268714905,1.2142206430435181,-0.21935681998729706,0.44199037551879883,0.55844175815582275,1.1763103008270264,-0.12995330989360809,0.30842328071594238,-0.81398993730545044,1.5861607789993286,-0.80286085605621338,-0.50762683153152466
-0.14966665208339691,1.1947987079620361,-0.43426680564880371,-0.43895417451858521,0.18026624619960785,0.91215169429779053,-0.016934184357523918,0.24166776239871979,-0.49611577391624451,1.1018664836883545,-0.14466618001461029,-0.31622517108917236,0.024244137108325958,1.3068766593933105,-0.20765426754951477,0.33918389678001404,0.47495678067207336,1.2113442420959473,-0.22963701188564301,0.22847454249858856,-0.94469523429870605,1.5146538019180298,-0.67447423934936523,-0.74342489242553711
-0.27195388078689575,1.1482917070388794,-0.35337746143341064,-0.56385958194732666,0.09801829606294632,0.93561220169067383,-0.012722250074148178,0.126225546002388,-0.59789770841598511,1.0680989027023315,-0.10962855815887451,-0.42351806163787842,-0.020929127931594849,1.3407247066497803,-0.20211973786354065,0.17664444446563721,0.35507765412330627,1.2487075328826904,-0.29019758105278015,0.12635752558708191,-1.0635558366775513,1.4064874649047852,-0.54904764890670776,-0.95142418146133423
-0.37359654903411865,1.0414332151412964,-0.33116209506988525,-0.72102469205856323,0.041565846651792526,0.98098397254943848,-0.023243911564350128,0.053543716669082642,-0.68726176023483276,0.97085338830947876,-0.078025460243225098,-0.58234888315200806,-0.099726788699626923,1.379238486289978,-0.16174334287643433,0.0070838630199432373,0.2389986664056778,1.2218183279037476,-0.34102460741996765,-0.041774727404117584,-1.1720424890518188,1.2687826156616211,-0.40697690844535828,-1.0755430459976196
-0.49900504946708679,0.97080022096633911,-0.24874430894851685,-0.84619724750518799,-0.049165684729814529,1.0026340484619141,0.0043262001127004623,-0.054295811802148819,-0.76598173379898071,0.91187584400177002,-0.0094858556985855103,-0.65655428171157837,-0.20624622702598572,1.3204473257064819,-0.12922348082065582,-0.12629550695419312,0.13487499952316284,1.2557395696640015,-0.36272367835044861,-0.16767661273479462,-1.2508910894393921,1.1382813453674316,-0.25401481986045837,-1.1690353155136108
-0.5731809139251709,0.89299154281616211,-0.17489208281040192,-0.94778358936309814,-0.079152815043926239,0.95570409297943115,0.034569527953863144,-0.15853850543498993,-0.84396934509277344,0.80631864070892334,0.12840025126934052,-0.7783239483833313,-0.25683519244194031,1.3035823106765747,-0.14422248303890228,-0.24903000891208649,0.056681729853153229,1.1919547319412231,-0.32121849060058594,-0.26190316677093506,-1.3725332021713257,0.94763433933258057,-0.030555769801139832,-1.3381465673446655
-0.59509104490280151,0.74510270357131958,-0.069258682429790497,-1.0369372367858887,-0.085530593991279602,0.95248538255691528,0.070271074771881104,-0.23448370397090912,-0.87302929162979126,0.67233145236968994,0.22856166958808899,-0.86512112617492676,-0.33236813545227051,1.2505626678466797,-0.064827032387256622,-0.39654695987701416,-0.030800467357039452,1.1205916404724121,-0.34656283259391785,-0.41521972417831421,-1.4571325778961182,0.75907266139984131,0.16096067428588867,-1.3842979669570923
-0.67672747373580933,0.59122401475906372,0.019971136003732681,-1.1429157257080078,-0.17187152802944183,0.88949155807495117,0.06006467342376709,-0.33100345730781555,-0.83755475282669067,0.54067069292068481,0.40534478425979614,-0.96402186155319214,-0.34981119632720947,1.1721504926681519,-0.025771725922822952,-0.56945306062698364,-0.1671273410320282,1.0277440547943115,-0.27289482951164246,-0.55639392137527466,-1.4224812984466553,0.58771014213562012,0.40845975279808044,-1.4436676502227783
-0.74624758958816528,0.47685897350311279,0.18375140428543091,-1.2285465002059937,-0.18363094329833984,0.87017375230789185,0.060445081442594528,-0.4288690984249115,-0.83411937952041626,0.43218439817428589,0.52006125450134277,-0.96589136123657227,-0.44909647107124329,1.0610733032226562,0.065443024039268494,-0.69450032711029053,-0.27964037656784058,0.97789525985717773,-0.25454506278038025,-0.61931151151657104,-1.4120475053787231,0.40092509984970093,0.59972333908081055,-1.5034544467926025
-0.79411852359771729,0.32924938201904297,0.33709660172462463,-1.2551873922348022,-0.17907646298408508,0.79984605312347412,0.095630235970020294,-0.46361258625984192,-0.84520912170410156,0.27891513705253601,0.65771138668060303,-1.0126485824584961,-0.44704720377922058,0.94021123647689819,0.13193944096565247,-0.82147890329360962,-0.33253279328346252,0.90646147727966309,-0.1840120404958725,-0.76676446199417114,-1.3910586833953857,0.15595783293247223,0.80775231122970581,-1.4976859092712402
-0.79151391983032227,0.1224033534526825,0.46982842683792114,-1.3128889799118042,-0.23555552959442139,0.72706514596939087,0.18115678429603577,-0.50264036655426025,-0.82152575254440308,0.1492343544960022,0.78691917657852173,-1.0472939014434814,-0.50206476449966431,0.81590467691421509,0.17130023241043091,-0.94522535800933838,-0.34549948573112488,0.77329647541046143,-0.065184108912944794,-0.90079474449157715,-1.2633875608444214,-0.019695032387971878,0.97030848264694214,-1.4464421272277832
-0.73284757137298584,-0.047446794807910919,0.56885898113250732,-1.2596815824508667,-0.26393976807594299,0.67110037803649902,0.24797523021697998,-0.5365750789642334,-0.74537605047225952,-0.013785140588879585,0.87578964233398438,-1.0009356737136841,-0.4955938458442688,0.69403886795043945,0.22550550103187561,-1.0300546884536743,-0.35827040672302246,0.69658493995666504,0.035643517971038818,-0.93738675117492676,-1.2003746032714844,-0.20330937206745148,1.2001063823699951,-1.4257897138595581
-0.71551299095153809,-0.19332444667816162,0.66114175319671631,-1.2623560428619385,-0.23072490096092224,0.63009083271026611,0.29119277000427246,-0.54615718126296997,-0.62528824806213379,-0.10819981247186661,1.0403426885604858,-0.94530403614044189,-0.46838530898094177,0.55843198299407959,0.34293931722640991,-1.0324981212615967,-0.35236796736717224,0.53891253471374512,0.13125661015510559,-1.0434715747833252,-1.0734680891036987,-0.43806284666061401,1.3576442003250122,-1.3316972255706787
-0.68190211057662964,-0.40029045939445496,0.82948541641235352,-1.1892979145050049,-0.22909170389175415,0.5257185697555542,0.30873972177505493,-0.64119505882263184,-0.48318234086036682,-0.27091103792190552,1.1617432832717896,-0.82867395877838135,-0.49560192227363586,0.41738751530647278,0.44074264168739319,-1.032166600227356,-0.31524842977523804,0.4267953634262085,0.2264312356710434,-1.1137163639068604,-0.926605224609375,-0.60788601636886597,1.4848606586456299,-1.1723313331604004
-0.53670769929885864,-0.57232677936553955,0.98524552583694458,-1.0695555210113525,-0.19223073124885559,0.46644902229309082,0.32726797461509705,-0.6274598240852356,-0.38254868984222412,-0.34057712554931641,1.2195122241973877,-0.75670480728149414,-0.47650569677352905,0.31955248117446899,0.56553995609283447,-1.0059587955474854,-0.27879229187965393,0.29032909870147705,0.33607861399650574,-1.1191080808639526,-0.73338061571121216,-0.74227261543273926,1.6132762432098389,-1.0272597074508667
-0.38423198461532593,-0.6961057186126709,1.0599830150604248,-0.98492473363876343,-0.22497875988483429,0.38525858521461487,0.37834697961807251,-0.62079060077667236,-0.26865693926811218,-0.45110541582107544,1.2780969142913818,-0.68429762125015259,-0.39896887540817261,0.21522004902362823,0.64223569631576538,-1.0350152254104614,-0.25381305813789368,0.14325599372386932,0.40002891421318054,-1.1021722555160522,-0.52007555961608887,-0.89033395051956177,1.7715110778808594,-0.89567768573760986
-0.22155159711837769,-0.77228313684463501,1.1876130104064941,-0.90174317359924316,-0.15766429901123047,0.32974997162818909,0.41232126951217651,-0.64092785120010376,-0.13898029923439026,-0.53189766407012939,1.361833930015564,-0.52387696504592896,-0.3376193642616272,0.10975149273872375,0.69684219360351562,-1.0227192640304565,-0.18133804202079773,0.041004478931427002,0.43870848417282104,-1.1196470260620117,-0.25639033317565918,-0.95815443992614746,1.8763991594314575,-0.71038365364074707
-0.079800695180892944,-0.86132568120956421,1.2553374767303467,-0.76311105489730835,-0.14175990223884583,0.30233281850814819,0.46515750885009766,-0.64482861757278442,0.03693254292011261,-0.55462843179702759,1.3489975929260254,-0.440876305103302,-0.26485294103622437,-0.016402194276452065,0.73351675271987915,-1.0393649339675903,-0.10058995336294174,-0.048648767173290253,0.46416866779327393,-1.1191266775131226,0.026383694261312485,-1.0474156141281128,1.9181438684463501,-0.5547369122505188
0.11821944266557693,-0.91795110702514648,1.2910128831863403,-0.63241159915924072,-0.12643711268901825,0.19511264562606812,0.54150986671447754,-0.68514716625213623,0.23766086995601654,-0.60150402784347534,1.3656532764434814,-0.35408961772918701,-0.17648738622665405,-0.13226214051246643,0.75980615615844727,-1.0013129711151123,-0.034762486815452576,-0.18613865971565247,0.55358386039733887,-1.0698229074478149,0.28348994255065918,-1.0799249410629272,1.8905410766601562,-0.30632996559143066
0.32470661401748657,-0.95642304420471191,1.2571947574615479,-0.50085031986236572,-0.041534755378961563,0.1011950895190239,0.56916975975036621,-0.69861769676208496,0.37715354561805725,-0.63133162260055542,1.3945449590682983,-0.24421210587024689,-0.042830124497413635,-0.28324615955352783,0.8072514533996582,-0.90076297521591187,0.01099855825304985,-0.26809948682785034,0.6511426568031311,-1.0339059829711914,0.554889976978302,-1.1014918088912964,1.8630506992340088,-0.12071842700242996
0.49431255459785461,-0.978066086769104,1.198003888130188,-0.32696017622947693,0.053244136273860931,0.067662045359611511,0.581085205078125,-0.65360832214355469,0.50774222612380981,-0.61798197031021118,1.3496031761169434,-0.12609833478927612,0.08634040504693985,-0.39672669768333435,0.80232471227645874,-0.82745027542114258,0.11465535312891006,-0.34533447027206421,0.71112185716629028,-0.91874390840530396,0.83977425098419189,-1.0704605579376221,1.8162485361099243,0.088394083082675934
0.70345896482467651,-0.98951452970504761,1.1789638996124268,-0.19323164224624634,0.10839425772428513,-0.023253725841641426,0.61272311210632324,-0.66626673936843872,0.62815117835998535,-0.63321852684020996,1.2823911905288696,0.021315541118383408,0.16369113326072693,-0.48466154932975769,0.85900616645812988,-0.72382766008377075,0.16557933390140533,-0.4280717670917511,0.70598989725112915,-0.8681824803352356,1.0359300374984741,-1.0213446617126465,1.670548677444458,0.28040224313735962
0.91305065155029297,-0.993461012840271,1.0649486780166626,-0.046667329967021942,0.16527411341667175,-0.13422086834907532,0.65608108043670654,-0.65217512845993042,0.74269324541091919,-0.60673928260803223,1.1848940849304199,0.17997634410858154,0.27750784158706665,-0.50790387392044067,0.8690752387046814,-0.62633872032165527,0.21812359988689423,-0.52631717920303345,0.68429136276245117,-0.756927490234375,1.2007807493209839,-0.88676035404205322,1.495966911315918,0.49963924288749695
1.1097395420074463,-0.92185556888580322,0.98473560810089111,0.13609836995601654,0.25739169120788574,-0.17791736125946045,0.64316695928573608,-0.6331525444984436,0.87978112697601318,-0.5579906702041626,1.0464078187942505,0.32199516892433167,0.41017857193946838,-0.60182535648345947,0.89449644088745117,-0.5560683012008667,0.26497802138328552,-0.59045678377151489,0.68464362621307373,-0.63862818479537964,1.3602558374404907,-0.80407154560089111,1.3123377561569214,0.61959242820739746
1.247480034828186,-0.82763457298278809,0.81397628784179688,0.2269669771194458,0.28612551093101501,-0.19700804352760315,0.64492636919021606,-0.5377727746963501,1.0428060293197632,-0.52736890316009521,0.90528476238250732,0.4173508882522583,0.5667378306388855,-0.61947375535964966,0.85320389270782471,-0.44343248009681702,0.40412390232086182,-0.66279536485671997,0.64627319574356079,-0.56578356027603149,1.5113207101821899,-0.64475136995315552,1.1679033041000366,0.72014123201370239
1.3964318037033081,-0.7044987678527832,0.69866496324539185,0.37047880887985229,0.38273429870605469,-0.19563305377960205,0.66761136054992676,-0.45310896635055542,1.1850782632827759,-0.47660699486732483,0.74217045307159424,0.54383689165115356,0.7186170220375061,-0.65485858917236328,0.76395666599273682,-0.38451477885246277,0.52944266796112061,-0.71560180187225342,0.6249077320098877,-0.4823354184627533,1.6238193511962891,-0.51858657598495483,0.93090099096298218,0.81368029117584229
1.532396674156189,-0.58611774444580078,0.53319340944290161,0.50493979454040527,0.46527722477912903,-0.19542047381401062,0.62417864799499512,-0.41325882077217102,1.3058481216430664,-0.40795713663101196,0.56731384992599487,0.60571646690368652,0.85326510667800903,-0.62938952445983887,0.72364729642868042,-0.30653789639472961,0.64306813478469849,-0.71628707647323608,0.61307889223098755,-0.40846747159957886,1.7619011402130127,-0.3554481565952301,0.71090686321258545,0.93014955520629883
1.6101220846176147,-0.46859645843505859,0.34412780404090881,0.5411563515663147,0.50118023157119751,-0.25667914748191833,0.55868250131607056,-0.36581271886825562,1.3443028926849365,-0.26819080114364624,0.41248452663421631,0.70218467712402344,0.99831122159957886,-0.5781676173210144,0.69096750020980835,-0.24445110559463501,0.72033298015594482,-0.7477537989616394,0.56467574834823608,-0.27749574184417725,1.8496894836425781,-0.17062826454639435,0.47903347015380859,0.9846261739730835
1.6400363445281982,-0.31326669454574585,0.19705602526664734,0.56511574983596802,0.60448348522186279,-0.2694685161113739,0.52726393938064575,-0.28642785549163818,1.3577370643615723,-0.16653819382190704,0.19068777561187744,0.73651683330535889,1.0613554716110229,-0.51280003786087036,0.61809337139129639,-0.11671622842550278,0.82406651973724365,-0.70062118768692017,0.51524943113327026,-0.21202667057514191,1.8784029483795166,0.035553503781557083,0.28651109337806702,1.0332280397415161
1.6970590353012085,-0.13601577281951904,-0.04266173392534256,0.58090537786483765,0.69069045782089233,-0.30922621488571167,0.49898117780685425,-0.24698442220687866,1.3725005388259888,-0.072562523186206818,0.0038626398891210556,0.75570887327194214,1.1335800886154175,-0.43955355882644653,0.54958635568618774,-0.016636859625577927,0.85858774185180664,-0.67454755306243896,0.40502393245697021,-0.086317889392375946,1.8927531242370605,0.23841431736946106,0.032922111451625824,0.99803459644317627
1.6817787885665894,0.010318225249648094,-0.26496565341949463,0.54431653022766113,0.77252405881881714,-0.26444640755653381,0.45080795884132385,-0.20741593837738037,1.3245048522949219,0.054976843297481537,-0.21750041842460632,0.71064496040344238,1.2248513698577881,-0.35089689493179321,0.44111412763595581,0.098764136433601379,0.93259930610656738,-0.68223464488983154,0.28795823454856873,-0.020722771063446999,1.9016481637954712,0.45923718810081482,-0.25085639953613281,0.98491495847702026
1.6116310358047485,0.19541975855827332,-0.48492813110351562,0.49390506744384766,0.83411222696304321,-0.27352994680404663,0.43058985471725464,-0.15925845503807068,1.2719645500183105,0.1794370710849762,-0.38315430283546448,0.66365861892700195,1.3284379243850708,-0.29758748412132263,0.27008587121963501,0.11691155284643173,0.9753531813621521,-0.59828954935073853,0.1861845999956131,0.088559761643409729,1.8492400646209717,0.61426770687103271,-0.49604311585426331,0.89826571941375732
1.5710419416427612,0.36846616864204407,-0.66478252410888672,0.47351428866386414,0.91437923908233643,-0.28742831945419312,0.34595096111297607,-0.11352451145648956,1.2322654724121094,0.26934278011322021,-0.5681266188621521,0.5985146164894104,1.353226900100708,-0.24710801243782043,0.172175332903862,0.15522176027297974,1.039506196975708,-0.56542223691940308,0.11531436443328857,0.11083570122718811,1.7416785955429077,0.81717216968536377,-0.75500613451004028,0.84258532524108887
1.4510737657546997,0.52426272630691528,-0.886444091796875,0.3534301221370697,0.97638595104217529,-0.25152191519737244,0.22065287828445435,-0.094979323446750641,1.1403758525848389,0.34375247359275818,-0.73127061128616333,0.55198556184768677,1.3307802677154541,-0.12947507202625275,0.042217068374156952,0.21779152750968933,1.1110811233520508,-0.46064925193786621,-0.0010345485061407089,0.14801457524299622,1.5796585083007812,1.0108438730239868,-0.930564284324646,0.75356364250183105
1.3359122276306152,0.65392255783081055,-1.0152904987335205,0.24489539861679077,0.97323042154312134,-0.25156158208847046,0.10098667442798615,-0.078605741262435913,1.0676149129867554,0.47003960609436035,-0.83767950534820557,0.42951399087905884,1.2986340522766113,-0.062747597694396973,-0.084030389785766602,0.22700263559818268,1.1144543886184692,-0.35451024770736694,-0.11133848130702972,0.23087058961391449,1.4372859001159668,1.1148775815963745,-1.075455904006958,0.58717650175094604
1.1879920959472656,0.74803578853607178,-1.1262946128845215,0.14263543486595154,1.0120513439178467,-0.24418109655380249,-0.024070771411061287,-0.046549174934625626,0.97100114822387695,0.5739632248878479,-0.92587828636169434,0.3112315833568573,1.2540605068206787,-0.018438829109072685,-0.18368178606033325,0.20570015907287598,1.1165659427642822,-0.24314936995506287,-0.18644976615905762,0.21151100099086761,1.274492621421814,1.2189855575561523,-1.2354741096496582,0.38270527124404907
1.0593363046646118,0.81658256053924561,-1.2326511144638062,0.012610232457518578,0.96860337257385254,-0.19101601839065552,-0.16344578564167023,0.02647852711379528,0.8586382269859314,0.618674635887146,-1.0603742599487305,0.20048899948596954,1.1844292879104614,0.082087092101573944,-0.27726045250892639,0.18661695718765259,1.0892297029495239,-0.14535221457481384,-0.33960029482841492,0.27152273058891296,1.1316198110580444,1.2931846380233765,-1.3955506086349487,0.20694398880004883
0.92961245775222778,0.89939993619918823,-1.3041094541549683,-0.10013869404792786,0.91999965906143188,-0.17179752886295319,-0.27507820725440979,0.052367858588695526,0.71214950084686279,0.7216494083404541,-1.1516400575637817,0.059931449592113495,1.1032525300979614,0.11486352980136871,-0.44050374627113342,0.12428855150938034,1.0195901393890381,-0.013200826942920685,-0.42959842085838318,0.2808414101600647,0.87895184755325317,1.3734239339828491,-1.4794988632202148,0.025979295372962952
0.73740458488464355,0.90549343824386597,-1.3746722936630249,-0.29844379425048828,0.90141648054122925,-0.13056005537509918,-0.40754950046539307,0.056824974715709686,0.54232227802276611,0.73451417684555054,-1.1815283298492432,-0.11705538630485535,1.0301399230957031,0.16769346594810486,-0.56260281801223755,0.13938888907432556,0.93289178609848022,0.1059131994843483,-0.58464407920837402,0.23650753498077393,0.63920199871063232,1.4154121875762939,-1.5787053108215332,-0.20371375977993011
0.57856309413909912,0.88973397016525269,-1.3842567205429077,-0.48225736618041992,0.87447279691696167,-0.035653568804264069,-0.46541419625282288,0.05561431497335434,0.35440966486930847,0.7337496280670166,-1.2485274076461792,-0.24032196402549744,0.99361759424209595,0.22147607803344727,-0.65742194652557373,0.066754348576068878,0.85528671741485596,0.19870942831039429,-0.64718979597091675,0.20793890953063965,0.42441368103027344,1.4007717370986938,-1.589963436126709,-0.39886626601219177
0.35874202847480774,0.86320674419403076,-1.423578143119812,-0.59247982501983643,0.81778997182846069,-0.028579751029610634,-0.54364854097366333,0.080489948391914368,0.14529857039451599,0.69759327173233032,-1.2562174797058105,-0.40450739860534668,0.9070667028427124,0.28465920686721802,-0.7906414270401001,0.023743536323308945,0.82500457763671875,0.29188689589500427,-0.75695115327835083,0.13437320291996002,0.22357247769832611,1.4126324653625488,-1.6479295492172241,-0.56920260190963745
0.20250882208347321,0.81298774480819702,-1.3724532127380371,-0.76820403337478638,0.79292720556259155,0.057858169078826904,-0.61637496948242188,0.076904579997062683,-0.059767592698335648,0.70363855361938477,-1.2692866325378418,-0.53787434101104736,0.81149280071258545,0.3253781795501709,-0.84168761968612671,-0.0030707903206348419,0.69127750396728516,0.38855466246604919,-0.85806602239608765,0.038285978138446808,0.0028542932122945786,1.3724358081817627,-1.6624032258987427,-0.8189704418182373
0.038481350988149643,0.78736120462417603,-1.3218047618865967,-0.94375151395797729,0.71329349279403687,0.069213099777698517,-0.64877784252166748,0.034842360764741898,-0.18425643444061279,0.67328435182571411,-1.1842814683914185,-0.66456955671310425,0.71928852796554565,0.40083962678909302,-0.92245125770568848,-0.098684757947921753,0.61855661869049072,0.38398495316505432,-0.96186012029647827,-0.066170528531074524,-0.24909242987632751,1.2388885021209717,-1.6606049537658691,-1.0054230690002441
-0.15926049649715424,0.6487128734588623,-1.231178879737854,-1.1305042505264282,0.63292735815048218,0.078990854322910309,-0.76488190889358521,-0.0029369168914854527,-0.3276938796043396,0.59455239772796631,-1.1580861806869507,-0.76496654748916626,0.55366325378417969,0.4399169385433197,-0.99509048461914062,-0.20956070721149445,0.5050809383392334,0.35924193263053894,-1.045853853225708,-0.14306232333183289,-0.50129234790802002,1.0856411457061768,-1.6231688261032104,-1.2308229207992554
-0.32005161046981812,0.54948621988296509,-1.1490297317504883,-1.2399492263793945,0.52250391244888306,0.12765064835548401,-0.82484209537506104,-0.030621213838458061,-0.51111799478530884,0.49032321572303772,-1.0846586227416992,-0.87592071294784546,0.43096798658370972,0.40731137990951538,-1.0784620046615601,-0.3363167941570282,0.33594837784767151,0.40391850471496582,-1.0984318256378174,-0.27904152870178223,-0.76308614015579224,0.88330382108688354,-1.4998644590377808,-1.4245887994766235
-0.50949245691299438,0.37883517146110535,-1.0416536331176758,-1.3939573764801025,0.42779982089996338,0.17554837465286255,-0.89706647396087646,-0.097310967743396759,-0.62281894683837891,0.35239720344543457,-0.96719485521316528,-0.97140073776245117,0.26424357295036316,0.43158477544784546,-1.1009377241134644,-0.45731183886528015,0.20233067870140076,0.42191413044929504,-1.1573945283889771,-0.34787622094154358,-0.94797444343566895,0.73456281423568726,-1.2954704761505127,-1.5856854915618896
-0.59900647401809692,0.19082646071910858,-0.95588153600692749,-1.4256781339645386,0.28359898924827576,0.22603259980678558,-0.90389329195022583,-0.12181254476308823,-0.73016005754470825,0.17400628328323364,-0.85570192337036133,-1.0166603326797485,0.12049160152673721,0.42491629719734192,-1.0491710901260376,-0.53772467374801636,0.076792962849140167,0.42527499794960022,-1.1269513368606567,-0.46869003772735596,-1.1428381204605103,0.54203212261199951,-1.0756371021270752,-1.6759388446807861
-0.71981388330459595,0.060874123126268387,-0.79000592231750488,-1.4805905818939209,0.14266917109489441,0.25372570753097534,-0.94378519058227539,-0.21962617337703705,-0.8630218505859375,-0.0084235779941082001,-0.74680566787719727,-1.0447221994400024,-0.028420610353350639,0.41271877288818359,-1.0136324167251587,-0.64754486083984375,-0.086639076471328735,0.37165361642837524,-1.1094061136245728,-0.5242505669593811,-1.2292442321777344,0.26627993583679199,-0.91097897291183472,-1.7876760959625244
-0.78302299976348877,-0.12964572012424469,-0.6019023060798645,-1.5598819255828857,0.075373098254203796,0.26809847354888916,-0.97871887683868408,-0.30221965909004211,-0.95741939544677734,-0.14173705875873566,-0.56679874658584595,-1.1016421318054199,-0.1506824791431427,0.39024350047111511,-1.0017355680465698,-0.77464330196380615,-0.18141080439090729,0.31003636121749878,-1.1059620380401611,-0.59455442428588867,-1.3366862535476685,0.040865305811166763,-0.70653361082077026,-1.8328018188476562
-0.84319233894348145,-0.35597020387649536,-0.41133728623390198,-1.5688967704772949,-0.027355330064892769,0.27892237901687622,-1.0005190372467041,-0.3701414167881012,-0.96898818016052246,-0.2700616717338562,-0.40165004134178162,-1.0671823024749756,-0.31149411201477051,0.32387208938598633,-0.99150067567825317,-0.83289861679077148,-0.34919014573097229,0.22304190695285797,-1.085267186164856,-0.67982989549636841,-1.3988230228424072,-0.23095467686653137,-0.48320296406745911,-1.8150992393493652
-0.84059196710586548,-0.53207749128341675,-0.23419570922851562,-1.5201942920684814,-0.13334456086158752,0.2776191234588623,-0.94021588563919067,-0.40565106272697449,-0.97357088327407837,-0.45515036582946777,-0.2150626927614212,-1.0996315479278564,-0.3989931046962738,0.2518942654132843,-0.95395797491073608,-0.95846426486968994,-0.50288492441177368,0.14008834958076477,-1.0583561658859253,-0.77163827419281006,-1.4497408866882324,-0.51448523998260498,-0.29903492331504822,-1.792513370513916
-0.80912566184997559,-0.69421905279159546,-0.050352178514003754,-1.4433269500732422,-0.2445961982011795,0.18936178088188171,-0.88463044166564941,-0.48810729384422302,-0.97855865955352783,-0.56281185150146484,-0.036127634346485138,-1.0501619577407837,-0.49348556995391846,0.11905714869499207,-0.8735535740852356,-1.054585337638855,-0.64101660251617432,0.034928273409605026,-0.99789190292358398,-0.82455611228942871,-1.4618542194366455,-0.73197752237319946,-0.063674300909042358,-1.7656223773956299
-0.80828183889389038,-0.87739300727844238,0.097962290048599243,-1.4091588258743286,-0.29758709669113159,0.16488595306873322,-0.78319281339645386,-0.5859493613243103,-0.90773230791091919,-0.74404722452163696,0.068390935659408569,-1.0311940908432007,-0.54954540729522705,0.0085463561117649078,-0.74458926916122437,-1.0776697397232056,-0.76392543315887451,-0.11260620504617691,-0.87565338611602783,-0.86293488740921021,-1.4666206836700439,-0.94618260860443115,0.13949072360992432,-1.7290558815002441
-0.74928933382034302,-1.0561798810958862,0.27310511469841003,-1.3355777263641357,-0.40091833472251892,0.12320214509963989,-0.76705664396286011,-0.66471588611602783,-0.82694989442825317,-0.89924615621566772,0.16805447638034821,-0.95364773273468018,-0.59183013439178467,-0.15062172710895538,-0.66036385297775269,-1.1492304801940918,-0.82316547632217407,-0.25090619921684265,-0.75248801708221436,-0.91831940412521362,-1.4159200191497803,-1.1953071355819702,0.36899062991142273,-1.5731310844421387
-0.66873067617416382,-1.2426326274871826,0.43838164210319519,-1.1726411581039429,-0.49419748783111572,0.045344103127717972,-0.70722454786300659,-0.75441890954971313,-0.76182198524475098,-1.0077337026596069,0.33876144886016846,-0.87210464477539062,-0.65098214149475098,-0.25868937373161316,-0.49108263850212097,-1.2085564136505127,-0.86039990186691284,-0.38564223051071167,-0.65704679489135742,-0.96164262294769287,-1.2700284719467163,-1.4035696983337402,0.54265862703323364,-1.4732805490493774
-0.57558345794677734,-1.3440893888473511,0.53226292133331299,-1.044762134552002,-0.54721009731292725,-0.0072698667645454407,-0.63599097728729248,-0.73946726322174072,-0.68117046356201172,-1.1183046102523804,0.45318576693534851,-0.71055179834365845,-0.71939301490783691,-0.44918856024742126,-0.3709704577922821,-1.1978330612182617,-0.87207090854644775,-0.54866433143615723,-0.472158282995224,-0.9212462306022644,-1.0897939205169678,-1.5752742290496826,0.72896414995193481,-1.2558555603027344
-0.45020046830177307,-1.4989866018295288,0.67676883935928345,-0.87357532978057861,-0.59003716707229614,-0.075297318398952484,-0.50044864416122437,-0.72488558292388916,-0.59612655639648438,-1.2381260395050049,0.57137024402618408,-0.54548346996307373,-0.77714204788208008,-0.59650677442550659,-0.23481173813343048,-1.1522393226623535,-0.87073004245758057,-0.63852900266647339,-0.367867112159729,-0.85952174663543701,-0.95162957906723022,-1.7902592420578003,0.92512905597686768,-1.0701626539230347
-0.31598186492919922,-1.5588443279266357,0.75669318437576294,-0.6543692946434021,-0.66196554899215698,-0.20918998122215271,-0.3845081627368927,-0.74449676275253296,-0.46244925260543823,-1.2945276498794556,0.65578579902648926,-0.41920158267021179,-0.73514223098754883,-0.74990051984786987,-0.060967162251472473,-1.0824201107025146,-0.83049142360687256,-0.76837253570556641,-0.22078102827072144,-0.81507760286331177,-0.77995181083679199,-1.8939845561981201,1.1096723079681396,-0.87028461694717407
-0.18973617255687714,-1.6546798944473267,0.83181947469711304,-0.40874126553535461,-0.72097361087799072,-0.33394217491149902,-0.28608834743499756,-0.74943745136260986,-0.28666713833808899,-1.3233017921447754,0.6811068058013916,-0.24448107182979584,-0.68572276830673218,-0.86008173227310181,0.056825749576091766,-1.0484881401062012,-0.76055389642715454,-0.83647364377975464,-0.054557166993618011,-0.76517927646636963,-0.53483253717422485,-2.0546865463256836,1.2327479124069214,-0.65824002027511597
0.0074791647493839264,-1.6900871992111206,0.86247318983078003,-0.23662036657333374,-0.74464040994644165,-0.39554956555366516,-0.17066740989685059,-0.67686986923217773,-0.1866755485534668,-1.3856512308120728,0.71556395292282104,-0.10062223672866821,-0.58411556482315063,-0.982441246509552,0.21027639508247375,-0.92789870500564575,-0.73377662897109985,-0.92389863729476929,0.018642477691173553,-0.65097123384475708,-0.25745278596878052,-2.1680855751037598,1.2708783149719238,-0.36330598592758179
0.14629927277565002,-1.6614773273468018,0.88776171207427979,-0.01545560359954834,-0.77504998445510864,-0.4767393171787262,-0.059448409825563431,-0.61433273553848267,-0.068232610821723938,-1.3850638866424561,0.71366703510284424,0.024192046374082565,-0.52793765068054199,-1.0636782646179199,0.3330538272857666,-0.81515568494796753,-0.65875160694122314,-0.99770659208297729,0.16657677292823792,-0.50824886560440063,-0.034002058207988739,-2.2388999462127686,1.3115133047103882,-0.045934993773698807
0.30299213528633118,-1.6438775062561035,0.85485011339187622,0.23859065771102905,-0.79535233974456787,-0.60915714502334595,0.034439429640769958,-0.58023917675018311,0.08440060168504715,-1.3664191961288452,0.67617124319076538,0.22667653858661652,-0.43279072642326355,-1.1744431257247925,0.38605561852455139,-0.66129738092422485,-0.54690641164779663,-1.0748696327209473,0.25354468822479248,-0.41877678036689758,0.22195349633693695,-2.2754471302032471,1.3436715602874756,0.21486163139343262
0.51557159423828125,-1.5825815200805664,0.81227666139602661,0.39696156978607178,-0.73844116926193237,-0.68079721927642822,0.16735298931598663,-0.52295595407485962,0.21400918066501617,-1.305840015411377,0.68986636400222778,0.36080846190452576,-0.31657207012176514,-1.2196875810623169,0.49308869242668152,-0.53612327575683594,-0.43239486217498779,-1.1521743535995483,0.28266432881355286,-0.33209192752838135,0.44563508033752441,-2.1970901489257812,1.2863725423812866,0.46438783407211304
0.67591917514801025,-1.5169745683670044,0.75657027959823608,0.56406557559967041,-0.71412646770477295,-0.80860030651092529,0.25108948349952698,-0.44088014960289001,0.3315875232219696,-1.2399005889892578,0.61994749307632446,0.49725660681724548,-0.2457098662853241,-1.3114883899688721,0.51256823539733887,-0.39903524518013,-0.361773282289505,-1.1982462406158447,0.34252890944480896,-0.23949098587036133,0.72309005260467529,-2.1141865253448486,1.1901006698608398,0.70138192176818848
0.81468987464904785,-1.4247629642486572,0.67019659280776978,0.76498091220855713,-0.6167406439781189,-0.91181433200836182,0.34111052751541138,-0.31406235694885254,0.41083160042762756,-1.1230928897857666,0.56038695573806763,0.65907013416290283,-0.11214515566825867,-1.3466657400131226,0.57927435636520386,-0.23935125768184662,-0.29744932055473328,-1.2693390846252441,0.4324018657207489,-0.060875847935676575,0.92339670658111572,-1.9877502918243408,1.0926328897476196,0.97331994771957397
0.98042434453964233,-1.338234543800354,0.55370974540710449,0.93953812122344971,-0.50763106346130371,-1.0054055452346802,0.37103486061096191,-0.21355494856834412,0.51902204751968384,-0.99978601932525635,0.44951283931732178,0.76516234874725342,-0.020103827118873596,-1.3335250616073608,0.62065190076828003,-0.047001607716083527,-0.20656855404376984,-1.3118926286697388,0.43570083379745483,0.10471867024898529,1.1299741268157959,-1.8370987176895142,0.98483824729919434,1.203218936920166
1.0897692441940308,-1.1718590259552002,0.35844886302947998,1.0702266693115234,-0.40553829073905945,-1.0527442693710327,0.4369463324546814,-0.11390620470046997,0.6420363187789917,-0.85452407598495483,0.39360412955284119,0.85079574584960938,0.15321256220340729,-1.3606904745101929,0.66098302602767944,0.16637991368770599,-0.14225605130195618,-1.3446171283721924,0.43968307971954346,0.30192369222640991,1.3172543048858643,-1.6603295803070068,0.81422340869903564,1.3951339721679688
1.1689242124557495,-1.0259865522384644,0.19290006160736084,1.1507842540740967,-0.26593422889709473,-1.1070188283920288,0.48819959163665771,-0.034313738346099854,0.72006464004516602,-0.70195543766021729,0.32779845595359802,0.93601483106613159,0.33403387665748596,-1.3069359064102173,0.65312623977661133,0.37086594104766846,0.011722017079591751,-1.3286758661270142,0.4274182915687561,0.46451231837272644,1.4877140522003174,-1.4486697912216187,0.59795475006103516,1.6384665966033936
1.1869711875915527,-0.83349239826202393,0.066402986645698547,1.2632471323013306,-0.17077122628688812,-1.1411206722259521,0.54305601119995117,0.075097478926181793,0.75604051351547241,-0.55984169244766235,0.20208489894866943,1.0189193487167358,0.44876813888549805,-1.2902430295944214,0.6458592414855957,0.50685304403305054,0.13579803705215454,-1.2359967231750488,0.41884481906890869,0.58656060695648193,1.635625958442688,-1.2443627119064331,0.36928632855415344,1.7655477523803711
1.1895517110824585,-0.60968965291976929,-0.14960423111915588,1.3687018156051636,-0.010164197534322739,-1.1606309413909912,0.58395302295684814,0.1914227306842804,0.84351491928100586,-0.43342718482017517,0.058149896562099457,1.0301748514175415,0.55334514379501343,-1.1766963005065918,0.56376588344573975,0.62390810251235962,0.28393396735191345,-1.1452815532684326,0.32613596320152283,0.70966529846191406,1.7355406284332275,-0.98657512664794922,0.12396131455898285,1.9131672382354736
1.2254500389099121,-0.41065740585327148,-0.34774628281593323,1.3933570384979248,0.085858024656772614,-1.1295887231826782,0.54132586717605591,0.37077537178993225,0.91242814064025879,-0.2610701322555542,-0.089427746832370758,1.0315259695053101,0.68869078159332275,-1.0714325904846191,0.48699736595153809,0.71900129318237305,0.34910306334495544,-1.0323963165283203,0.24631181359291077,0.88086849451065063,1.7390396595001221,-0.67992556095123291,-0.15457108616828918,2.0527207851409912
1.2196213006973267,-0.20122326910495758,-0.58730703592300415,1.4472112655639648,0.2405519038438797,-1.0477347373962402,0.49116489291191101,0.47690364718437195,0.9141572117805481,-0.12653321027755737,-0.20219378173351288,1.0190683603286743,0.79928898811340332,-1.005670428276062,0.42608526349067688,0.87650525569915771,0.37482109665870667,-0.90936845541000366,0.15298353135585785,0.97665828466415405,1.7056849002838135,-0.40968874096870422,-0.39456790685653687,2.0871496200561523
1.1441612243652344,-0.039654314517974854,-0.74182891845703125,1.4386582374572754,0.37536522746086121,-0.97763168811798096,0.40417179465293884,0.60341852903366089,0.87226879596710205,-0.017915654927492142,-0.30392006039619446,1.0587916374206543,0.84320253133773804,-0.89141684770584106,0.32490682601928711,1.0190799236297607,0.43050262331962585,-0.80192512273788452,0.042111091315746307,1.066925048828125,1.702101469039917,-0.13805612921714783,-0.71021568775177002,2.1441857814788818
1.0427243709564209,0.18679866194725037,-0.92302983999252319,1.358890175819397,0.4265516996383667,-0.85123825073242188,0.2906012237071991,0.76044130325317383,0.84529799222946167,0.10309462994337082,-0.39226168394088745,1.0291750431060791,0.95553839206695557,-0.76991438865661621,0.16216804087162018,1.0905486345291138,0.48809444904327393,-0.71854948997497559,-0.099894516170024872,1.1790708303451538,1.6149473190307617,0.18006777763366699,-0.97269755601882935,2.0828380584716797
0.93326199054718018,0.39343258738517761,-1.0513968467712402,1.2633464336395264,0.50214803218841553,-0.77236545085906982,0.18400172889232635,0.86938029527664185,0.82452809810638428,0.29407289624214172,-0.51463580131530762,1.0060575008392334,1.0493456125259399,-0.57791739702224731,0.040857568383216858,1.1719757318496704,0.53696751594543457,-0.60374516248703003,-0.25020775198936462,1.22751784324646,1.5400011539459229,0.51211386919021606,-1.2772290706634521,1.9826943874359131
0.81338405609130859,0.60189342498779297,-1.2127704620361328,1.2118269205093384,0.54028558731079102,-0.65742003917694092,0.052082199603319168,0.91106051206588745,0.7700309157371521,0.38814413547515869,-0.65334463119506836,0.95353078842163086,1.0499472618103027,-0.38967400789260864,-0.087467804551124573,1.2662372589111328,0.58057111501693726,-0.403370201587677,-0.33828061819076538,1.2201305627822876,1.3359463214874268,0.7533913254737854,-1.5291363000869751,1.8240947723388672
0.67022472620010376,0.75218933820724487,-1.345146656036377,1.079278826713562,0.61661303043365479,-0.57479703426361084,-0.080707371234893799,0.9510839581489563,0.69511914253234863,0.54494142532348633,-0.75073927640914917,0.85451602935791016,1.0463868379592896,-0.17695179581642151,-0.22562894225120544,1.3053169250488281,0.56349515914916992,-0.27412140369415283,-0.43058943748474121,1.2236294746398926,1.1477668285369873,0.95958185195922852,-1.7075502872467041,1.6498546600341797
0.53358256816864014,0.87899309396743774,-1.4494943618774414,0.92768114805221558,0.59537625312805176,-0.4537808895111084,-0.1467985212802887,1.0322703123092651,0.60837662220001221,0.70650821924209595,-0.85523796081542969,0.72710460424423218,0.99211579561233521,-0.014049369841814041,-0.36390265822410583,1.3410687446594238,0.49555006623268127,-0.091859281063079834,-0.50562560558319092,1.2575381994247437,0.88859015703201294,1.21217942237854,-1.9299501180648804,1.4140861034393311
0.30672362446784973,1.0255117416381836,-1.5788472890853882,0.794231116771698,0.60875880718231201,-0.33146718144416809,-0.30471792817115784,1.1129380464553833,0.52732563018798828,0.8168717622756958,-0.90219193696975708,0.63018852472305298,0.99796044826507568,0.15538173913955688,-0.55770182609558105,1.3272372484207153,0.41416963934898376,0.063043341040611267,-0.58187437057495117,1.2448149919509888,0.58137422800064087,1.4236736297607422,-2.1103072166442871,1.1706798076629639
0.09944288432598114,1.120978832244873,-1.6857707500457764,0.59699523448944092,0.59381967782974243,-0.20566950738430023,-0.41957303881645203,1.1036477088928223,0.36543524265289307,0.89999330043792725,-1.027859091758728,0.4886167049407959,0.88635134696960449,0.31158983707427979,-0.77002400159835815,1.2391880750656128,0.31867116689682007,0.24714294075965881,-0.63196367025375366,1.2154655456542969,0.26326808333396912,1.5487391948699951,-2.207160472869873,0.89363563060760498
-0.12797050178050995,1.1541309356689453,-1.6948227882385254,0.39228916168212891,0.51829159259796143,-0.023813068866729736,-0.49723613262176514,1.1024951934814453,0.20841914415359497,0.9211660623550415,-1.1105667352676392,0.32909497618675232,0.73855805397033691,0.52442246675491333,-0.90928453207015991,1.1139355897903442,0.28386557102203369,0.34256404638290405,-0.72249990701675415,1.1700841188430786,-0.026448985561728477,1.6560602188110352,-2.2415049076080322,0.61872333288192749
-0.31417801976203918,1.1636993885040283,-1.7115415334701538,0.15418633818626404,0.4262668788433075,0.10817929357290268,-0.60158658027648926,1.1088300943374634,0.0096849724650382996,0.91874265670776367,-1.126964807510376,0.22586074471473694,0.58023166656494141,0.64472430944442749,-1.0225726366043091,1.0570731163024902,0.22165842354297638,0.50003725290298462,-0.76231324672698975,1.1291252374649048,-0.29024609923362732,1.6652321815490723,-2.2855668067932129,0.30104964971542358
-0.56155228614807129,1.2029730081558228,-1.6980499029159546,-0.081916004419326782,0.37426549196243286,0.27486279606819153,-0.67531514167785645,1.020359992980957,-0.13434717059135437,0.97325879335403442,-1.149189829826355,0.09594021737575531,0.44103273749351501,0.81894922256469727,-1.1761512756347656,0.93863958120346069,0.11215411126613617,0.61248904466629028,-0.84838062524795532,0.99447619915008545,-0.59028333425521851,1.6646853685379028,-2.2853109836578369,0.03549354150891304
-0.78917670249938965,1.1394686698913574,-1.5839015245437622,-0.31832057237625122,0.25482010841369629,0.41667941212654114,-0.80893814563751221,0.97895097732543945,-0.30381157994270325,0.98198461532592773,-1.0937904119491577,-0.026328280568122864,0.25652655959129333,0.90163987874984741,-1.2973823547363281,0.80928492546081543,-0.0097315041348338127,0.68614941835403442,-0.86079901456832886,0.91447442770004272,-0.90704637765884399,1.5899950265884399,-2.1980252265930176,-0.23776745796203613
-1.0361690521240234,1.0485620498657227,-1.4369862079620361,-0.5097205638885498,0.1448158472776413,0.51105749607086182,-0.85692840814590454,0.91614770889282227,-0.48896685242652893,0.96324402093887329,-1.0760980844497681,-0.19799709320068359,0.034983597695827484,1.0056749582290649,-1.3533461093902588,0.67963153123855591,-0.17186424136161804,0.7996819019317627,-0.90924322605133057,0.78364336490631104,-1.1607524156570435,1.4949690103530884,-2.0477001667022705,-0.52776026725769043
-1.2369577884674072,0.961692214012146,-1.2713631391525269,-0.63745951652526855,0.020132942125201225,0.62934184074401855,-0.9430006742477417,0.80548983812332153,-0.60282164812088013,0.94936764240264893,-0.99332183599472046,-0.3917592465877533,-0.13201598823070526,1.1030988693237305,-1.3935451507568359,0.53559571504592896,-0.30958861112594604,0.8466644287109375,-0.92400717735290527,0.65726959705352783,-1.4793460369110107,1.377255916595459,-1.8513437509536743,-0.76811230182647705
-1.4357205629348755,0.81325060129165649,-1.1019432544708252,-0.8260764479637146,-0.15421047806739807,0.70334208011627197,-0.95077049732208252,0.64567387104034424,-0.74019211530685425,0.87832057476043701,-0.90455174446105957,-0.54683250188827515,-0.34978035092353821,1.0952498912811279,-1.4430122375488281,0.37827792763710022,-0.44398796558380127,0.9038621187210083,-0.95128589868545532,0.52926844358444214,-1.7572492361068726,1.2309950590133667,-1.6321111917495728,-1.0047433376312256
-1.6213259696960449,0.66519540548324585,-0.86594587564468384,-0.96126353740692139,-0.24905192852020264,0.79047662019729614,-0.93994301557540894,0.48004955053329468,-0.89516687393188477,0.75856798887252808,-0.79364979267120361,-0.68368399143218994,-0.53664791584014893,1.0857939720153809,-1.4379359483718872,0.15122061967849731,-0.6114354133605957,0.95373070240020752,-0.96952152252197266,0.40870702266693115,-2.0022075176239014,1.0407959222793579,-1.4074949026107788,-1.2409849166870117
-1.7273313999176025,0.48430201411247253,-0.6218719482421875,-1.0966732501983643,-0.40047734975814819,0.86423194408416748,-0.95691215991973877,0.36971724033355713,-0.96830552816390991,0.68705970048904419,-0.62639844417572021,-0.76389104127883911,-0.75031429529190063,1.1022568941116333,-1.3880777359008789,-0.025166530162096024,-0.77642732858657837,0.92156875133514404,-0.93543767929077148,0.27458480000495911,-2.200045108795166,0.84069925546646118,-1.1740612983703613,-1.3655261993408203
-1.8103992938995361,0.32221710681915283,-0.37038454413414001,-1.1878460645675659,-0.56925702095031738,0.87173312902450562,-0.97483986616134644,0.22554114460945129,-1.0771485567092896,0.56992483139038086,-0.44500699639320374,-0.84266847372055054,-0.96312248706817627,1.0915517807006836,-1.3122380971908569,-0.16448891162872314,-0.94405603408813477,0.85473752021789551,-0.87455469369888306,0.14887276291847229,-2.3855447769165039,0.63319283723831177,-0.84563910961151123,-1.4853051900863647
-1.8393163681030273,0.14025628566741943,-0.14661663770675659,-1.2389869689941406,-0.69273775815963745,0.83601409196853638,-0.94111818075180054,0.13331109285354614,-1.1425484418869019,0.44253909587860107,-0.29577365517616272,-0.96629923582077026,-1.0958155393600464,1.0138874053955078,-1.2342803478240967,-0.28864380717277527,-1.102215051651001,0.83724707365036011,-0.75211834907531738,0.066845685243606567,-2.5060663223266602,0.37475574016571045,-0.52197980880737305,-1.6217575073242188
-1.8747794628143311,-0.078163392841815948,0.063146583735942841,-1.2589870691299438,-0.86141103506088257,0.77422082424163818,-0.87524265050888062,-0.010263425298035145,-1.2210958003997803,0.31247532367706299,-0.17165356874465942,-1.060571551322937,-1.2764151096343994,0.970039963722229,-1.1229919195175171,-0.47237032651901245,-1.1964912414550781,0.80840069055557251,-0.59270954132080078,-0.082014307379722595,-2.6072456836700439,0.059398315846920013,-0.2353842556476593,-1.7106634378433228
-1.8947048187255859,-0.26544532179832458,0.29298856854438782,-1.2048428058624268,-1.0060263872146606,0.74097299575805664,-0.81314730644226074,-0.11090422421693802,-1.2515759468078613,0.10939155519008636,-0.020770052447915077,-1.1421144008636475,-1.3933773040771484,0.81490188837051392,-0.93763363361358643,-0.60980093479156494,-1.286835789680481,0.74193835258483887,-0.47194945812225342,-0.14519309997558594,-2.6503305435180664,-0.26231682300567627,0.1169009730219841,-1.7116581201553345
-1.8035805225372314,-0.44816526770591736,0.5511023998260498,-1.1809459924697876,-1.1214953660964966,0.62529575824737549,-0.74802714586257935,-0.21532668173313141,-1.243034839630127,-0.068111404776573181,0.20702219009399414,-1.1043409109115601,-1.4991434812545776,0.70631688833236694,-0.73508358001708984,-0.74681395292282104,-1.3864059448242188,0.62815690040588379,-0.38051539659500122,-0.27524781227111816,-2.5798852443695068,-0.58498334884643555,0.44274991750717163,-1.6395684480667114
-1.6843620538711548,-0.65680915117263794,0.78669822216033936,-1.1232997179031372,-1.2611469030380249,0.50978922843933105,-0.64540672302246094,-0.27292287349700928,-1.2244725227355957,-0.19452577829360962,0.38909703493118286,-1.0879209041595459,-1.6453453302383423,0.59397417306900024,-0.55187141895294189,-0.87137436866760254,-1.4005638360977173,0.52688354253768921,-0.26350852847099304,-0.34025701880455017,-2.4923195838928223,-0.86207294464111328,0.76508241891860962,-1.5967563390731812
-1.5904523134231567,-0.81027716398239136,0.96365487575531006,-1.0128234624862671,-1.3798472881317139,0.46555036306381226,-0.53081238269805908,-0.34725981950759888,-1.2171728610992432,-0.36994490027427673,0.5761914849281311,-1.0760637521743774,-1.754057765007019,0.39846742153167725,-0.30283573269844055,-0.93310999870300293,-1.442230224609375,0.42674240469932556,-0.10536380857229233,-0.35813286900520325,-2.3604233264923096,-1.1237959861755371,1.1118748188018799,-1.5003731250762939
-1.4504117965698242,-0.98493891954421997,1.1359018087387085,-0.86234784126281738,-1.4150162935256958,0.38337066769599915,-0.34419721364974976,-0.39589700102806091,-1.1008092164993286,-0.53429663181304932,0.72216331958770752,-0.98523437976837158,-1.7541223764419556,0.18909916281700134,-0.042528264224529266,-1.0065340995788574,-1.4641177654266357,0.31747975945472717,0.025114502757787704,-0.42574328184127808,-2.2261509895324707,-1.4045177698135376,1.4086973667144775,-1.32476806640625
-1.3117859363555908,-1.1018455028533936,1.2851848602294922,-0.70179080963134766,-1.4336076974868774,0.25835585594177246,-0.19179061055183411,-0.47329956293106079,-0.98321080207824707,-0.63957321643829346,0.91649669408798218,-0.84618955850601196,-1.8025485277175903,-0.027947740629315376,0.20562869310379028,-0.99686616659164429,-1.4338448047637939,0.21173301339149475,0.21780355274677277,-0.47068575024604797,-1.987779974937439,-1.6634335517883301,1.6959104537963867,-1.0785644054412842
-1.1632088422775269,-1.2538716793060303,1.4874728918075562,-0.47908404469490051,-1.4751979112625122,0.14215034246444702,-0.0014914143830537796,-0.54031318426132202,-0.82054972648620605,-0.75962203741073608,1.0928635597229004,-0.77340590953826904,-1.7805005311965942,-0.20141223073005676,0.43989390134811401,-1.023714542388916,-1.3745497465133667,0.11208131909370422,0.40827882289886475,-0.49874457716941833,-1.6888523101806641,-1.8829907178878784,1.9597620964050293,-0.86733555793762207
-0.97848248481750488,-1.3643043041229248,1.5858672857284546,-0.30553621053695679,-1.4773496389389038,-0.016545815393328667,0.1486067920923233,-0.57668453454971313,-0.63825416564941406,-0.90122663974761963,1.1984183788299561,-0.63688790798187256,-1.6971567869186401,-0.42315074801445007,0.62746673822402954,-0.99817246198654175,-1.299235463142395,-0.037813305854797363,0.53098189830780029,-0.50836873054504395,-1.3647409677505493,-2.0070559978485107,2.1995565891265869,-0.54345488548278809
-0.76179790496826172,-1.4498676061630249,1.6589961051940918,-0.079316280782222748,-1.4721323251724243,-0.18614542484283447,0.28544488549232483,-0.58491426706314087,-0.45001181960105896,-0.98866647481918335,1.3034343719482422,-0.51147764921188354,-1.5973870754241943,-0.58152192831039429,0.82941997051239014,-0.91061443090438843,-1.258802056312561,-0.19638246297836304,0.63628095388412476,-0.43765580654144287,-1.0303479433059692,-2.1595699787139893,2.3753025531768799,-0.26159891486167908
-0.54961788654327393,-1.5190640687942505,1.7410187721252441,0.15369969606399536,-1.3807295560836792,-0.28351181745529175,0.49776318669319153,-0.54542911052703857,-0.22359469532966614,-1.0770628452301025,1.3926477432250977,-0.31168729066848755,-1.4893665313720703,-0.73427748680114746,1.078255295753479,-0.84509289264678955,-1.1507827043533325,-0.26235848665237427,0.7577776312828064,-0.36512479186058044,-0.64463239908218384,-2.1909887790679932,2.4766924381256104,0.090285614132881165
-0.26979109644889832,-1.524897575378418,1.7924485206604004,0.39131847023963928,-1.3147001266479492,-0.37740993499755859,0.64866930246353149,-0.53124892711639404,-0.055364310741424561,-1.1060550212860107,1.4573016166687012,-0.17326220870018005,-1.3523455858230591,-0.84815466403961182,1.2336654663085938,-0.74901139736175537,-1.0816267728805542,-0.35924088954925537,0.86356675624847412,-0.34067192673683167,-0.32916936278343201,-2.2180027961730957,2.5306878089904785,0.45785996317863464
-0.055513259023427963,-1.4779715538024902,1.8360071182250977,0.63088059425354004,-1.1757904291152954,-0.48373371362686157,0.81945955753326416,-0.42677071690559387,0.14616687595844269,-1.1472514867782593,1.4421640634536743,0.018042992800474167,-1.1713249683380127,-1.0150953531265259,1.4184406995773315,-0.59657144546508789,-0.95169901847839355,-0.41743549704551697,0.96665686368942261,-0.26620915532112122,0.056149087846279144,-2.1365261077880859,2.519913911819458,0.79320281744003296
0.1964787095785141,-1.4322242736816406,1.7915160655975342,0.87710118293762207,-1.0522356033325195,-0.53360903263092041,0.95094966888427734,-0.3192143440246582,0.32363700866699219,-1.1466473340988159,1.4253791570663452,0.22726944088935852,-0.94751125574111938,-1.1327391862869263,1.5544478893280029,-0.40052229166030884,-0.87229937314987183,-0.48559722304344177,1.0773853063583374,-0.16992692649364471,0.40115049481391907,-2.0685708522796631,2.4598948955535889,1.1172951459884644
0.39845359325408936,-1.3418397903442383,1.7566803693771362,1.1247518062591553,-0.96680939197540283,-0.62163615226745605,1.0313730239868164,-0.22871792316436768,0.51497584581375122,-1.1220828294754028,1.4020671844482422,0.44614237546920776,-0.72428900003433228,-1.1844956874847412,1.6159045696258545,-0.24091812968254089,-0.74169206619262695,-0.58164805173873901,1.2059845924377441,-0.099536888301372528,0.70799201726913452,-1.8899974822998047,2.3454623222351074,1.4828482866287231
0.59249860048294067,-1.2248455286026001,1.6126213073730469,1.2905740737915039,-0.81783866882324219,-0.65905475616455078,1.1559953689575195,-0.13450488448143005,0.69732016324996948,-1.0623517036437988,1.271543025970459,0.60932457447052002,-0.51720106601715088,-1.2397068738937378,1.6647729873657227,0.004480607807636261,-0.59808605909347534,-0.58912962675094604,1.2866458892822266,0.040784131735563278,0.98959195613861084,-1.7299908399581909,2.1921679973602295,1.7874296903610229
