3.054791209711192335e-01,-7.222431204958953965e-03,3.071719583982276403e-01,-2.052639418812722549e-03,2.918835469577529818e-01,3.512447032735118574e-03,3.052227940398070660e-01,-2.787138944609253433e-04,2.925622726535109241e-01,-6.992281242088657645e-03,2.974159604846516314e-01,2.535299776972036595e-03
3.118872957868716878e-01,-1.075748358123159755e-02,3.122926604115588978e-01,-1.113741218043005909e-02,3.013677563863057518e-01,5.591531783169147868e-03,3.107848897033930746e-01,-1.251841737582334163e-02,2.917568471032098709e-01,-2.200108751521789863e-02,2.905524563215420297e-01,2.696573980400024037e-04
3.042705762219565235e-01,-1.757974895536314891e-02,3.066080991489679719e-01,-1.407872550014038597e-02,3.002226253994157434e-01,6.278752171944523147e-03,3.145398233959215695e-01,-2.260570190133832230e-02,2.979620213808095719e-01,-2.188414013289865373e-02,2.883074170501063183e-01,-9.750315277749508139e-03
3.080222888153759664e-01,-1.819182313991444047e-02,3.055048401497319488e-01,-1.894682820282950902e-02,2.931441404054078159e-01,-7.368693589742621002e-03,3.174557685937042240e-01,-2.966842284633109880e-02,2.988290607077753736e-01,-2.269601010470279068e-02,2.908067771445631555e-01,-1.449077670365649106e-02
3.147265138179409782e-01,-2.982493875323906363e-02,2.962919584194567135e-01,-2.957651809612255739e-02,2.888686416889466035e-01,-1.001045758381660308e-02,3.180030431836031179e-01,-3.059594032121542434e-02,3.016614113122290664e-01,-3.069960393346866240e-02,2.967973693038106764e-01,-2.704833855132816878e-02
3.071762570971395823e-01,-3.244439079356488398e-02,2.946235535690148732e-01,-3.808676172294079426e-02,2.846986743202277736e-01,-1.321902190921867525e-02,3.146273765882466322e-01,-4.546849400980769451e-02,2.934075372759700207e-01,-2.770664889516534501e-02,3.044280163469362810e-01,-2.916467556390469479e-02
2.984551885243382774e-01,-3.078623316655304532e-02,2.929773441312282789e-01,-5.020758339482282728e-02,2.805534263650564242e-01,-1.738593104403592798e-02,3.072534623668351506e-01,-4.500764480316497840e-02,2.980237948947709326e-01,-2.935587171830693690e-02,3.024865836311602663e-01,-3.292702569852076766e-02
2.944366881076629361e-01,-4.409065108154724966e-02,2.840412518177828360e-01,-5.468836874018695449e-02,2.736175671149134181e-01,-1.458361309402468088e-02,3.079745322647797212e-01,-5.457731735961280500e-02,2.992549872900331365e-01,-4.506056603181407549e-02,3.109992273820187392e-01,-3.957849693063116014e-02
2.930246631071710683e-01,-5.495585089396051032e-02,2.795788643898301506e-01,-6.035798311290940105e-02,2.721041240591338672e-01,-2.968687649253738681e-02,3.134088244014746061e-01,-5.325187508548553939e-02,2.911587577493690571e-01,-5.027268098172705396e-02,3.023791722661149928e-01,-4.266798995003487360e-02
2.865298259071894504e-01,-7.047408153624482030e-02,2.794687541154016186e-01,-6.897026479398131460e-02,2.781061813919313841e-01,-2.913506081761711719e-02,3.086865647562191950e-01,-5.090978807749830387e-02,2.859716608925368941e-01,-5.612933022107950004e-02,2.966451142784663486e-01,-4.032541068313398591e-02
2.929361940940350406e-01,-6.885019669085239158e-02,2.784665160272509765e-01,-7.874402830111733309e-02,2.829637288177987986e-01,-3.164706955726537263e-02,3.051415235721434138e-01,-6.561595111444679107e-02,2.897848665150958292e-01,-6.697847744591106656e-02,3.045748690754792598e-01,-5.175390494743044301e-02
2.854878834745094296e-01,-7.900881451942977363e-02,2.824397322260521759e-01,-7.543896667218541463e-02,2.823456111507003374e-01,-4.464361859711277192e-02,2.941079303040184945e-01,-7.763924632863190844e-02,2.810817413219079963e-01,-6.968168617869424653e-02,2.959764410691013148e-01,-5.812085565342131610e-02
2.765288622152671238e-01,-9.281661037284277826e-02,2.894822039127386004e-01,-8.368861168330250788e-02,2.774717126143768642e-01,-5.083567084883364867e-02,2.958124296327175329e-01,-7.500111624036917557e-02,2.754170321359752371e-01,-6.729264232224292652e-02,2.853112137837580109e-01,-6.338604168030659292e-02
2.833329944398145228e-01,-9.292398633296132526e-02,2.871560637101783775e-01,-8.442135469360091682e-02,2.668117348769399322e-01,-6.454724839368512768e-02,3.009009796055648889e-01,-7.556726433343034788e-02,2.687239941288590561e-01,-7.265280709212859622e-02,2.861638093641520886e-01,-6.222197349478185424e-02
2.805524523546812921e-01,-1.043109152629595748e-01,2.802008838762579668e-01,-8.588803846151631116e-02,2.718521651775444581e-01,-7.820310573242625352e-02,2.907208114579998282e-01,-8.031267926831561765e-02,2.601944028708704781e-01,-7.202363724553099977e-02,2.811260633727379332e-01,-7.554509471797922482e-02
2.695741422327073145e-01,-1.171977179420465309e-01,2.695507617595711558e-01,-9.031033497350481054e-02,2.739023935988860181e-01,-8.631971145203871931e-02,2.854743798116745057e-01,-8.667416393062006563e-02,2.662540289706520347e-01,-7.069061514391783430e-02,2.704846627186341945e-01,-8.811575006585198322e-02
2.677052468482191139e-01,-1.314243230623038383e-01,2.744137261358722824e-01,-1.053277266798031547e-01,2.806728367502064891e-01,-1.004470264505893939e-01,2.906123955650171675e-01,-8.499826577791982918e-02,2.744316302795055673e-01,-7.047716130963899150e-02,2.743118985327437365e-01,-9.133427119232036262e-02
2.627785503089801189e-01,-1.349498926794717168e-01,2.676364379522931380e-01,-1.188002523052190534e-01,2.782214417016696251e-01,-1.084592880599840464e-01,2.835638290600362432e-01,-9.410895532512882078e-02,2.703499360498377024e-01,-7.992117627035805194e-02,2.700744947034359189e-01,-9.378782229118153013e-02
2.670507622308631590e-01,-1.381466130923372504e-01,2.713482694651303540e-01,-1.243751338492273539e-01,2.787106085258223565e-01,-1.190663573183074059e-01,2.863795131997394772e-01,-1.064430307286048094e-01,2.726474751008005071e-01,-7.869349365630186333e-02,2.608407950036432110e-01,-9.760431321113860470e-02
2.703055134907183521e-01,-1.426422569803488527e-01,2.745132488807367488e-01,-1.248184768850682108e-01,2.852498226358028410e-01,-1.304511344857458566e-01,2.860521704923336128e-01,-1.210727443395883257e-01,2.733969192281568983e-01,-9.130144118486946403e-02,2.601877209688692738e-01,-1.020822103330038672e-01
2.760773930649134122e-01,-1.567173662604740836e-01,2.643589506610375950e-01,-1.394713325104316448e-01,2.857980656468984693e-01,-1.387525924033299884e-01,2.891171439283787281e-01,-1.242719440009369680e-01,2.682436455710243139e-01,-8.947841884947105306e-02,2.633967197036222174e-01,-1.126133108199730698e-01
2.706094421952521256e-01,-1.588277796088806704e-01,2.626293853158869207e-01,-1.370403485263963494e-01,2.886290436770197476e-01,-1.459186361226135209e-01,2.841588945179765457e-01,-1.212569222449204898e-01,2.708092819141078023e-01,-8.646769223020749073e-02,2.535140250315635613e-01,-1.116914475787331718e-01
2.739408768270009120e-01,-1.695354386635809785e-01,2.590595399813300226e-01,-1.444333787836117877e-01,2.817492187834172990e-01,-1.444229499529797178e-01,2.873596367817084496e-01,-1.356289383961842565e-01,2.790206212262550944e-01,-8.494483385378460982e-02,2.469583648372696838e-01,-1.108255106891092440e-01
2.611301581178186448e-01,-1.814940619948622047e-01,2.490313099089904725e-01,-1.451195612594821105e-01,2.728248443286156455e-01,-1.429259152665746935e-01,2.877724388003345402e-01,-1.516622607774018583e-01,2.674303212317534206e-01,-1.001424645034606070e-01,2.468603581764420574e-01,-1.105085284910797827e-01
2.614626925574941030e-01,-1.813363747983081642e-01,2.369319446747421565e-01,-1.571176107842268133e-01,2.624647996093970037e-01,-1.493589379217327151e-01,2.896429561513633733e-01,-1.559655836341983792e-01,2.724500939369228769e-01,-1.131308819480929262e-01,2.493426094453236874e-01,-1.223802591521379601e-01
2.486829760931312805e-01,-1.802708830405411744e-01,2.379811581610700166e-01,-1.695300094609462072e-01,2.513120409674463596e-01,-1.620484835035413407e-01,2.961241880697632611e-01,-1.637746501777588015e-01,2.758690952647891992e-01,-1.166954978760601780e-01,2.483432672614536707e-01,-1.353474520071813736e-01
2.380463382307216047e-01,-1.864415081257697615e-01,2.326712457866664252e-01,-1.760616547098668161e-01,2.404554218213304506e-01,-1.755758617987504544e-01,2.884102059818332564e-01,-1.748634157222302699e-01,2.720932495808949803e-01,-1.208629158316491814e-01,2.483289005696752982e-01,-1.430662337401633344e-01
2.338001615700096014e-01,-1.980926828771988613e-01,2.305991713549113975e-01,-1.807187255249608215e-01,2.409839482075628592e-01,-1.787092241784295488e-01,2.879615987978093039e-01,-1.856541541351752200e-01,2.754246357039810689e-01,-1.262246594375586450e-01,2.440959397984698298e-01,-1.465730302145379083e-01
2.302438102072769943e-01,-1.982622986134613685e-01,2.232738106792961919e-01,-1.799383465827543715e-01,2.372925966543427412e-01,-1.925218237529354726e-01,2.756896986565646746e-01,-1.859951114016439311e-01,2.640115008533674423e-01,-1.370729104984481639e-01,2.378470800042099820e-01,-1.590767455457288981e-01
2.193508222162204868e-01,-2.023517491930783008e-01,2.120684948649389778e-01,-1.884521924297754558e-01,2.426107437973034908e-01,-1.887874587018723571e-01,2.774118942556235146e-01,-1.967146191826357193e-01,2.650233436267203091e-01,-1.392796485852151878e-01,2.324223789965683962e-01,-1.621979739257126130e-01
2.250864472860310550e-01,-2.071545129565975363e-01,2.150808456339777519e-01,-1.842891198499764516e-01,2.316669123946415443e-01,-1.960919058830360995e-01,2.713290561888092034e-01,-2.121616689487036689e-01,2.673443541109108423e-01,-1.469607234213197444e-01,2.285649582018621784e-01,-1.750409207259794597e-01
2.226722604871950173e-01,-2.133702435209580972e-01,2.030773699281158418e-01,-1.950969075933128571e-01,2.346168419722316489e-01,-1.994349359635933516e-01,2.700688038125206303e-01,-2.158001713484550554e-01,2.696632000232750404e-01,-1.622718915557093688e-01,2.223963074859948152e-01,-1.801135418472078753e-01
2.265959004942028621e-01,-2.177234065273589425e-01,2.061809177529240200e-01,-2.037919129537546226e-01,2.306044824235894686e-01,-2.050027957126815403e-01,2.578523947034729313e-01,-2.248668374161707229e-01,2.747645156431943736e-01,-1.662991461573523344e-01,2.123441682977900147e-01,-1.891064532783098273e-01
2.123877214895159848e-01,-2.283819030829730978e-01,2.061657488078267875e-01,-2.067563261192191526e-01,2.361405454601865350e-01,-2.087577153759171411e-01,2.529051754277041875e-01,-2.264848972233709234e-01,2.795050901593283954e-01,-1.686898044239226735e-01,2.178262637032114257e-01,-1.890811982270563518e-01
2.172163857619679173e-01,-2.246835187378329324e-01,1.977951871952005058e-01,-2.077521206965047273e-01,2.369650619113735646e-01,-2.181408143701905888e-01,2.408528729805211877e-01,-2.424102157648486688e-01,2.816781566214335286e-01,-1.758182800098443965e-01,2.237554431285688206e-01,-1.955228910559788091e-01
2.212167487316090420e-01,-2.243017250671656138e-01,1.843795593252939014e-01,-2.157923805230592407e-01,2.235762150702467754e-01,-2.323768852518227623e-01,2.395107812385738888e-01,-2.447519556124558848e-01,2.836362046762691547e-01,-1.755364074052848389e-01,2.246336146769794540e-01,-1.954150543767514125e-01
2.202764622175536757e-01,-2.398739354243736299e-01,1.780908228659004722e-01,-2.131588909662444631e-01,2.223609335423274991e-01,-2.438845941274984941e-01,2.416713647189630276e-01,-2.543990451779340467e-01,2.871923699510446348e-01,-1.866247032242211168e-01,2.225317186071074094e-01,-2.033977744693626355e-01
2.216276156285918175e-01,-2.361704063666770215e-01,1.697548861867988756e-01,-2.201265988177317778e-01,2.102196672203700545e-01,-2.487139408487201997e-01,2.465349845606626678e-01,-2.571049685486412328e-01,2.853641326948276324e-01,-1.960012064131635146e-01,2.267697383234312525e-01,-2.093942750621637094e-01
2.195950128002942259e-01,-2.455804000336837267e-01,1.637599896405498023e-01,-2.159554397497035205e-01,2.102846508348939492e-01,-2.540071324991210466e-01,2.370837026919263568e-01,-2.560250444933568348e-01,2.761460509041775424e-01,-2.067393804094631027e-01,2.307631491106469646e-01,-2.148743866607486785e-01
2.077922360812889946e-01,-2.444005841062222018e-01,1.551058195105580184e-01,-2.195798046942575299e-01,2.110439966877390161e-01,-2.544982691774093642e-01,2.307309269737430890e-01,-2.631623827924046144e-01,2.819052982746887981e-01,-2.103825901748369309e-01,2.327584302397896487e-01,-2.130318112940028652e-01
2.031588656851667785e-01,-2.517954827943200691e-01,1.414310784450361347e-01,-2.150921835987056607e-01,1.980140849867939867e-01,-2.698791227005551963e-01,2.203890115479937573e-01,-2.784281249725321095e-01,2.768000033194272791e-01,-2.173485682352774284e-01,2.247491929944812894e-01,-2.282555135427948856e-01
1.960054715728423158e-01,-2.594978288722850635e-01,1.271624489265580360e-01,-2.272474049413221731e-01,1.998717938076004508e-01,-2.859233294398582093e-01,2.149837961648006224e-01,-2.851310650434715210e-01,2.691149151749344659e-01,-2.259720553254026543e-01,2.257957054741570602e-01,-2.276297693989561555e-01
1.874302298364939612e-01,-2.568455259701833970e-01,1.135888866246707596e-01,-2.322222914384259318e-01,1.983844880507388553e-01,-2.991652908627377427e-01,2.002286552640408224e-01,-2.988032373627855232e-01,2.729719379390400658e-01,-2.429434604641281803e-01,2.150095495824049796e-01,-2.432346791656938845e-01
1.723881471753277439e-01,-2.555555835575749057e-01,1.113268225244417181e-01,-2.429143709712171806e-01,1.978599299961897873e-01,-2.984052309860250607e-01,1.893378601918682680e-01,-2.966556278391319634e-01,2.672022173357306296e-01,-2.482638426029518952e-01,2.198378466714439872e-01,-2.521296867743436088e-01
1.636297481914474883e-01,-2.694384787943798210e-01,9.706523050701132416e-02,-2.499829700614794037e-01,1.822725083328190221e-01,-3.114415143981022482e-01,1.879084140521030122e-01,-2.984823408788442878e-01,2.670085482128192189e-01,-2.592343605975843679e-01,2.225956420783110068e-01,-2.565694748129868641e-01
1.483211307102266785e-01,-2.844848711107748063e-01,1.019272627443918583e-01,-2.520607479195733358e-01,1.685818775552272442e-01,-3.096292472195338874e-01,1.895463732370799570e-01,-3.037465811264293269e-01,2.642597015980826525e-01,-2.711603217233751195e-01,2.084746465094913792e-01,-2.610954425454542482e-01
1.501092032460872028e-01,-2.945900554941908167e-01,9.910145045070875569e-02,-2.549109642638353046e-01,1.603126226120215325e-01,-3.119007966628220552e-01,1.879868343088600402e-01,-3.084876728626912978e-01,2.640049399073102765e-01,-2.689254672708171201e-01,2.016381854165983922e-01,-2.669756252701027677e-01
1.421175469370145050e-01,-2.962437033629561345e-01,8.699071429279506273e-02,-2.495690414277498270e-01,1.476434419152017341e-01,-3.235808254452805510e-01,1.889967380627604887e-01,-3.063280988649766390e-01,2.528693787123599823e-01,-2.769493870572906080e-01,2.009685710024529393e-01,-2.654792040623737970e-01
1.282849748058509098e-01,-2.933249471057841617e-01,8.931078425066063531e-02,-2.472125710894814421e-01,1.331690749495107184e-01,-3.349972641415355779e-01,1.877421833876140034e-01,-3.219858014344786357e-01,2.569148836453597484e-01,-2.866535779432760056e-01,2.000452375950219353e-01,-2.637921593903168049e-01
1.311261032550651295e-01,-2.988130369031753442e-01,7.830137644388363016e-02,-2.533337602414740264e-01,1.243512693185423734e-01,-3.476602083367748008e-01,1.745598973700155376e-01,-3.245198978574407311e-01,2.479713671706722522e-01,-2.849618136032588400e-01,1.896413293143877632e-01,-2.778553502500253902e-01
1.245181753419370430e-01,-3.085904735049413428e-01,6.413816357884268016e-02,-2.571853306978785780e-01,1.265847121045190482e-01,-3.498309650187488851e-01,1.679796305454391014e-01,-3.382911026893025697e-01,2.373208567095988208e-01,-2.962970200146801125e-01,1.893802933615319484e-01,-2.762570469321645739e-01
1.144356964013588801e-01,-3.124488366029579134e-01,5.093401473899469845e-02,-2.534783470240616898e-01,1.219232163856902446e-01,-3.542902259033940959e-01,1.545200349589988531e-01,-3.491876034227017200e-01,2.246011568089503752e-01,-2.963589295388210920e-01,1.855397096241130361e-01,-2.774897787381462311e-01
1.170174968040617047e-01,-3.247836986819412908e-01,5.378688944698607061e-02,-2.643771895607359701e-01,1.101282080906485911e-01,-3.526297007391514526e-01,1.411261243374665741e-01,-3.566959631615296833e-01,2.176711642170564565e-01,-3.083061869989376924e-01,1.841948180760698273e-01,-2.763494200893204522e-01
1.193222030465731637e-01,-3.219230165702752222e-01,5.404651992232519658e-02,-2.670890237063879846e-01,1.028877723861029991e-01,-3.570495184146567635e-01,1.347235653457777571e-01,-3.635784112180202587e-01,2.041401371349190474e-01,-3.226059419161552144e-01,1.877128239911970697e-01,-2.825621903246525735e-01
1.052628089299718767e-01,-3.185080938997063571e-01,4.513539927784406686e-02,-2.680237237280706508e-01,9.504706465759532596e-02,-3.639414130582952489e-01,1.280897189483387322e-01,-3.753463572811744364e-01,2.074600962669874704e-01,-3.228817265409120729e-01,1.868938728393343407e-01,-2.891740705681403178e-01
1.013468219517419250e-01,-3.180949062631001079e-01,4.564763248053019945e-02,-2.767171220542182231e-01,9.624390271829301458e-02,-3.699846599963804716e-01,1.233630647879985498e-01,-3.907691529539220054e-01,2.108698317043928017e-01,-3.339848173207204951e-01,1.723516535587746312e-01,-2.960403593707336412e-01
9.950852639415794232e-02,-3.234031700309671908e-01,4.331231606203141127e-02,-2.777389963084364033e-01,8.829988897354536237e-02,-3.658642535322597089e-01,1.124019545840192202e-01,-4.027098946502290500e-01,2.077520165755749604e-01,-3.339611582316061589e-01,1.572359211701584436e-01,-3.028251969518489517e-01
1.019911749868584461e-01,-3.306267063955816710e-01,4.252775038959525494e-02,-2.826589985238210923e-01,8.221898250416015408e-02,-3.661595793775297980e-01,1.045264397260417255e-01,-3.999259350276834213e-01,1.994588131694990385e-01,-3.378770055092212288e-01,1.480266658971225446e-01,-3.101767005800392663e-01
8.577396976580065058e-02,-3.387665206663273421e-01,3.083076736430277048e-02,-2.801045526540912878e-01,8.210839894453215992e-02,-3.757972100969459439e-01,9.988490420244779122e-02,-4.125210343056516238e-01,1.882043235713488916e-01,-3.518349361139758158e-01,1.374935472175063400e-01,-3.120641474278543770e-01
7.410077797302171143e-02,-3.406658538000414960e-01,2.163849954478126725e-02,-2.733310857786210857e-01,7.258597744586597900e-02,-3.767504341032032467e-01,8.209903516326992612e-02,-4.197142030679776870e-01,1.886697771155196046e-01,-3.562484849923913677e-01,1.301311219968687982e-01,-3.085455950917088130e-01
6.217156091233864978e-02,-3.366012268531624607e-01,2.464936781917897307e-02,-2.689796131413335623e-01,7.461505737909314429e-02,-3.763418810767357181e-01,7.899809567315035919e-02,-4.193424060377538565e-01,1.811569600345179221e-01,-3.638064849411845603e-01,1.187647356180146774e-01,-3.106758905364060408e-01
6.265093476116291582e-02,-3.471539979852477087e-01,9.419916212352297605e-03,-2.748130427121517338e-01,7.303843647117347349e-02,-3.740902606127652907e-01,6.337782895471627542e-02,-4.186716774315158984e-01,1.661949136818828276e-01,-3.726078605508080788e-01,1.225234081075248643e-01,-3.216439200360853845e-01
4.846780514841607379e-02,-3.453519467083237537e-01,-6.637015964735286030e-04,-2.693859195652709149e-01,6.882569640349990581e-02,-3.863641694925081249e-01,6.165498110456609643e-02,-4.296355485446440303e-01,1.572126643644597421e-01,-3.779330780614387209e-01,1.161058526884087283e-01,-3.229218541029953427e-01
5.109404777858138347e-02,-3.526925938837847663e-01,-6.827242271027471159e-03,-2.729135725394940537e-01,5.212679610478833381e-02,-3.874483266814626181e-01,5.012902403504256726e-02,-4.284406611488943417e-01,1.562964043088706789e-01,-3.777381173232103317e-01,1.079807355671464214e-01,-3.313881382178730517e-01
3.596210056034331026e-02,-3.634591738324621235e-01,-1.160871345633814576e-02,-2.834929895755020079e-01,3.543397159916128469e-02,-4.016326039384929825e-01,4.028654400594994245e-02,-4.272615110470022182e-01,1.394384089680047734e-01,-3.809214604634342805e-01,1.078155191511126904e-01,-3.428165006230710077e-01
2.658254744246915657e-02,-3.623020950930782025e-01,-2.212953406136891621e-02,-2.803872618020605834e-01,2.748489160820770383e-02,-4.005871803446292012e-01,3.103490654215648736e-02,-4.340274003358093879e-01,1.262037640883087175e-01,-3.926615379919364823e-01,1.059890053500791990e-01,-3.553454868765698604e-01
1.208073069641983806e-02,-3.626286237988600725e-01,-2.876268915338511811e-02,-2.842299806924853400e-01,2.697483198239676583e-02,-3.948733062235257885e-01,2.981153771092387439e-02,-4.441793409245432533e-01,1.127664917526486621e-01,-3.952707790241724028e-01,9.466376724531164188e-02,-3.556407852927748747e-01
6.859327269562949352e-03,-3.660052628861026336e-01,-3.924359566037499691e-02,-2.874569829375090424e-01,2.423557223258345980e-02,-3.920901618253807563e-01,2.215241225023389243e-02,-4.505383405045437217e-01,1.002750114020673489e-01,-4.003107523581114768e-01,8.384594391074376429e-02,-3.591362686634567147e-01
-7.021570949418646547e-03,-3.612341908389330447e-01,-4.559361651337837801e-02,-2.893368080558554323e-01,2.510460787292894541e-02,-4.045855806549351619e-01,7.445210932717388416e-03,-4.527882944721934866e-01,8.617852654654520328e-02,-4.019905488410509542e-01,7.094506432420902287e-02,-3.717434975955328791e-01
-1.703108103583223648e-02,-3.728386876890519841e-01,-5.423296020445440152e-02,-2.953294046380318116e-01,1.922259760666601008e-02,-4.143028692330551488e-01,6.156754104530329230e-03,-4.478695791270159154e-01,7.013533671325998531e-02,-4.148520675854894257e-01,5.581672313451812445e-02,-3.737927264282497331e-01
-3.360435273073004991e-02,-3.774189652032026165e-01,-6.366081491846231621e-02,-2.875168642440430467e-01,1.247375939195676485e-02,-4.119632215248172358e-01,-9.393813604839613279e-03,-4.419258077238064630e-01,6.181108629907650087e-02,-4.197621213872950729e-01,5.775856317686788727e-02,-3.803339682390204368e-01
-3.382983990817370334e-02,-3.779148904833964373e-01,-7.223769637278495970e-02,-2.902548825205090721e-01,2.864875035207513354e-03,-4.129429081950047875e-01,-9.696941929535874208e-03,-4.365243610699922061e-01,5.124568346194386531e-02,-4.278336183352690614e-01,4.917281381579257510e-02,-3.832502865226776190e-01
-4.949534235285385497e-02,-3.868923053015972391e-01,-7.358051798028741874e-02,-2.932246059338234345e-01,-1.110320367748970916e-02,-4.151379380242836148e-01,-1.331663830146717284e-02,-4.446003370572279567e-01,4.922480873371336968e-02,-4.237851309141009715e-01,4.345569866681583265e-02,-3.839943082072921898e-01
-6.646234847241708210e-02,-3.853127124823167993e-01,-7.819164982232522376e-02,-3.034688808262219761e-01,-1.453676321352767760e-02,-4.112583520330720388e-01,-2.228029539382556795e-02,-4.485102725608730023e-01,3.085856829212390087e-02,-4.224870095150328742e-01,3.239013383759209441e-02,-3.804414851096981076e-01
-7.343884424701840885e-02,-3.776569088007195041e-01,-7.498942919440659827e-02,-2.971297291444635613e-01,-2.900974439888844708e-02,-4.124429328691793240e-01,-2.368755235193228253e-02,-4.541008065431556551e-01,1.443095142053494109e-02,-4.203132077001180966e-01,2.441657516264156627e-02,-3.829421570754890092e-01
-7.509697125468135781e-02,-3.723424507611674539e-01,-8.524408108582769150e-02,-3.018701486867929606e-01,-2.977191792957576549e-02,-4.247207550451588820e-01,-3.236041960745084795e-02,-4.579515129749107127e-01,9.827222658101774505e-03,-4.307239310174351687e-01,2.012434683703485938e-02,-3.890653603346201916e-01
-8.877433420965867572e-02,-3.768345564065234687e-01,-9.934528107346411729e-02,-2.935506646226451188e-01,-4.016645180056260117e-02,-4.213987396736056379e-01,-3.203110740477212864e-02,-4.693045984198481735e-01,4.246133396452952957e-03,-4.269696429270841698e-01,1.502772830967702075e-02,-3.941041056305858992e-01
-9.219508526519938629e-02,-3.819214594133586438e-01,-9.715651129779429018e-02,-3.029169420770864707e-01,-3.987694455381310399e-02,-4.172626902755835476e-01,-4.906711172811706323e-02,-4.811899323948465867e-01,2.400893824449988612e-03,-4.373806033799245707e-01,7.843609256582711325e-03,-3.893564675291865118e-01
-1.060462446200094722e-01,-3.872909356212517196e-01,-9.392738624150644144e-02,-3.114263105215833716e-01,-4.087613754930114612e-02,-4.157075366013438522e-01,-5.209052679283343590e-02,-4.744702326077041010e-01,4.963748671889343239e-04,-4.321060241785031897e-01,-7.404814958182624404e-03,-3.868177099286151943e-01
-1.146639861743976030e-01,-3.903959055915032783e-01,-1.029239318604848602e-01,-3.141461239519565130e-01,-5.739522357630411770e-02,-4.267256613677249955e-01,-5.598253456754127833e-02,-4.782286252759352374e-01,4.679441545112818929e-04,-4.333888669371553926e-01,-2.443764951306653249e-02,-3.967042590446718808e-01
-1.277446955785567773e-01,-4.001004109756335914e-01,-1.161348176887688211e-01,-3.232738332354173072e-01,-7.202725198181188226e-02,-4.276530381150467353e-01,-5.729813114714714384e-02,-4.801233978060867602e-01,-5.680042050250211708e-03,-4.429093470367423957e-01,-2.636006228048296679e-02,-3.970967874094641359e-01
-1.268328307615799733e-01,-4.030148964213977614e-01,-1.171848300801697634e-01,-3.226604152975811601e-01,-8.692413733549328447e-02,-4.332306643909360488e-01,-6.383676140281251132e-02,-4.793118552514389896e-01,-1.584303405480413582e-02,-4.518382927118754222e-01,-2.986386243841871596e-02,-4.064473968531618353e-01
-1.361597789032311656e-01,-3.936475791430065208e-01,-1.239124261327097520e-01,-3.232830107947962106e-01,-9.715342936902078563e-02,-4.436024979285170811e-01,-7.156386588484896227e-02,-4.872697269964727518e-01,-2.212762030446064482e-02,-4.641805763916982408e-01,-2.836506835042192087e-02,-4.098016454171082290e-01
-1.454693332159138486e-01,-3.911364030614880027e-01,-1.232535062726735214e-01,-3.207154956099517173e-01,-1.090720066308730613e-01,-4.419253303080720729e-01,-7.787217665249707155e-02,-4.804810575881444668e-01,-3.399298540146122177e-02,-4.690036887203328786e-01,-3.031864203502290106e-02,-4.124964304449248442e-01
-1.507555616214594496e-01,-3.862071293773750025e-01,-1.217740584475162507e-01,-3.253334768205382033e-01,-1.256960280650234185e-01,-4.340992816632135987e-01,-9.439333604381711096e-02,-4.887781341206334784e-01,-4.754647010469856966e-02,-4.715239007328179688e-01,-3.091205932323983635e-02,-4.100949002278024835e-01
-1.623130401299500702e-01,-3.935171068329372801e-01,-1.272759341457618543e-01,-3.213944082522395274e-01,-1.429793810687504663e-01,-4.353456002751303622e-01,-9.852467482087387540e-02,-4.857903052159444623e-01,-5.067548619497984352e-02,-4.754020346608364700e-01,-3.270281567499867120e-02,-4.180756997847449585e-01
-1.739064468243758932e-01,-3.977153096397461063e-01,-1.410860156937967513e-01,-3.226527007878968178e-01,-1.556270004975070231e-01,-4.384519639549592229e-01,-1.135205356727817111e-01,-4.824019049170230056e-01,-5.158345994110222904e-02,-4.782532139985117281e-01,-3.820436120387691453e-02,-4.135668094631241853e-01
-1.902376730086928203e-01,-4.068380432830225879e-01,-1.479950570438962054e-01,-3.225218929285034175e-01,-1.662487920193467805e-01,-4.373420915589664171e-01,-1.221253197050336248e-01,-4.771888846440893173e-01,-6.897538215582721399e-02,-4.865823946732685812e-01,-4.061559781394678825e-02,-4.092987715063346466e-01
-1.962484459104989476e-01,-3.972022334320169379e-01,-1.575526771722339237e-01,-3.210061152630530601e-01,-1.790696412414564120e-01,-4.439607753703624371e-01,-1.377653868015422944e-01,-4.873390193444330776e-01,-6.972115958910743427e-02,-4.910442244423704472e-01,-4.211915540403132069e-02,-4.083068406061142186e-01
-2.006383182900499107e-01,-3.898501987665274338e-01,-1.692676717091820826e-01,-3.248954298222590520e-01,-1.786584790260796196e-01,-4.484624072791160154e-01,-1.489130261904300090e-01,-4.897313770909191843e-01,-8.448134907936116766e-02,-4.880836796551075163e-01,-4.484830535157049991e-02,-4.133404884664650392e-01
-2.142753607912112612e-01,-3.882652308319967105e-01,-1.695667655767298665e-01,-3.322946911316439489e-01,-1.897230340964840556e-01,-4.433817694419741051e-01,-1.612767895641211702e-01,-4.967726742536186513e-01,-1.003331061245315708e-01,-4.920946769960768963e-01,-5.352677362478197587e-02,-4.087027299206151265e-01
-2.271231536677500162e-01,-3.821414690925990509e-01,-1.711211966350000557e-01,-3.395943828077225835e-01,-1.992260413714518341e-01,-4.489468353659496480e-01,-1.775047375931438354e-01,-4.981088909439706502e-01,-1.143864055142918140e-01,-4.880780704053950259e-01,-5.354873039538463053e-02,-4.050455912571895856e-01
-2.402721935586845381e-01,-3.733354384634282597e-01,-1.799291782379986993e-01,-3.481909312349158458e-01,-2.149661466737782245e-01,-4.455765030191831122e-01,-1.818088099285887771e-01,-5.041580274735950606e-01,-1.158000551370768627e-01,-4.826262160312391747e-01,-5.468202713930680331e-02,-4.128868789043477761e-01
-2.421221352375721447e-01,-3.623280923287892086e-01,-1.823254975477688333e-01,-3.485586200501793464e-01,-2.163441139591278373e-01,-4.440597228981358890e-01,-1.869965519217255956e-01,-4.979788278958538483e-01,-1.204655222237215190e-01,-4.883672430627817307e-01,-7.058288669927714754e-02,-4.205663943359410628e-01
-2.544341960145585224e-01,-3.552525476722472875e-01,-1.857372328978715292e-01,-3.472398884059710311e-01,-2.314547037396073315e-01,-4.371510341264104871e-01,-1.877436027670660035e-01,-4.936095119326178171e-01,-1.218756671524624802e-01,-4.801411164010004895e-01,-8.195320110121120938e-02,-4.199594566767340664e-01
-2.557833899552259815e-01,-3.549250597280658726e-01,-1.830824598681878024e-01,-3.386510470193259681e-01,-2.441713172688832478e-01,-4.303385075588549435e-01,-2.008786621290529761e-01,-4.915149136902893234e-01,-1.283088741126166554e-01,-4.749217143837711208e-01,-9.986337341710559146e-02,-4.274667492651664236e-01
-2.722640344090666575e-01,-3.543056785717696444e-01,-1.809525150551588579e-01,-3.467239708322202296e-01,-2.477839723991676346e-01,-4.334359024495094137e-01,-2.033767837597853234e-01,-4.863201532352746104e-01,-1.300932049831248216e-01,-4.818179893706491246e-01,-1.077868533060368228e-01,-4.234540784782204748e-01
-2.744702535266022592e-01,-3.505966853048367859e-01,-1.883643180499950665e-01,-3.469553859339127855e-01,-2.536439062060850125e-01,-4.375928791116973082e-01,-2.053420129241934067e-01,-4.797183331260374550e-01,-1.427382925414971138e-01,-4.814842252428507829e-01,-1.234353888766009377e-01,-4.153864750786995796e-01
-2.890799746306713103e-01,-3.560375276515767573e-01,-1.855069643845758398e-01,-3.545354916014014646e-01,-2.697449221692906907e-01,-4.291368495149793238e-01,-2.133315752518553099e-01,-4.737847737123920266e-01,-1.497497368909010418e-01,-4.748026536792421815e-01,-1.289737678228801143e-01,-4.159180634043078695e-01
-3.009866495569839540e-01,-3.595318936717513680e-01,-1.976706293809393222e-01,-3.469104396114179867e-01,-2.817236332476356631e-01,-4.230635972203243278e-01,-2.156790781129883650e-01,-4.815738616384082071e-01,-1.539453018609250323e-01,-4.794103971784188234e-01,-1.429596818072854103e-01,-4.130134378588071198e-01
