0.893377542,0.078106232,0.965400755,0.0125442129,0.89800787,0.113835432,1.08897817,0.018878065,0.996687829,0.129065737,0.943080187,0.0197927449
1.00814533,0.117596075,0.909070015,0.153895289,1.00133836,0.162518471,0.891234994,0.0809091702,1.15826237,0.117590666,0.9240008,-0.0107289609
0.96728152,0.281835318,0.92672962,0.142688513,0.992677569,0.0812589079,0.842082024,0.197936386,1.09412968,-0.00244132429,0.853410542,-0.0128192082
0.772696018,0.341421098,0.998029649,0.282818496,0.931998909,0.241972178,0.874887705,0.256319404,1.07432508,0.0605885722,0.913320601,0.0903873444
0.897104383,0.339184314,0.911088526,0.227582633,0.891536593,0.141210958,0.915002465,0.219147712,0.934948146,0.180901989,0.84402746,0.111380205
0.887229562,0.350328177,0.803414285,0.283971518,0.717939436,0.238882437,0.940169811,0.186232254,0.872132242,0.206476837,0.731576204,0.0267231986
0.701521933,0.416653216,0.691683471,0.350390851,0.645882726,0.278731942,0.779667437,0.301001072,0.876228273,0.259376019,0.747644484,0.128220782
0.769745409,0.357907414,0.586375535,0.312866986,0.664983511,0.148703486,0.67920059,0.290133089,0.811630726,0.28087613,0.660104871,0.0582324713
0.698750675,0.532450199,0.450752527,0.302257538,0.425410569,0.228616089,0.70478642,0.339139909,0.630480766,0.213623852,0.575326025,0.0141263083
0.594434977,0.414039075,0.394943535,0.375069141,0.452859581,0.0722885132,0.592506111,0.376203001,0.615691245,0.325758696,0.549278677,0.141910806
0.485374212,0.458696365,0.281253844,0.370974243,0.383692741,0.192716256,0.489855438,0.296491802,0.514982939,0.173535764,0.484617084,0.0959941372
0.391460717,0.53040874,0.275235951,0.348769605,0.199557155,0.153692544,0.49428919,0.339837432,0.33487314,0.342552662,0.365349233,0.0834658295
0.272608578,0.479714602,0.0941200629,0.371486872,0.197887689,0.119504355,0.33936727,0.355922163,0.276622057,0.211303085,0.093260847,0.0443911925
0.0849695206,0.447292984,-0.0723329484,0.27707988,0.165278912,0.0365317985,0.132683665,0.256280154,0.328994989,0.253272951,0.0844376832,0.0518946834
0.1056678,0.376654476,-0.235261634,0.10790503,0.165660739,0.0241691023,0.125573009,0.0874365941,0.173018396,0.147176951,-0.0604555905,0.0151578691
-0.00256357808,0.223258391,-0.347806394,0.0605521947,-0.0311992299,-0.0423137993,0.168021291,0.174496591,0.206020892,0.189878613,-0.0854941756,-0.194691002
-0.152643338,0.113077603,-0.446559548,-0.0912622884,-0.155603051,-0.183370844,0.0294392407,0.0884743929,-0.0101879984,0.0203100368,-0.132129908,-0.264434278
-0.119683653,0.0829242617,-0.404251069,-0.00773067027,-0.092309311,-0.29836911,0.0152538568,-0.0138921216,0.106260806,0.0894583091,-0.169827849,-0.246429726
-0.354609072,0.0920346603,-0.491293699,-0.158903465,-0.350743353,-0.247085527,-0.132377431,-0.189273059,-0.147774607,0.0476462431,-0.346093535,-0.341180295
-0.319243342,-0.106177218,-0.5192312,-0.345657229,-0.298261255,-0.413255483,-0.218502045,-0.189437076,-0.217703924,-0.104499206,-0.425206661,-0.477688223
-0.435417175,-0.262605786,-0.593230605,-0.459293455,-0.453938752,-0.430294335,-0.277559578,-0.182439566,-0.255045474,-0.089857012,-0.423035502,-0.589752913
-0.312327713,-0.309988588,-0.462055773,-0.443866044,-0.487713337,-0.655574977,-0.231345266,-0.400910854,-0.412826896,-0.38233763,-0.499677509,-0.765542805
-0.306280077,-0.424152404,-0.466804415,-0.531695127,-0.352247775,-0.755095363,-0.299743414,-0.484978676,-0.399018466,-0.422580093,-0.392226964,-0.775793314
-0.346946806,-0.59922719,-0.473049313,-0.640841782,-0.509204328,-0.833311021,-0.239965066,-0.457471132,-0.390223205,-0.495168716,-0.302290201,-0.814927638
-0.2827335,-0.782275438,-0.41937086,-0.729396701,-0.353244185,-0.756107986,-0.237809047,-0.530003071,-0.415835708,-0.597943068,-0.265543759,-0.98492521
-0.294377208,-0.819415748,-0.453929722,-0.683944046,-0.398525596,-0.824551821,-0.174419686,-0.503853321,-0.260412514,-0.790633857,-0.194330752,-0.981108725
-0.320744812,-0.991123319,-0.383351743,-0.955704749,-0.497006416,-0.964296401,-0.0456807166,-0.608397245,-0.274676204,-0.86858201,-0.154921532,-1.19774222
-0.230037019,-0.950975955,-0.231137037,-0.970383048,-0.335836917,-0.992041647,-0.0993966162,-0.800907731,-0.376070321,-0.83681494,-0.0729180947,-1.06151211
-0.128294647,-1.16014314,-0.0785653591,-0.96431917,-0.378576368,-0.968526304,-0.0221429393,-0.794742584,-0.265396446,-0.976249337,-0.0837700069,-1.13058841
0.019740507,-1.27275705,-0.0480900556,-0.977215648,-0.264649242,-1.14501452,-0.0740388557,-0.807152212,-0.147523537,-1.01385665,0.0329891294,-1.09472299
0.00921147503,-1.13133192,0.00506555848,-0.924389958,-0.149873197,-1.03518009,-0.0421455726,-0.996121705,-0.1408301,-1.15130711,0.108553812,-1.09958899
0.00820235163,-1.13333654,0.185809091,-1.05213273,-0.252350301,-1.006109,0.163472563,-1.03261948,-0.0141443387,-1.04241037,0.317777336,-0.987978101
0.115041815,-1.23644042,0.256852865,-0.961595953,-0.0643742383,-1.1016016,0.0764317364,-0.888824165,0.0407502279,-1.02733767,0.280840129,-1.1343565
0.314965963,-1.0381391,0.311604679,-1.06907725,-0.0513161644,-1.16625381,0.155348703,-1.01073802,0.0964445323,-1.09045124,0.444021523,-0.992355108
0.247478679,-1.07482779,0.325068593,-0.963620484,0.126103953,-0.978273451,0.203176349,-0.914393544,0.181277841,-1.01377833,0.428626746,-0.928379178
0.314871371,-0.959256768,0.268088847,-0.844965816,0.168377906,-0.989358902,0.257733613,-0.87362349,0.390983611,-1.03891587,0.590788722,-0.881378889
0.455175996,-0.901959717,0.221282005,-0.814492226,0.121049523,-0.904674053,0.382461756,-0.896175504,0.442698747,-1.05851102,0.580458105,-0.702807963
0.674559414,-0.775869071,0.289310455,-0.681729913,0.236014843,-0.78689301,0.313594133,-0.976367354,0.456054747,-1.07715678,0.684364736,-0.478984743
0.640424728,-0.672894061,0.311913401,-0.77172178,0.123295233,-0.691765904,0.371093094,-0.739008784,0.399923444,-0.877987802,0.617042959,-0.46432811
0.587657809,-0.595731139,0.294283926,-0.734401941,0.260995686,-0.56636703,0.470854878,-0.690955639,0.494679153,-0.666292369,0.681575537,-0.316059321
0.628249168,-0.508142173,0.273463964,-0.545984387,0.161611989,-0.435826898,0.492162257,-0.683817148,0.487893492,-0.697163343,0.602185845,-0.0458218791
0.663302481,-0.355849952,0.168457344,-0.503620386,0.1875965,-0.374989182,0.483496308,-0.528998613,0.42170459,-0.624972165,0.544978321,0.0421631485
0.617392242,-0.379911602,0.232660532,-0.333884865,0.340170681,-0.25359714,0.479662776,-0.502084315,0.481731862,-0.420783252,0.424986541,0.227018297
0.430435717,-0.315695524,0.274767965,-0.216877818,0.334267318,-0.175501198,0.546313226,-0.442493737,0.358702421,-0.415720344,0.467245966,0.266452342
0.350640148,-0.0682072118,0.0666679144,-0.0654960945,0.0838342533,-0.0699360967,0.398279309,-0.330418468,0.296936363,-0.200788215,0.397902399,0.348683625
0.348361075,0.0851130486,-0.0100561194,-0.00392121822,0.106413096,-0.0460303985,0.535409451,-0.206595927,0.29037419,-0.11865481,0.296321213,0.521111965
0.230737403,0.0385632887,-0.126084045,0.0879424885,-0.125413656,0.0868397951,0.388512224,-0.118309118,0.254726142,-0.00676967576,0.0509863906,0.563563406
0.0649937317,0.166880772,-0.11419107,0.0909123123,-0.278835237,0.28285253,0.401952207,0.0332208723,0.165885165,0.144447491,0.00233773887,0.690162659
0.0660912544,0.233708143,-0.176417917,0.0206148028,-0.292439491,0.173226506,0.301543057,0.192198262,0.119083092,0.0344308689,-0.186650664,0.757081866
-0.102057666,0.340429395,-0.159833178,0.168082565,-0.416302949,0.360991418,0.107262149,0.171947554,0.0433787145,0.179156929,-0.319259793,0.761935771
-0.208249524,0.473036796,-0.359128654,0.0607476309,-0.460350513,0.352942467,0.0265861154,0.272828817,-0.199572548,0.357934117,-0.403269649,0.710342824
-0.308281958,0.405302823,-0.440066069,0.250021219,-0.714575469,0.256160319,-0.0642983615,0.340351582,-0.158300713,0.374484152,-0.626165569,0.52182132
-0.433069766,0.553417563,-0.410297394,0.266641617,-0.681442082,0.278340816,-0.307631433,0.336858749,-0.323950619,0.446142286,-0.814995348,0.597760677
-0.459615439,0.507551849,-0.637338698,0.35360837,-0.81383425,0.398824066,-0.326603621,0.422284901,-0.586244762,0.436801612,-0.9352054,0.388383448
-0.63332516,0.418129414,-0.633309782,0.292987853,-0.853349149,0.327921838,-0.413625002,0.545565248,-0.706030309,0.38522321,-1.23451769,0.433400095
-0.698540926,0.49308145,-0.763898313,0.286414891,-0.97194916,0.259489298,-0.613287568,0.408562571,-0.676344275,0.389355958,-1.29848611,0.1308088
-0.823993862,0.394209087,-0.811637461,0.164856255,-0.968918741,0.244346604,-0.890497804,0.478993177,-0.687764049,0.492507845,-1.3046447,0.192466781
-0.742273271,0.331264287,-0.724904537,0.306753516,-1.16532552,0.147812426,-0.905434191,0.420513064,-0.843409359,0.409532696,-1.40657806,-0.00372206885
-0.828038037,0.211816847,-0.876772821,0.358439147,-1.14077842,0.161461905,-0.972082853,0.31917873,-1.03424156,0.420478344,-1.34634316,-0.164131969
-0.907302022,0.218009055,-0.980851233,0.328682423,-1.29596794,0.0421236455,-1.16086888,0.193812773,-1.00814569,0.253932208,-1.37670946,-0.267158478
-1.04550099,0.0912861601,-0.915025711,0.21801956,-1.29209566,0.0838775113,-1.21070361,0.134256423,-1.11177433,0.10371387,-1.31081629,-0.296485007
-0.979007781,0.0418546721,-0.961952865,0.143857062,-1.2108109,-0.105822816,-1.30288005,0.111297362,-1.06860399,0.134267539,-1.44686794,-0.425543219
-1.05753911,-0.118971139,-1.01621652,0.257548243,-1.12160993,-0.244339406,-1.40390003,-0.0444520935,-1.18033671,-0.0515756533,-1.40016246,-0.738624632
-1.00588703,-0.103260487,-0.919281781,0.0818889961,-1.17246747,-0.272818059,-1.3563056,-0.135305315,-1.07137012,-0.03712257,-1.20618153,-0.841569126
-1.10116255,-0.279328644,-0.982470512,-0.024300538,-1.12208712,-0.321665049,-1.34691226,-0.233853102,-1.12856555,-0.0241696313,-1.08266723,-0.907317698
-0.952611744,-0.467374295,-0.975158811,0.0174810849,-1.01166379,-0.417238057,-1.45684624,-0.375956684,-1.10207665,-0.201901972,-1.15094614,-0.992661476
-0.837194622,-0.45574823,-0.857721627,-0.0880934447,-0.885101438,-0.455351502,-1.31223452,-0.420909405,-1.04781651,-0.110822707,-1.0091455,-1.05878472
-0.801684797,-0.466926396,-0.941250443,0.10309948,-0.88007468,-0.517029762,-1.3707875,-0.449961543,-1.06105053,-0.209868342,-0.868039668,-1.18354321
-0.756862819,-0.687479675,-0.881895483,0.0596913025,-0.836780608,-0.400718212,-1.19227564,-0.485637844,-1.1308651,-0.364534825,-0.670074999,-1.10781455
-0.622885704,-0.644045651,-0.912870765,0.106954768,-0.725476325,-0.393562645,-1.13593078,-0.558907747,-0.876221716,-0.413791299,-0.516695142,-1.11107242
-0.584836125,-0.750474811,-0.740733862,-0.0648688599,-0.536687613,-0.246261716,-0.972810447,-0.593857288,-0.881205618,-0.311225891,-0.31237793,-1.12970161
-0.408370972,-0.846602857,-0.800079823,0.0274103135,-0.471532404,-0.2302818,-0.910513103,-0.559104085,-0.857276857,-0.304473877,-0.125445187,-1.12352252
-0.36493203,-0.793221116,-0.784401238,0.0627670884,-0.265455902,-0.263124824,-0.697992563,-0.657184243,-0.735383928,-0.394731849,0.105416574,-0.904173911
-0.03514117,-0.639936328,-0.537227392,-0.12731868,-0.243741348,-0.214640751,-0.713069618,-0.654624939,-0.634990335,-0.414736331,0.20911333,-0.939209521
-0.0283379108,-0.615278363,-0.569427431,-0.0556675382,0.0111458749,-0.100315198,-0.594195247,-0.803292513,-0.537454724,-0.511568606,0.274812162,-0.73243624
0.110625967,-0.62018764,-0.464733094,-0.05853457,-0.00627890974,-0.0558236614,-0.563761234,-0.742201626,-0.347475141,-0.474465728,0.381208301,-0.542009294
0.260243058,-0.481650233,-0.459333658,-0.028030606,0.0331996754,0.056131389,-0.251763761,-0.666810513,-0.329488277,-0.415916502,0.508633912,-0.539520144
0.371561408,-0.457367241,-0.338984638,0.045971781,0.210696548,0.119156696,-0.163693592,-0.65954262,-0.0887049884,-0.425331771,0.767843783,-0.365468174
0.371427774,-0.243395358,-0.265414476,0.0571247265,0.168691158,0.278632879,-0.0428188257,-0.651450813,-0.0661399066,-0.28350246,0.720260322,-0.0426203273
0.570173144,-1.15558505e-05,-0.246230349,0.0875508785,0.277191758,0.31890294,0.0323697403,-0.421575338,0.0584950484,-0.205181658,0.923727512,0.206403673
0.547758758,0.135575801,-0.00991086662,0.105792701,0.324351102,0.501890063,0.313066214,-0.240359366,0.0998034477,-0.121532947,0.90919143,0.329730868
0.589987814,0.300071985,-0.00830537826,0.172491923,0.32587558,0.518424332,0.27592513,-0.102896027,0.334310234,0.0477334112,0.82504487,0.613774121
0.641646683,0.271299154,-0.0555013865,0.249329269,0.446424812,0.713593781,0.360307813,-0.00743124261,0.334009618,0.186570019,0.726179123,0.710388958
0.792456567,0.431086987,0.0446525142,0.157345772,0.277338147,0.871816516,0.413419783,0.118849307,0.512443602,0.197628617,0.759910941,1.03095877
0.775746882,0.521460533,0.153762966,0.29399246,0.287881315,0.915230334,0.502611637,0.324908316,0.446086347,0.365249932,0.677553356,1.08781898
0.6754089,0.744406104,0.294668913,0.240436912,0.222659156,1.07390034,0.457860023,0.433248699,0.552365184,0.392197162,0.520659387,1.34499192
0.590612769,0.784843087,0.283311903,0.337885171,0.261559814,1.13740516,0.509203434,0.444053352,0.578990936,0.519589365,0.4707129,1.42286706
0.633862615,1.04372215,0.412583649,0.374015421,0.152481332,1.09923863,0.429367423,0.645360649,0.622407138,0.543936372,0.238418624,1.46929359
0.63429004,1.0954752,0.245475501,0.536903441,0.149703443,1.25905073,0.416377276,0.763949215,0.750263572,0.691752911,0.215034753,1.60789549
0.42425707,1.22865832,0.246816456,0.626645505,-0.0640181154,1.26776493,0.311694622,0.816114664,0.69983387,0.891213059,-0.0484081767,1.66572428
0.261998236,1.33675325,0.333629757,0.559811175,-0.156926721,1.16622019,0.297261268,0.871346712,0.631661534,0.936105907,-0.188984126,1.73438036
0.173386946,1.27381063,0.278123856,0.656544387,-0.284336179,1.21571481,0.316446751,1.03514636,0.690711439,0.933893859,-0.460396975,1.67775464
-0.0303173959,1.39264202,0.205233023,0.745422661,-0.317320615,1.1153841,0.15153715,1.29012346,0.626766503,1.01719606,-0.515925229,1.68693316
-0.0940259844,1.3360076,0.326870412,0.904361248,-0.341152906,1.06857944,0.0913070366,1.1766336,0.596258163,1.20159328,-0.807533503,1.53054285
-0.122953303,1.09618413,0.0872638896,0.825251043,-0.504530787,1.19701445,0.0528759435,1.32415092,0.432051152,1.14992499,-0.988115489,1.50051725
-0.307357997,1.18054426,0.0951078758,0.915633321,-0.683045208,1.14831817,0.0309578851,1.42742848,0.306204438,1.22046423,-0.97587359,1.34941363
-0.337538958,1.07862937,0.015013814,0.908947408,-0.680232584,0.873588443,-0.199032605,1.4411422,0.219809681,1.12928522,-1.25236297,1.24577069
-0.439896375,0.893780828,-0.118443504,0.989782393,-0.845337212,0.945319295,-0.10670571,1.25604415,0.215983212,1.35279679,-1.20926559,1.07678115
-0.478864104,0.854718864,-0.00852566212,0.881838799,-0.833064377,0.840073705,-0.279139191,1.2064997,-0.00194038078,1.29061627,-1.34679484,1.04066539
-0.599050879,0.795795619,0.0122746527,0.894257426,-0.899188042,0.617734909,-0.378816187,1.15212309,0.0652635172,1.07046139,-1.366292,0.848812521
-0.768340647,0.644716024,-0.0973944515,0.902903438,-0.81774807,0.480346948,-0.256437898,1.19146371,-0.0757700056,1.05583632,-1.51664376,0.638060153
-0.724721849,0.502749979,-0.109124467,0.819675565,-0.886167049,0.411525697,-0.514006257,1.10816836,-0.236180395,0.879638493,-1.43818665,0.307685435
-0.840144038,0.408545971,-0.151571944,0.804533899,-0.9079054,0.375308394,-0.429293633,0.845840514,-0.278456956,0.931832075,-1.30335784,0.121370606
-0.815025568,0.20746842,-0.241957992,0.722614288,-0.90146178,0.0879798532,-0.494785041,0.73977828,-0.346746624,0.755152166,-1.26623559,-0.0931522846
-0.789671719,0.0253097564,-0.304455459,0.764190972,-0.692607343,0.0752072781,-0.536484838,0.691372156,-0.304568261,0.72139287,-1.12147582,-0.16687192
-0.670046449,-0.167864665,-0.134317651,0.550209165,-0.57437098,-0.199833006,-0.559981644,0.462813675,-0.375649899,0.463193029,-1.02390337,-0.537235856
-0.72734791,-0.374978364,-0.158429161,0.557341874,-0.480476677,-0.361893296,-0.467192352,0.326101482,-0.307422936,0.395726174,-0.914054453,-0.670352697
-0.568764806,-0.619987011,-0.144956067,0.372745931,-0.455062568,-0.432843328,-0.428898633,0.345611125,-0.373514235,0.318080634,-0.754092574,-0.645770729
-0.358513713,-0.706361949,-0.147519201,0.412564009,-0.274078906,-0.386869073,-0.332692832,0.198491558,-0.171279505,0.167752832,-0.464546651,-0.964992642
-0.309379786,-0.73352772,-0.147162065,0.410196304,-0.170924723,-0.574729145,-0.374519557,0.057689555,-0.119507685,0.0689334497,-0.323087513,-1.04965866
-0.0714003742,-0.865137637,-0.22108674,0.250145942,0.130069405,-0.653724372,-0.232419729,-0.0597941279,-0.190599203,-0.037638586,0.00554447994,-0.989240706
0.129727364,-0.820142865,-0.0366282091,0.220205218,0.327460617,-0.645201981,-0.233627558,-0.112473719,-0.0626867712,-0.20397377,0.342824191,-1.0947578
0.410740852,-0.975770056,-0.00535302982,0.141815037,0.346402496,-0.692800403,-0.0851670802,-0.351427644,0.0795147866,-0.226362273,0.647322655,-1.17383146
0.457546562,-1.01064944,-0.0164726004,0.071978949,0.546602249,-0.642891705,0.0941767618,-0.332973063,0.0860016048,-0.378565609,0.810079634,-1.00426507
0.657292664,-1.06348062,0.0965415761,-0.0586163402,0.53937602,-0.616070449,0.221948847,-0.417280555,0.19074142,-0.450849622,0.97362268,-1.11846685
1.00293982,-1.08587921,0.248110741,-0.232574612,0.725616574,-0.64940995,0.335160702,-0.43941012,0.246557131,-0.539543569,1.17207098,-0.953788936
1.17110991,-0.906226695,0.322110504,-0.243561774,0.978428364,-0.500920117,0.423151344,-0.624277711,0.205769435,-0.49915415,1.30910957,-0.717070282
1.31057715,-0.817481816,0.217281729,-0.126563966,1.00910604,-0.490697592,0.545548081,-0.623648167,0.43604067,-0.564594746,1.56028736,-0.573263586
1.3140837,-0.705344319,0.418969333,-0.219149143,1.12377703,-0.445441157,0.72109735,-0.609623551,0.46709919,-0.765976429,1.69591653,-0.532146692
1.62229061,-0.565025389,0.446435481,-0.0986196548,1.3333503,-0.342817187,0.768655181,-0.529526293,0.582058966,-0.773461223,1.78547084,-0.307718068
1.66882217,-0.497335106,0.577108085,-0.157587573,1.40929329,-0.3185727,0.909633279,-0.53075254,0.749809861,-0.847091854,1.79876459,-0.0781500489
1.60159302,-0.338023752,0.517424524,-0.194543883,1.33705854,-0.212392092,0.963612914,-0.554141104,0.810860991,-0.605176032,1.94174767,0.0311206467
1.77468801,-0.173465863,0.733815849,-0.335977912,1.37138987,-0.0153686479,1.22594261,-0.346548259,0.7726053,-0.695323586,1.95536733,0.213831291
1.6467098,0.0539100841,0.767762303,-0.269414425,1.37591267,0.0829803944,1.2856158,-0.332553566,0.898837686,-0.658594549,1.86314869,0.476378828
1.52885413,0.138505548,0.763067245,-0.346365005,1.34531188,0.222445041,1.4221797,-0.224327683,1.00352025,-0.575810254,1.8941586,0.705481231
1.62730169,0.361503214,0.976751029,-0.243690103,1.22761238,0.259287238,1.31017995,-0.197341561,0.99783963,-0.505378723,1.71734059,0.912932992
1.47608924,0.562678397,1.04093254,-0.198687881,1.15960455,0.406541377,1.27910972,-0.104815416,1.17659664,-0.462182015,1.52793121,0.911466539
1.43342292,0.712575316,1.02693558,-0.234613329,1.1198535,0.370674729,1.22089219,-0.14510943,1.04747307,-0.367405117,1.46711016,1.03616476
1.15885782,0.706118524,1.10378683,-0.219010577,0.985139668,0.547607839,1.27973747,-0.0141351949,1.07299876,-0.296035081,1.35273767,1.11982274
1.01454127,0.845037699,0.884199798,-0.145768791,0.841413438,0.587866127,1.12114024,0.144255921,1.09971917,-0.11099501,1.21042466,1.3212136
0.856650949,0.936042368,1.01626539,-0.138145208,0.705900252,0.702977419,1.14972341,0.192662328,0.930236995,-0.0794509947,0.868342519,1.34305239
0.799149573,0.846161187,0.96726805,-0.0987690613,0.502141654,0.691209078,1.10478199,0.260903299,0.91791743,0.194093302,0.674399078,1.46054292
0.589344203,0.976912022,0.777966201,-0.00919258781,0.380045831,0.633752346,1.05310404,0.241127253,0.777608335,0.213831097,0.467868328,1.4227587
0.397984654,0.856694221,0.838467181,-0.0258828439,0.0687807277,0.689800918,0.819951177,0.38155368,0.73632431,0.20595488,0.282395989,1.4720968
0.291910797,0.880304039,0.729516447,0.124980435,-0.114176765,0.728147149,0.7925331,0.251534462,0.628912568,0.406466365,-0.0670705587,1.35169923
0.0243287291,0.854711056,0.69742763,0.0391474329,-0.185554981,0.674572885,0.62076515,0.455617845,0.571861446,0.375379354,-0.240403682,1.32990754
-0.111411832,0.606455863,0.670169532,0.0826376602,-0.271229982,0.609679759,0.650606751,0.380706787,0.589938462,0.288993478,-0.55130589,1.13644969
-0.295477152,0.609181046,0.522594154,0.0343659669,-0.535798132,0.437331915,0.52783376,0.382791013,0.431431413,0.364596426,-0.705653548,0.964096487
-0.590706408,0.432053834,0.476662159,0.225719109,-0.533333063,0.347245514,0.191198736,0.52368319,0.169260502,0.324652255,-0.887252212,0.662677467
-0.684373558,0.22305885,0.350272655,0.261417836,-0.679497182,0.25747323,0.178102568,0.363737196,-0.00645370781,0.508622766,-1.0745548,0.533213913
-0.644639373,0.126968235,0.104953319,0.334821969,-0.834924936,0.0507102869,0.023314504,0.456808686,-0.0700978935,0.441102982,-1.14442563,0.357735336
-0.857769191,-0.158937588,0.0885989517,0.295911789,-0.922802329,-0.119931415,-0.248096347,0.44271192,-0.154670998,0.224045753,-1.40217555,0.0597379133
-0.757844627,-0.313644052,-0.00338585861,0.316654801,-0.974713683,-0.271876454,-0.409196883,0.282996446,-0.435482562,0.194501638,-1.31830585,-0.201927662
-0.868573725,-0.574908495,-0.193589687,0.195902571,-0.956362784,-0.446424097,-0.467309713,0.172967672,-0.538265169,0.12529856,-1.36836195,-0.594253838
-0.778534472,-0.604225814,-0.23788546,0.236797258,-0.981196642,-0.531103909,-0.581523061,0.192361549,-0.575166881,0.0352841839,-1.386886,-0.763388813
-0.792596221,-0.922664344,-0.278698772,0.0937705562,-0.809053242,-0.726542294,-0.540529549,0.0364590064,-0.803473532,-0.20790109,-1.5360204,-0.8969872
-0.664069057,-1.13586903,-0.358084261,0.178451955,-0.881553292,-0.943068504,-0.561017931,-0.166255683,-0.872794151,-0.199653804,-1.4559859,-1.27370393
-0.745209098,-1.23779905,-0.433870882,0.0527456887,-0.779753685,-0.956225634,-0.74236089,-0.229660377,-0.9013955,-0.320420086,-1.34274077,-1.49590659
-0.616425395,-1.342942,-0.52730763,-0.0392215326,-0.762232959,-1.2136991,-0.716752052,-0.397119373,-0.952333987,-0.55985713,-1.13980222,-1.5353967
-0.457074136,-1.46195853,-0.552241147,0.00240831822,-0.567838848,-1.17791796,-0.75447762,-0.636634707,-0.964647114,-0.671800911,-1.02222157,-1.78187406
-0.312968105,-1.63580441,-0.723046839,-0.298016727,-0.55505532,-1.37572348,-0.730732262,-0.838812232,-0.761440933,-0.842635214,-0.776715457,-1.80928099
-0.250973582,-1.5634594,-0.742471814,-0.331297159,-0.312966168,-1.2556026,-0.653581798,-0.905642927,-0.663194895,-0.885279477,-0.575096905,-2.00433159
-0.0168600827,-1.71237791,-0.709611595,-0.397973001,-0.178822204,-1.45149827,-0.535915732,-0.886038303,-0.767643571,-1.01006401,-0.252968431,-2.15958667
0.0864832252,-1.70902908,-0.759968579,-0.417303592,-0.158031166,-1.4713515,-0.587857425,-0.986764133,-0.669053733,-1.04784489,-0.113697261,-2.2322011
0.377306849,-1.69480133,-0.734627426,-0.599696279,0.170810193,-1.38955534,-0.487126499,-1.19325447,-0.502805173,-1.02738857,0.132929891,-2.22650051
0.469534278,-1.58443737,-0.73838371,-0.753245234,0.141799599,-1.2987082,-0.249323934,-1.15387583,-0.357407957,-1.10916698,0.514998317,-2.27202249
0.703030825,-1.60019803,-0.782577991,-0.816180587,0.233578503,-1.26615369,-0.210727409,-1.28428125,-0.30532828,-1.21858144,0.783670604,-2.17854929
0.902007997,-1.36686146,-0.533949614,-0.922697365,0.430486828,-1.03108299,-0.101794377,-1.35605145,-0.280985892,-1.23712969,0.984221995,-1.9472239
1.02861059,-1.26605713,-0.573337674,-1.04332697,0.611710429,-1.02531016,0.0502091348,-1.38582754,-0.211962402,-1.26139712,1.17246974,-1.82789052
1.12421393,-1.08611941,-0.356603682,-1.11095083,0.691783726,-0.828440785,0.11594978,-1.33977604,-0.0947130173,-1.31950426,1.26347899,-1.65938437
1.2241739,-1.07909429,-0.16822511,-1.18378365,0.744648039,-0.715601385,0.40778017,-1.32416975,0.0797781646,-1.30045605,1.41816783,-1.3956846
1.1623112,-0.7886222,-0.148385823,-1.21694636,0.738901138,-0.588053405,0.44637084,-1.3821876,0.168945745,-1.20330131,1.57479429,-1.23947251
1.13921976,-0.555892766,-0.0844603926,-1.15913081,0.746591508,-0.411847383,0.503103316,-1.08941829,0.230808422,-1.08254385,1.81396508,-0.949452698
1.16258311,-0.405695349,0.0155963525,-1.17591536,0.889637351,-0.26129359,0.6023826,-1.09216106,0.342636913,-1.0533638,1.68132818,-0.627911687
1.17866158,-0.260678411,0.333599359,-0.96029675,0.860872507,-0.169521332,0.861451805,-0.974423409,0.441647589,-0.857751429,1.78450143,-0.43444553
1.16207349,0.0122530349,0.302604437,-0.900716126,0.811774552,-0.11298506,0.886704206,-0.847088158,0.521123111,-0.878361344,1.73879838,-0.232110411
1.08500075,0.242381871,0.330126673,-0.858031094,0.868820131,0.109530166,0.929104269,-0.757188022,0.485036373,-0.69993937,1.69812977,0.273648679
1.00631571,0.403519511,0.492385834,-0.739737213,0.76706785,0.328952491,1.07333028,-0.563252032,0.613784909,-0.507887125,1.47393823,0.481796861
0.77055943,0.628561497,0.451174915,-0.735718846,0.719853699,0.393471956,0.997264922,-0.406474352,0.65016371,-0.498701274,1.42136681,0.666010559
0.73427397,0.729325414,0.681754112,-0.547765851,0.60037446,0.47595638,0.976139128,-0.141919017,0.569848239,-0.331242234,1.13820469,1.03306305
0.524086475,0.830873311,0.49694097,-0.405591905,0.659951031,0.614631534,1.00408196,0.0714218616,0.56862092,-0.120398656,0.856068432,1.2534126
0.376557976,1.09672177,0.592625082,-0.309739619,0.462655127,0.798877656,0.966737986,0.0830177665,0.423272848,0.0517950393,0.56584096,1.39891827
0.0500165559,1.02411973,0.634669244,-0.191213891,0.353628784,0.997973025,0.874561787,0.315646708,0.325338751,0.264526427,0.170824185,1.63206851
-0.167353794,1.14488077,0.459085435,-0.0897185579,0.142669588,1.01098108,0.679156542,0.473196715,0.210783973,0.249590486,0.0291334298,1.62947774
-0.291857898,1.20592654,0.407136768,0.0436221212,0.0485693738,0.827786267,0.658584952,0.672798634,0.319908649,0.506119549,-0.339436471,1.72221887
-0.627348304,1.18972063,0.306486458,0.225036442,-0.0694517195,0.921472847,0.498053938,0.876930773,0.124606639,0.617935121,-0.583695054,1.69705927
-0.70429647,1.08875632,0.186152264,0.335069239,-0.252344698,0.943200409,0.274781376,0.928274035,0.0746095851,0.593613386,-0.964493096,1.51609218
-1.12133694,1.09607458,0.103130132,0.461119294,-0.407357812,0.897043526,-0.0396934152,1.10534239,-0.081373401,0.722892761,-1.1927669,1.51527774
-1.14528692,0.92555064,0.112859488,0.723815501,-0.54911691,0.85678494,-0.140230656,1.03982902,-0.356893212,0.797877908,-1.45538282,1.42176235
-1.42122722,0.909186661,-0.166647196,0.74914366,-0.817410946,0.887828767,-0.255824864,1.19250762,-0.46220994,0.844606161,-1.73232293,1.29062343
-1.70835912,0.603573501,-0.197021887,0.75342679,-0.968033254,0.751922548,-0.628869355,1.04942393,-0.664056063,1.04653966,-1.91192687,0.953450263
-1.67056692,0.483560085,-0.316744059,0.896003962,-1.00238013,0.727692485,-0.789566576,1.16209161,-0.787080884,0.823526561,-2.19337869,0.830540538
-1.7694205,0.326420993,-0.628347397,0.919527471,-1.13375902,0.599710226,-0.923637807,1.18531764,-0.907707632,0.946775377,-2.37402987,0.679908395
-1.8761816,0.13158837,-0.597419083,0.783593297,-1.19729161,0.365876734,-1.05220616,0.915165544,-1.05487108,0.78626579,-2.46754694,0.31770432
-1.91734779,-0.128036305,-0.904985726,0.841061831,-1.2580595,0.289759994,-1.24989164,0.890165269,-1.154966,0.812412977,-2.59159946,0.0196385384
-1.89287055,-0.35805428,-1.09853053,0.69441992,-1.3198055,0.0350658149,-1.37964368,0.88680774,-1.35447311,0.81155163,-2.59402204,-0.23098211
-1.83993781,-0.434776574,-1.07726216,0.638721228,-1.14614046,-0.124601886,-1.45980585,0.686458468,-1.35502815,0.710841477,-2.54555583,-0.526688635
-1.58520007,-0.625496328,-1.20457041,0.4278965,-1.24865341,-0.153428748,-1.55404449,0.496588349,-1.46329749,0.583597183,-2.4089992,-0.913914979
-1.51735282,-0.727082193,-1.43555832,0.416074604,-1.18730426,-0.37697956,-1.84791219,0.404551744,-1.4662323,0.523605585,-2.34932661,-1.07969391
-1.43709815,-1.02955282,-1.50805545,0.302561879,-1.08861744,-0.579817891,-1.75044155,0.250617951,-1.456599,0.398322999,-2.15639234,-1.32427645
-1.34524763,-1.18511224,-1.43455708,0.175751358,-0.975934207,-0.670301914,-1.80015385,0.0600025281,-1.3691659,0.270460933,-2.01571918,-1.62525094
-1.19249856,-1.20129597,-1.48460746,0.198269635,-0.792858362,-0.738995731,-1.87436366,-0.278317124,-1.43453741,0.186923832,-1.59415615,-1.94952798
-0.968960524,-1.39661705,-1.55316818,-0.0678260177,-0.554577768,-0.971300662,-1.79444218,-0.474296957,-1.21324182,-0.0729672462,-1.3056227,-1.99706125
-0.796971738,-1.48857927,-1.56323075,-0.210653171,-0.358798534,-0.933370113,-1.53235877,-0.531702816,-1.21440661,-0.265248179,-1.09981942,-2.08892393
-0.6171,-1.4918108,-1.43897581,-0.277271122,-0.18939963,-1.08348989,-1.49399626,-0.801359892,-1.08040953,-0.312670946,-0.718980312,-2.26891327
-0.352274299,-1.44225931,-1.31742203,-0.468428344,-0.00904101133,-1.16734421,-1.44883192,-0.861846745,-1.01472569,-0.447751343,-0.359241903,-2.25605106
-0.0820364952,-1.4003166,-1.09983873,-0.460828394,0.0745234638,-1.14748514,-1.11211026,-1.1094321,-0.956514478,-0.365794688,0.150884777,-2.14984488
0.0993258432,-1.34201121,-1.10023069,-0.509888768,0.389972687,-1.11507475,-0.937757075,-1.1667788,-0.895624578,-0.416304141,0.31644398,-2.12080383
0.481363684,-1.38367999,-0.955535173,-0.562131047,0.481385916,-1.14084613,-0.721146107,-1.11759365,-0.789383054,-0.59011966,0.787827253,-1.85506964
0.625918448,-1.17250681,-0.798117697,-0.57386142,0.769211531,-1.05877066,-0.60958463,-1.30960941,-0.5834831,-0.504820526,1.02030134,-1.81589377
