1.0454646348953247,0.068440333008766174,-0.10017514228820801,0.00048389635048806667,0.92789322137832642,0.064661964774131775,-0.10013977438211441,-0.00061662925872951746,1.0186748504638672,0.018647456541657448,-0.099709056317806244,0.00023313153360504657,0.92794698476791382,0.085028171539306641,-0.1003304123878479,-0.00061612587887793779,1.0180654525756836,0.14207734167575836,-0.10086441785097122,0.00022742569854017347,1.0271495580673218,0.0045607052743434906,-0.099577195942401886,0.00031245857826434076
0.9615054726600647,0.064381316304206848,-0.21447376906871796,-0.022283805534243584,0.92962294816970825,0.12892144918441772,-0.18734802305698395,-0.0084489220753312111,0.95214539766311646,0.15417671203613281,-0.21651673316955566,0.0084318416193127632,1.0245147943496704,0.11486072838306427,-0.1611935943365097,-0.015777485445141792,0.95436781644821167,0.11570903658866882,-0.21281307935714722,-0.03457680344581604,0.97108083963394165,0.041827823966741562,-0.20858831703662872,-0.0060105295851826668
0.97288447618484497,0.13924022018909454,-0.29461744427680969,-0.035118911415338516,0.90883272886276245,0.080076582729816437,-0.27513951063156128,-0.03740387037396431,0.95717906951904297,0.19454827904701233,-0.29249945282936096,-0.018868783488869667,1.0277509689331055,0.19492858648300171,-0.24749951064586639,-0.031031088903546333,0.85227072238922119,0.18182611465454102,-0.34304183721542358,-0.056160848587751389,0.98622870445251465,0.0079436525702476501,-0.28934508562088013,-0.019201166927814484
0.94275808334350586,0.14722907543182373,-0.38187241554260254,-0.071733333170413971,0.95498305559158325,0.062091242522001266,-0.33723074197769165,-0.072249352931976318,0.97148597240447998,0.27501541376113892,-0.36970925331115723,-0.032226152718067169,0.88091588020324707,0.19916503131389618,-0.37414103746414185,-0.071210242807865143,0.84923839569091797,0.31167483329772949,-0.39713218808174133,-0.068616494536399841,1.0075962543487549,0.0077147483825683594,-0.36856886744499207,-0.03506692498922348
0.90082985162734985,0.12548097968101501,-0.45908129215240479,-0.133017897605896,0.86739057302474976,0.10187282413244247,-0.44799938797950745,-0.096287533640861511,0.90587097406387329,0.26276364922523499,-0.46477660536766052,-0.12974832952022552,0.8506198525428772,0.25753068923950195,-0.4462943971157074,-0.096911042928695679,0.76691502332687378,0.28670144081115723,-0.49832502007484436,-0.13640618324279785,0.85114496946334839,0.064144030213356018,-0.58727788925170898,-0.058489669114351273
0.74466925859451294,0.1780390739440918,-0.61791270971298218,-0.15032254159450531,0.81478422880172729,0.11106633394956589,-0.52439761161804199,-0.14434781670570374,0.84514164924621582,0.3781701922416687,-0.55127447843551636,-0.10058973729610443,0.85312372446060181,0.32771149277687073,-0.46028301119804382,-0.10951980203390121,0.69467735290527344,0.39955705404281616,-0.55842429399490356,-0.14381669461727142,0.88972193002700806,0.21627002954483032,-0.61121362447738647,-0.078026846051216125
0.66999548673629761,0.20259368419647217,-0.68058168888092041,-0.19122141599655151,0.81967604160308838,0.17156337201595306,-0.55996429920196533,-0.12087176740169525,0.81168848276138306,0.35489705204963684,-0.58804768323898315,-0.23716078698635101,0.79749768972396851,0.40703818202018738,-0.51649832725524902,-0.12556557357311249,0.67283457517623901,0.4335533082485199,-0.45564842224121094,-0.17997311055660248,0.8636319637298584,0.30498555302619934,-0.6620059609413147,-0.11173279583454132
0.67472118139266968,0.16280488669872284,-0.53412652015686035,-0.3431679904460907,0.74543589353561401,0.12370856106281281,-0.62207525968551636,-0.35115659236907959,0.65210545063018799,0.46412307024002075,-0.76156729459762573,-0.10588322579860687,0.7070310115814209,0.300728440284729,-0.595436692237854,-0.34427225589752197,0.67307585477828979,0.36546215415000916,-0.28193828463554382,-0.35199013352394104,0.65743201971054077,0.29426205158233643,-0.78364944458007812,-0.18963426351547241
0.63717246055603027,0.20641042292118073,-0.52620631456375122,-0.24951638281345367,0.67958623170852661,0.087770417332649231,-0.65637499094009399,-0.50084841251373291,0.52776724100112915,0.40445226430892944,-0.85952275991439819,-0.45764216780662537,0.57672619819641113,0.4319157600402832,-0.77916258573532104,-0.10737675428390503,0.53406262397766113,0.35969084501266479,-0.68116295337677002,-0.42866748571395874,0.63054978847503662,0.33530458807945251,-0.81055909395217896,-0.23168163001537323
0.48705366253852844,0.18611392378807068,-0.86723333597183228,-0.40863451361656189,0.615212082862854,0.13201600313186646,-0.67659831047058105,-0.29723596572875977,0.51756161451339722,0.37860697507858276,-0.4655318558216095,-0.53039693832397461,0.50016748905181885,0.39410999417304993,-0.73078465461730957,-0.37306761741638184,0.45753434300422668,0.45365738868713379,-0.67274671792984009,-0.061395451426506042,0.41729998588562012,0.34515669941902161,-0.87321186065673828,-0.29877296090126038
0.44099655747413635,0.27785450220108032,-0.65980648994445801,0.063452564179897308,0.41030368208885193,0.245282843708992,-1.4081742763519287,0.18831029534339905,0.48098143935203552,0.35591498017311096,-0.31505510210990906,-0.53930556774139404,0.40394842624664307,0.46426969766616821,-0.77266812324523926,-0.070277273654937744,0.38252407312393188,0.32754284143447876,-0.59248471260070801,-0.62368190288543701,0.34958347678184509,0.27363064885139465,-0.87685978412628174,-0.49139496684074402
0.37462532520294189,0.19541981816291809,-0.55686318874359131,-0.65616583824157715,0.38339102268218994,0.17586871981620789,-0.60218483209609985,-0.50369393825531006,0.31233799457550049,0.24098092317581177,-1.0302990674972534,-1.1624083518981934,0.32689720392227173,0.38712292909622192,-0.62432080507278442,-0.61902070045471191,0.22842717170715332,0.39678952097892761,-1.1163274049758911,-0.21215914189815521,0.1977078914642334,0.35125893354415894,-0.88556772470474243,-0.50090879201889038
0.22893068194389343,0.18813753128051758,-1.1086149215698242,-0.4693148136138916,0.28697127103805542,0.050627999007701874,-0.75292712450027466,-1.1901271343231201,0.34785968065261841,0.15814027190208435,0.081941969692707062,-1.0285453796386719,0.21489791572093964,0.3933069109916687,-0.81870067119598389,-0.34456422924995422,0.18239897489547729,0.31331357359886169,-0.44918355345726013,-0.63786441087722778,0.10009939223527908,0.28016009926795959,-0.87285584211349487,-0.60095137357711792
0.11790747940540314,0.12485615909099579,-1.0322322845458984,-0.72557961940765381,0.19054615497589111,-0.018667113035917282,-0.8546220064163208,-0.95534431934356689,0.31915163993835449,0.21682794392108917,-0.15662690997123718,-0.019554495811462402,-0.0060744169168174267,0.32547658681869507,-1.6219385862350464,-0.74066722393035889,0.0068697216920554638,0.18461261689662933,-1.2891212701797485,-1.1790909767150879,0.17310094833374023,0.21816723048686981,-0.83754384517669678,-0.68095386028289795
0.043599739670753479,0.011422394774854183,-0.73441392183303833,-1.0963528156280518,0.16284818947315216,0.024536684155464172,-0.43118220567703247,-0.00018143646593671292,0.15954600274562836,0.23261138796806335,-1.2083069086074829,-0.078442387282848358,-0.13055802881717682,0.33062070608139038,-1.1782256364822388,-0.22986400127410889,-0.1024416908621788,0.025722695514559746,-0.98650723695755005,-1.486703634262085,0.076149404048919678,0.1370667964220047,-0.81161099672317505,-0.77230477333068848
-0.040982365608215332,0.03278757631778717,-0.79439902305603027,-0.26705333590507507,0.038547690957784653,-0.01008246373385191,-1.0369617938995361,-0.39195278286933899,0.078185856342315674,0.16157044470310211,-0.7893635630607605,-0.65798056125640869,-0.12925142049789429,0.18829372525215149,-0.092368736863136292,-1.0940988063812256,-0.10016536712646484,0.057848773896694183,-0.1582581102848053,-0.44548037648200989,-0.12828722596168518,0.16794492304325104,-0.7903020977973938,-0.50681769847869873
-0.1139250323176384,-0.073402315378189087,-0.6946074366569519,-0.86085796356201172,-0.013131584972143173,-0.1318671852350235,-0.59585893154144287,-1.0678600072860718,0.096993669867515564,0.039114173501729965,0.087116546928882599,-1.1361066102981567,-0.21693047881126404,0.15427139401435852,-0.59554386138916016,-0.48345881700515747,-0.26860573887825012,-0.03187701478600502,-1.311771035194397,-0.76332265138626099,-0.088727764785289764,0.08057761937379837,-0.74368393421173096,-0.59763908386230469
-0.18241426348686218,-0.17328411340713501,-0.65712326765060425,-0.94799238443374634,-0.17411644756793976,-0.2062666267156601,-1.4036068916320801,-0.86960726976394653,-0.057173881679773331,-0.03629770502448082,-1.0745267868041992,-0.93028753995895386,-0.28528293967247009,0.028261281549930573,-0.53864169120788574,-1.0305033922195435,-0.25832021236419678,-0.22507891058921814,-0.15349966287612915,-1.3026965856552124,-0.21280969679355621,0.065330877900123596,-0.71089518070220947,-0.57654988765716553
-0.20718653500080109,-0.25158682465553284,-0.36074882745742798,-0.75828206539154053,-0.20868372917175293,-0.30338451266288757,-0.61094504594802856,-0.89693564176559448,-0.16808786988258362,-0.15395386517047882,-1.0513509511947632,-1.1470804214477539,-0.38757899403572083,-0.10169294476509094,-0.83570665121078491,-1.16974937915802,-0.23230411112308502,-0.2964131236076355,0.15749152004718781,-0.85611706972122192,-0.13402776420116425,-0.12744341790676117,-0.62890416383743286,-0.91243869066238403
-0.23619678616523743,-0.38505557179450989,-0.32190790772438049,-1.1172244548797607,-0.22186267375946045,-0.38946983218193054,-0.30356860160827637,-0.78677666187286377,-0.10646022856235504,-0.20364981889724731,0.21109756827354431,-0.57515674829483032,-0.33097326755523682,-0.21713511645793915,0.27377554774284363,-0.9913402795791626,-0.26736292243003845,-0.48150232434272766,-0.27316436171531677,-1.4326103925704956,-0.24177750945091248,-0.32548040151596069,-0.55910497903823853,-1.0281568765640259
-0.34063640236854553,-0.30584335327148438,-0.97498041391372681,0.34307312965393066,-0.28826627135276794,-0.48696571588516235,-0.65734899044036865,-0.85489094257354736,-0.20340916514396667,-0.31195008754730225,-0.73165303468704224,-0.96174001693725586,-0.40882939100265503,-0.23162543773651123,-0.59940898418426514,-0.21018660068511963,-0.36255958676338196,-0.50785315036773682,-0.96424484252929688,-0.60967528820037842,-0.28006669878959656,-0.30017369985580444,-0.49261757731437683,-0.80032789707183838
-0.47960862517356873,-0.30468180775642395,-1.2737793922424316,0.16805683076381683,-0.30285045504570007,-0.44132339954376221,-0.43947017192840576,0.30526632070541382,-0.24751342833042145,-0.44001129269599915,-0.55810540914535522,-1.1377730369567871,-0.42815989255905151,-0.45251831412315369,-0.27537077665328979,-1.589684009552002,-0.39603960514068604,-0.55282294750213623,-0.62610626220703125,-0.41460594534873962,-0.425079345703125,-0.36320847272872925,-0.4278392493724823,-0.73174136877059937
-0.50499266386032104,-0.44402012228965759,-0.61879849433898926,-0.79246723651885986,-0.2035706490278244,-0.63648343086242676,0.57705610990524292,-1.2669447660446167,-0.19055561721324921,-0.35036173462867737,0.14594471454620361,0.57099306583404541,-0.28858077526092529,-0.47931700944900513,0.90776050090789795,-0.32578277587890625,-0.32912141084671021,-0.72982817888259888,0.25569760799407959,-1.0732929706573486,-0.36501947045326233,-0.55637508630752563,-0.31721389293670654,-1.0366331338882446
-0.49487748742103577,-0.55586141347885132,-0.19161093235015869,-0.82864093780517578,-0.30824911594390869,-0.68944406509399414,-0.88134747743606567,-0.62605887651443481,-0.29337278008460999,-0.43497893214225769,-0.85510718822479248,-0.44525223970413208,-0.23041845858097076,-0.5985795259475708,0.52938586473464966,-0.81473326683044434,-0.39326226711273193,-0.830860435962677,-0.63942807912826538,-0.9251631498336792,-0.2739391028881073,-0.63763272762298584,-0.21982026100158691,-0.94154399633407593
-0.37452670931816101,-0.63430190086364746,0.67135953903198242,-0.54300755262374878,-0.30440711975097656,-0.7410770058631897,-0.40886101126670837,-0.41317945718765259,-0.42848727107048035,-0.60263603925704956,-1.3216803073883057,-1.349052906036377,-0.27250334620475769,-0.7901955246925354,-0.34922236204147339,-1.5827033519744873,-0.31626629829406738,-0.96310567855834961,0.23486816883087158,-0.97815269231796265,-0.29559227824211121,-0.74447774887084961,-0.14840853214263916,-0.8875044584274292
-0.33034256100654602,-0.62762075662612915,0.338807612657547,0.13050594925880432,-0.13164116442203522,-0.78753548860549927,1.028226375579834,-0.24454699456691742,-0.4943825900554657,-0.6668095588684082,-0.98767119646072388,-0.65871721506118774,-0.25764435529708862,-0.83125722408294678,-0.22513744235038757,-0.54577314853668213,-0.33984857797622681,-1.0806301832199097,-0.44371163845062256,-0.96155828237533569,-0.39402177929878235,-0.73493003845214844,-0.11272503435611725,-0.57401430606842041
-0.39206433296203613,-0.76926171779632568,-0.49092668294906616,-0.92458057403564453,-0.21856065094470978,-0.98026055097579956,-0.65179842710494995,-1.4814052581787109,-0.4068911075592041,-0.777854323387146,0.29469180107116699,-0.77092468738555908,-0.068320631980895996,-0.93990051746368408,1.1809144020080566,-0.76516014337539673,-0.20085321366786957,-1.070523738861084,0.62618786096572876,-0.053473308682441711,-0.21047343313694,-0.75905263423919678,-0.034952502697706223,-0.42159906029701233
-0.39326769113540649,-0.71600103378295898,-0.4220079779624939,0.36876645684242249,-0.10560160130262375,-0.9641268253326416,0.37012821435928345,-0.052633881568908691,-0.26962244510650635,-0.81397914886474609,0.86033165454864502,-0.22763147950172424,-0.1123301237821579,-1.0240609645843506,-0.40108481049537659,-0.78312885761260986,-0.21290616691112518,-1.1400250196456909,-0.34608536958694458,-0.35250166058540344,-0.30245921015739441,-0.85654783248901367,0.0024029216729104519,-0.43116378784179688
-0.3430202305316925,-0.81701427698135376,0.034335348755121231,-0.46165937185287476,-0.10094365477561951,-0.98639512062072754,-0.22190690040588379,-0.11509797722101212,-0.28720885515213013,-0.85542434453964233,-0.23270381987094879,-0.24249222874641418,-0.005095235537737608,-1.1341652870178223,0.4034116268157959,-0.90930664539337158,-0.1178286001086235,-1.1793949604034424,0.27336075901985168,-0.23003756999969482,-0.21694071590900421,-0.80586802959442139,0.049223028123378754,0.0014013946056365967
-0.33219146728515625,-0.85927331447601318,-0.14032571017742157,-0.26190993189811707,-0.072291307151317596,-1.0008978843688965,-0.19366274774074554,-0.05775267630815506,-0.32583612203598022,-0.8888508677482605,-0.63505470752716064,-0.19060824811458588,0.074776500463485718,-1.0630698204040527,0.2501368522644043,0.42247265577316284,0.061376940459012985,-1.0763909816741943,0.99116456508636475,0.73828178644180298,-0.15329425036907196,-0.83974540233612061,0.067145898938179016,0.03837166354060173
-0.2883220911026001,-0.82313549518585205,-0.02830062247812748,0.38241073489189148,0.02269379049539566,-1.1415789127349854,0.36389857530593872,-1.0270391702651978,-0.25224494934082031,-1.0494166612625122,0.18089833855628967,-1.1111990213394165,0.15348382294178009,-1.0388492345809937,0.24036768078804016,0.3281705379486084,0.16061092913150787,-1.1138216257095337,0.55966818332672119,0.12124321609735489,0.048888206481933594,-0.83318448066711426,0.12000958621501923,0.12994726002216339
-0.19495175778865814,-0.81710904836654663,0.37497583031654358,0.30152031779289246,-0.032505404204130173,-1.1143573522567749,-0.78991973400115967,-0.0010561940725892782,-0.26907464861869812,-0.94428128004074097,-0.49929225444793701,0.63062441349029541,0.27113807201385498,-1.167374849319458,0.6176905632019043,-0.93197321891784668,0.10326114296913147,-1.0557243824005127,-0.74803966283798218,0.37107494473457336,0.040347978472709656,-0.87065631151199341,0.11771129816770554,0.15916360914707184
-0.069999285042285919,-0.8635980486869812,0.73360371589660645,-0.1108035072684288,0.1184304803609848,-1.1283047199249268,0.52103555202484131,-0.0029780822806060314,-0.30283212661743164,-0.90568250417709351,-0.74571746587753296,0.54928833246231079,0.30503690242767334,-1.1121189594268799,-0.063296735286712646,0.16950124502182007,0.1497686356306076,-0.94767844676971436,-0.22876003384590149,0.86444348096847534,0.10595762729644775,-0.92744237184524536,0.11467946320772171,0.12195201218128204
-0.02933095395565033,-0.72344374656677246,0.19073867797851562,1.1546546220779419,0.10004518181085587,-0.99400109052658081,-0.54063946008682251,1.0273705720901489,-0.11631789803504944,-0.95456862449645996,0.88336873054504395,-0.0087958574295043945,0.30939829349517822,-1.0544904470443726,-0.43864890933036804,0.4032931923866272,0.32343882322311401,-0.9439663290977478,0.90698260068893433,0.47355115413665771,0.23188391327857971,-0.90053802728652954,0.10111737251281738,0.22231964766979218
-0.011046139523386955,-0.66434222459793091,-0.10228703171014786,0.76227492094039917,0.097817391157150269,-0.99129372835159302,-0.53393006324768066,0.19284616410732269,-0.10787265002727509,-0.98924410343170166,-0.10185942053794861,-0.15542536973953247,0.37204083800315857,-1.1328548192977905,-0.019551504403352737,-0.53679507970809937,0.25939622521400452,-0.8536829948425293,-0.73384016752243042,0.65798062086105347,0.25833404064178467,-0.74022781848907471,0.042150050401687622,0.70132851600646973
0.16092005372047424,-0.72296589612960815,0.86091715097427368,-0.19716951251029968,0.1725136935710907,-0.9565775990486145,0.062709547579288483,0.32554337382316589,0.033701535314321518,-1.0248901844024658,0.69902420043945312,-0.16798104345798492,0.53806775808334351,-0.98061132431030273,0.80111277103424072,1.0531928539276123,0.44794431328773499,-0.85307806730270386,0.92825210094451904,0.25468933582305908,0.31692579388618469,-0.6684650182723999,-0.017086206004023552,0.75009995698928833
0.1200595423579216,-0.70916742086410522,-0.27047541737556458,0.0042715067975223064,0.19325160980224609,-0.93735319375991821,-0.2013765275478363,0.19420066475868225,-0.0073723932728171349,-0.87206417322158813,-0.59671974182128906,1.0557841062545776,0.58231580257415771,-1.0276763439178467,0.13738521933555603,-0.26945376396179199,0.47030222415924072,-0.7458004355430603,-0.028015589341521263,0.6943395733833313,0.50934833288192749,-0.67041581869125366,-0.058294076472520828,0.66470998525619507
0.18312034010887146,-0.59161072969436646,0.052499011158943176,0.91866964101791382,0.1355946958065033,-0.88323897123336792,-0.8909376859664917,0.39238852262496948,0.078144848346710205,-0.79521369934082031,0.11973694711923599,0.89642012119293213,0.67658859491348267,-0.974132239818573,0.3292396068572998,0.20284451544284821,0.40822270512580872,-0.71338409185409546,-0.83112674951553345,0.3635634183883667,0.48185905814170837,-0.66994667053222656,-0.13154488801956177,0.47015625238418579
0.22159785032272339,-0.56110274791717529,0.048720657825469971,0.41265177726745605,0.31680667400360107,-0.8562474250793457,0.85359615087509155,0.34640878438949585,0.10641057044267654,-0.78124749660491943,-0.082353606820106506,0.38175582885742188,0.65260064601898193,-0.86011111736297607,-0.53176325559616089,0.70530730485916138,0.47011685371398926,-0.64740872383117676,-0.0057027125731110573,0.47236955165863037,0.49135264754295349,-0.54009360074996948,-0.20404358208179474,0.58697664737701416
0.25621041655540466,-0.38694709539413452,-0.023346947506070137,1.3730967044830322,0.26578310132026672,-0.70825612545013428,-0.61010557413101196,1.1226948499679565,0.23527763783931732,-0.75259882211685181,0.65295785665512085,0.34578138589859009,0.67620384693145752,-0.80537998676300049,-0.30389341711997986,0.36548140645027161,0.56299740076065063,-0.39520001411437988,0.39233857393264771,1.6353365182876587,0.69021481275558472,-0.39488092064857483,-0.24909292161464691,0.72248435020446777
0.24401488900184631,-0.26914212107658386,-0.29754084348678589,1.1125359535217285,0.2901647686958313,-0.64409768581390381,-0.24439190328121185,0.66655534505844116,0.27595505118370056,-0.58396536111831665,0.092983908951282501,1.3555309772491455,0.7154354453086853,-0.63161146640777588,-0.16054347157478333,1.2256596088409424,0.52632284164428711,-0.28804889321327209,-0.46858683228492737,1.1738479137420654,0.66639721393585205,-0.42925018072128296,-0.34892070293426514,0.47655543684959412
0.38092431426048279,-0.25447279214859009,0.79295194149017334,0.32896432280540466,0.29226681590080261,-0.56683772802352905,-0.32973715662956238,0.65499621629714966,0.25611820816993713,-0.55650132894515991,-0.37387770414352417,0.42998456954956055,0.72108596563339233,-0.50874006748199463,-0.31487613916397095,0.96901130676269531,0.33224684000015259,-0.25935277342796326,-1.790128231048584,0.31499308347702026,0.67332333326339722,-0.23910889029502869,-0.45220565795898438,0.70714521408081055
0.34540432691574097,-0.20752042531967163,-0.17864400148391724,0.27392423152923584,0.29869064688682556,-0.59125077724456787,-0.24732029438018799,-0.15509694814682007,0.23683051764965057,-0.45150929689407349,-0.49999040365219116,0.81622201204299927,0.84244811534881592,-0.538543701171875,0.61332178115844727,-0.21789956092834473,0.39145329594612122,-0.18694330751895905,-0.1569674015045166,0.49562022089958191,0.63822352886199951,-0.16413852572441101,-0.55352652072906494,0.64182955026626587
0.22002424299716949,-0.052530594170093536,-1.0329321622848511,1.0905307531356812,0.16036844253540039,-0.41205728054046631,-1.3887853622436523,1.1877940893173218,0.35218912363052368,-0.40929800271987915,0.56263303756713867,0.48591554164886475,0.86645084619522095,-0.35334527492523193,-0.00080064684152603149,1.0668079853057861,0.31812849640846252,-0.084404639899730682,-0.73733341693878174,0.65643399953842163,0.57957494258880615,-0.089677222073078156,-0.64134383201599121,0.54828083515167236
0.28555238246917725,-0.071274712681770325,0.10230515152215958,0.066719889640808105,0.27330532670021057,-0.33177900314331055,0.39841639995574951,0.86208319664001465,0.30048260092735291,-0.26520401239395142,-0.50702250003814697,1.0963170528411865,0.89906018972396851,-0.28632819652557373,0.048744484782218933,0.43252140283584595,0.290793776512146,0.02391333319246769,-0.45081892609596252,0.79839986562728882,0.63921099901199341,0.10977001488208771,-0.72268497943878174,0.70345133543014526
0.34150984883308411,0.13981053233146667,0.28803551197052002,1.6188303232192993,0.20367896556854248,-0.28384539484977722,-0.60469770431518555,0.45899349451065063,0.22341674566268921,-0.026094153523445129,-0.91356354951858521,1.940123438835144,0.8104824423789978,-0.14565582573413849,-0.87493479251861572,0.81836181879043579,0.32865610718727112,0.16273146867752075,0.15172676742076874,1.1010078191757202,0.56110411882400513,0.15817934274673462,-0.80316793918609619,0.56213879585266113
0.26307153701782227,0.21837395429611206,-0.49808186292648315,0.82638871669769287,0.079944193363189697,-0.18580412864685059,-1.2496136426925659,0.74137711524963379,0.19070757925510406,-0.053119271993637085,-0.46935713291168213,0.107216477394104,0.67140400409698486,0.098866455256938934,-1.4361995458602905,1.6942862272262573,0.21779254078865051,0.17921020090579987,-0.80036133527755737,0.3551287055015564,0.40495625138282776,0.16127032041549683,-0.86443471908569336,0.25897294282913208
0.2746448814868927,0.32084435224533081,-0.1062110960483551,0.85570579767227173,0.016910247504711151,-0.13510221242904663,-0.87921434640884399,0.49424073100090027,0.18283946812152863,0.03514225035905838,-0.22804848849773407,0.60787439346313477,0.57858282327651978,0.15266193449497223,-1.0396323204040527,0.50433814525604248,0.18686029314994812,0.27460172772407532,-0.36428135633468628,0.63114917278289795,0.42233997583389282,0.23563015460968018,-0.91419500112533569,0.23658612370491028
0.13789917528629303,0.40723723173141479,-0.91956347227096558,0.68731153011322021,-0.046482369303703308,-0.018459362909197807,-0.78504091501235962,0.97584164142608643,0.074888594448566437,0.19872665405273438,-0.94899576902389526,1.297349214553833,0.56385356187820435,0.17525431513786316,-0.31703129410743713,0.040575534105300903,0.016403740271925926,0.3449561595916748,-1.3490132093429565,0.52678048610687256,0.22047077119350433,0.28432473540306091,-0.97103500366210938,0.17866066098213196
0.11245546489953995,0.44021350145339966,-0.34965100884437561,0.30930188298225403,-0.038197573274374008,0.045947857201099396,-0.15835322439670563,0.73542797565460205,0.083060011267662048,0.41724169254302979,-0.20405423641204834,1.923615574836731,0.45156031847000122,0.22328144311904907,-0.90945148468017578,0.11470678448677063,-0.077892087399959564,0.57944095134735107,-0.94436001777648926,1.5529783964157104,0.32669878005981445,0.42181265354156494,-0.98820185661315918,0.38308241963386536
0.09470406174659729,0.31589841842651367,-0.039092771708965302,-0.94044226408004761,-0.24869261682033539,0.046131081879138947,-1.6556494235992432,0.078928291797637939,-0.019326824694871902,0.42834126949310303,-0.712208092212677,0.41947221755981445,0.18763375282287598,0.4249148964881897,-2.2047228813171387,1.2765325307846069,-0.074617147445678711,0.61999714374542236,-0.012495717965066433,0.78108847141265869,0.24880850315093994,0.53432935476303101,-1.0294274091720581,0.3534698486328125
-0.02254389226436615,0.38857674598693848,-0.6840667724609375,0.25694641470909119,-0.4074682891368866,0.12746721506118774,-1.6021379232406616,0.65259075164794922,-0.15137942135334015,0.54169142246246338,-1.0573892593383789,0.88200592994689941,0.10418906807899475,0.53870624303817749,-1.0091723203659058,1.0180443525314331,-0.23623387515544891,0.5141303539276123,-1.0549103021621704,-0.34135949611663818,0.067436158657073975,0.55869942903518677,-1.0717660188674927,0.21466563642024994
-0.15224307775497437,0.48666688799858093,-1.0089671611785889,0.7660980224609375,-0.38253322243690491,0.14972196519374847,-0.083707116544246674,0.45892345905303955,-0.21185563504695892,0.60096836090087891,-0.52024108171463013,0.65627509355545044,-0.12069544941186905,0.61736911535263062,-1.8042135238647461,0.66482251882553101,-0.29532492160797119,0.60418373346328735,-0.48617455363273621,0.48115888237953186,0.0049071628600358963,0.61781132221221924,-1.0704337358474731,0.17237256467342377
-0.13365815579891205,0.48794823884963989,0.033727250993251801,0.21576625108718872,-0.61446654796600342,0.17130988836288452,-1.7368994951248169,0.3185628354549408,-0.31665268540382385,0.55102163553237915,-0.66893798112869263,-0.21718919277191162,-0.33252111077308655,0.58129352331161499,-1.783327579498291,-0.20614331960678101,-0.27889180183410645,0.5780366063117981,0.26699408888816833,0.11740228533744812,-0.10942783951759338,0.46181288361549377,-1.0135047435760498,-0.57410067319869995
-0.2196812629699707,0.57505440711975098,-0.45256716012954712,0.72430849075317383,-0.6800956130027771,0.2924482524394989,-0.85318988561630249,1.2128252983093262,-0.4669928252696991,0.49488767981529236,-1.074065089225769,-0.44468268752098083,-0.43708610534667969,0.46737927198410034,-0.9498136043548584,-0.86990189552307129,-0.36999014019966125,0.58131623268127441,-0.40668395161628723,0.085384845733642578,-0.26818391680717468,0.50873804092407227,-0.97905927896499634,-0.45404744148254395
-0.42699536681175232,0.49733230471611023,-1.2547497749328613,-0.42309898138046265,-0.78114765882492065,0.22185251116752625,-0.81913924217224121,-0.063027858734130859,-0.42486715316772461,0.62262588739395142,0.23798280954360962,1.0014984607696533,-0.51737600564956665,0.55189603567123413,-0.66858577728271484,0.53354001045227051,-0.45490002632141113,0.52798593044281006,-0.50830924510955811,-0.26315304636955261,-0.45509099960327148,0.44584774971008301,-0.9254259467124939,-0.55231016874313354
-0.4339129626750946,0.54153323173522949,-0.24569946527481079,0.30057621002197266,-0.75897789001464844,0.26167157292366028,0.10216698795557022,0.58627802133560181,-0.52446115016937256,0.59010010957717896,-0.46621024608612061,0.056699693202972412,-0.56689149141311646,0.4867645800113678,-0.28508788347244263,-0.24585166573524475,-0.64888882637023926,0.54109472036361694,-1.3916802406311035,-0.023923216387629509,-0.57238060235977173,0.46982559561729431,-0.86342513561248779,-0.30453580617904663
-0.60102355480194092,0.42882144451141357,-1.0250054597854614,-0.71809422969818115,-0.81858420372009277,0.19403022527694702,-0.29049956798553467,-0.11005789041519165,-0.56325322389602661,0.58128416538238525,-0.16708147525787354,0.10336004197597504,-0.68117052316665649,0.31112635135650635,-0.66333514451980591,-1.2535971403121948,-0.87101525068283081,0.52976429462432861,-1.7841181755065918,-0.020149789750576019,-0.55917102098464966,0.45017650723457336,-0.76102995872497559,-0.32614430785179138
-0.65440517663955688,0.39942774176597595,-0.48157554864883423,-0.20941692590713501,-0.89349848031997681,0.10242640227079391,-0.50669306516647339,-0.46518462896347046,-0.68722683191299438,0.58177751302719116,-0.76979684829711914,0.17357555031776428,-0.67946702241897583,0.21086356043815613,0.043782752007246017,-0.80738306045532227,-0.91102826595306396,0.3995022177696228,-0.44824522733688354,-0.64679586887359619,-0.83243024349212646,0.39599260687828064,-0.68547314405441284,-0.38543036580085754
-0.74365121126174927,0.47287651896476746,-0.61625361442565918,0.70270001888275146,-0.94645518064498901,0.16507457196712494,-0.47231209278106689,0.68062865734100342,-0.86463445425033569,0.51109600067138672,-1.2659227848052979,-0.32805994153022766,-0.83740127086639404,0.15648998320102692,-1.1052737236022949,-0.4130379855632782,-0.9508671760559082,0.40082263946533203,-0.19326043128967285,-0.05608430877327919,-0.85881876945495605,0.34061717987060547,-0.58348667621612549,-0.38087776303291321
-0.72412049770355225,0.37393450736999512,0.16683498024940491,-0.28611496090888977,-1.0041173696517944,0.066442981362342834,-0.42480820417404175,-0.2860148549079895,-0.77088785171508789,0.52940034866333008,0.67031478881835938,0.42478087544441223,-0.76278030872344971,0.27631014585494995,0.39063760638237,1.21970534324646,-1.0857890844345093,0.31300452351570129,-0.86180436611175537,-0.33028632402420044,-0.8279460072517395,0.2340816855430603,-0.45971059799194336,-0.47572514414787292
-0.85994946956634521,0.41342058777809143,-0.69946205615997314,0.47665444016456604,-1.0303795337677002,-0.024376589804887772,-0.2017342746257782,-0.39521071314811707,-0.87345683574676514,0.537422776222229,-0.38390359282493591,0.40314128994941711,-0.95229768753051758,0.13222242891788483,-1.1909440755844116,-0.61757743358612061,-1.1210082769393921,0.28921294212341309,-0.29520228505134583,0.056986171752214432,-1.0500643253326416,0.20734328031539917,-0.37855061888694763,-0.3927198052406311
-0.83569991588592529,0.34977057576179504,0.17188471555709839,-0.059872578829526901,-1.0625342130661011,0.017958156764507294,-0.2811296284198761,0.64102518558502197,-0.84947299957275391,0.36529797315597534,0.4128868579864502,-0.92391395568847656,-0.90027886629104614,-0.0061671845614910126,0.2387067973613739,-0.83005350828170776,-1.0701682567596436,0.098801515996456146,0.53523057699203491,-0.80784851312637329,-1.0035009384155273,0.17119204998016357,-0.26415815949440002,-0.32053273916244507
-0.86404991149902344,0.22612373530864716,0.075650669634342194,-0.66034507751464844,-1.0528800487518311,-0.0087192682549357414,0.048578817397356033,0.34374967217445374,-0.79574370384216309,0.41261428594589233,0.66723161935806274,0.44831609725952148,-1.017569899559021,-0.23209330439567566,-0.74522089958190918,-1.6051871776580811,-1.0341020822525024,0.040853049606084824,0.52199327945709229,-0.38451141119003296,-0.99619913101196289,-0.12423373013734818,-0.095413863658905029,-1.1086640357971191
-0.92751681804656982,0.11901846528053284,-0.25601297616958618,-0.67860066890716553,-1.0769364833831787,-0.04205843061208725,-0.1407260000705719,0.21159933507442474,-0.92298609018325806,0.39038330316543579,-0.65286523103713989,0.16879643499851227,-0.99978059530258179,-0.32778322696685791,-0.021669346839189529,-0.67182952165603638,-1.0914292335510254,-0.012984596192836761,-0.31019678711891174,-0.19848668575286865,-1.2130603790283203,-0.11319443583488464,0.011642642319202423,-0.80377787351608276
-0.94195717573165894,0.13607059419155121,-0.10532611608505249,0.34072184562683105,-1.1734830141067505,-0.16075484454631805,-0.70887666940689087,-0.47332090139389038,-0.91247349977493286,0.32166540622711182,0.11626482754945755,-0.15590819716453552,-0.95349174737930298,-0.38137459754943848,0.28453320264816284,-0.1545749306678772,-1.0946316719055176,-0.15773051977157593,-0.0081371497362852097,-0.69953453540802002,-1.1698845624923706,-0.18545657396316528,0.16130414605140686,-0.67762643098831177
-0.90455079078674316,0.074200950562953949,0.33461093902587891,-0.0069290399551391602,-0.96852773427963257,-0.24721936881542206,1.4488486051559448,-0.24062186479568481,-0.83527714014053345,0.34827852249145508,0.7772986888885498,0.54235613346099854,-0.94663882255554199,-0.38368892669677734,0.017260771244764328,0.32550919055938721,-0.87941265106201172,-0.17987255752086639,1.6063871383666992,0.021952452138066292,-1.2124513387680054,-0.43918049335479736,0.33344724774360657,-1.0302059650421143
-0.80826038122177124,0.043291229754686356,0.79872465133666992,0.12349916994571686,-0.93073087930679321,-0.24644236266613007,0.58615660667419434,0.35811260342597961,-0.95731949806213379,0.2323622852563858,-0.55953407287597656,-0.47304370999336243,-0.89895099401473999,-0.45295959711074829,0.28624367713928223,-0.092325478792190552,-0.83103030920028687,-0.25192224979400635,0.69316720962524414,-0.11721190065145493,-1.0542353391647339,-0.42099916934967041,0.50417321920394897,-0.74286818504333496
-0.72432452440261841,-0.11236976087093353,0.91642218828201294,-0.76863569021224976,-0.95329344272613525,-0.32681542634963989,-0.096623942255973816,-0.18232807517051697,-0.95514589548110962,0.11782399564981461,0.064106933772563934,-0.63893169164657593,-0.77670258283615112,-0.46585151553153992,0.86596781015396118,0.28124570846557617,-0.80113929510116577,-0.32174941897392273,0.32958045601844788,-0.20673970878124237,-1.0564395189285278,-0.52996575832366943,0.63422238826751709,-0.64068013429641724
-0.64769697189331055,-0.21410039067268372,0.83536607027053833,-0.63357871770858765,-0.78519314527511597,-0.35902488231658936,1.1864023208618164,0.14178246259689331,-0.94895279407501221,0.009386865422129631,0.18723651766777039,-0.61544704437255859,-0.57631438970565796,-0.58946818113327026,1.634304404258728,-0.51325231790542603,-0.70354247093200684,-0.52727210521697998,0.75675511360168457,-0.9376838207244873,-1.0181535482406616,-0.62726461887359619,0.76050859689712524,-0.51643967628479004
-0.47888079285621643,-0.16315323114395142,1.4104478359222412,0.57204288244247437,-0.68884313106536865,-0.29848727583885193,0.86928707361221313,0.87406086921691895,-0.78288722038269043,-0.15789543092250824,1.4550930261611938,-1.0018162727355957,-0.45175972580909729,-0.68820083141326904,1.1813505887985229,-0.56759411096572876,-0.66000068187713623,-0.47157156467437744,0.34280842542648315,0.14549842476844788,-0.79627370834350586,-0.75143349170684814,0.89947772026062012,-0.51000022888183594
-0.43615096807479858,-0.23258958756923676,0.78004056215286255,-0.16229203343391418,-0.64895832538604736,-0.44268441200256348,0.47468787431716919,-0.60577535629272461,-0.7878183126449585,-0.22892400622367859,0.30187106132507324,-0.47170990705490112,-0.37971431016921997,-0.81827414035797119,0.61354535818099976,-0.89595746994018555,-0.49642914533615112,-0.48284190893173218,1.1492016315460205,0.30436959862709045,-0.75293600559234619,-0.91208148002624512,1.0057175159454346,-0.50620013475418091
-0.33520761132240295,-0.37750160694122314,0.92133605480194092,-0.89244174957275391,-0.61142075061798096,-0.28682386875152588,0.18358451128005981,1.3583289384841919,-0.68630510568618774,-0.23152530193328857,0.79702180624008179,0.24106431007385254,-0.34476453065872192,-0.8092079758644104,0.11988746374845505,0.032354891300201416,-0.37507188320159912,-0.60466563701629639,1.0678447484970093,-0.41936102509498596,-0.49702936410903931,-0.9901505708694458,1.1039375066757202,-0.35994544625282288
-0.08515484631061554,-0.40109646320343018,1.8977075815200806,-0.12967053055763245,-0.44826909899711609,-0.32070937752723694,1.1967790126800537,0.38632377982139587,-0.61628621816635132,-0.21504288911819458,0.64905941486358643,0.48465561866760254,-0.096938297152519226,-0.73894721269607544,1.6208993196487427,0.82159745693206787,-0.31824082136154175,-0.54461920261383057,0.4711667001247406,0.26879513263702393,-0.45300057530403137,-0.93332314491271973,1.1359419822692871,0.13696053624153137
0.0012152186827734113,-0.3517342209815979,1.0009821653366089,0.44207507371902466,-0.27783262729644775,-0.22973112761974335,1.4350873231887817,1.0617474317550659,-0.47773066163063049,-0.29066735506057739,1.187352180480957,-0.17643338441848755,0.014204856939613819,-0.70042198896408081,0.93888932466506958,0.60661911964416504,-0.0751071497797966,-0.64163869619369507,1.8411310911178589,-0.25033903121948242,-0.40499064326286316,-1.0605238676071167,1.1761102676391602,0.13347312808036804
0.01694859005510807,-0.39451128244400024,0.36425811052322388,-0.18518902361392975,-0.31627422571182251,-0.20664834976196289,-0.024626843631267548,0.53729426860809326,-0.31862440705299377,-0.4528394341468811,1.456840991973877,-0.99144065380096436,0.029221916571259499,-0.67407554388046265,0.020618317648768425,0.37043070793151855,0.11732374131679535,-0.47426369786262512,1.6289970874786377,1.0916821956634521,-0.1241338923573494,-0.94799345731735229,1.1900514364242554,0.44041323661804199
0.11747408658266068,-0.34121423959732056,0.65492409467697144,0.39421775937080383,-0.22396358847618103,-0.23704689741134644,0.65987223386764526,0.045082151889801025,-0.16163241863250732,-0.44826656579971313,1.3815773725509644,0.048532426357269287,0.27489456534385681,-0.56965780258178711,1.5843346118927002,0.97911655902862549,0.1802140474319458,-0.53305959701538086,0.61419183015823364,0.13982349634170532,-0.015646705403923988,-0.92930960655212402,1.1736927032470703,0.53328269720077515
0.20829799771308899,-0.3595486581325531,0.70835936069488525,-0.055379539728164673,-0.11145424842834473,-0.21146117150783539,0.92327612638473511,0.36434364318847656,-0.10875681042671204,-0.35332745313644409,0.54027068614959717,0.85089331865310669,0.27192249894142151,-0.45630314946174622,0.041586346924304962,1.0188978910446167,0.33508118987083435,-0.38069364428520203,1.0797604322433472,0.96799987554550171,0.2139214426279068,-0.9862363338470459,1.1481781005859375,0.57420444488525391
0.37894785404205322,-0.33619445562362671,1.2813419103622437,0.17515364289283752,0.0054018772207200527,-0.059813432395458221,0.96054279804229736,1.3382400274276733,0.0051752375438809395,-0.37887588143348694,0.87757974863052368,0.091159641742706299,0.39925080537796021,-0.38664686679840088,0.74377554655075073,0.72609210014343262,0.49013048410415649,-0.39216035604476929,1.27052903175354,0.21619053184986115,0.41589376330375671,-0.83537232875823975,1.0991358757019043,0.84056723117828369
0.41833052039146423,-0.20610052347183228,0.55013453960418701,0.9399527907371521,0.080703921616077423,0.030939679592847824,0.72430431842803955,1.0282008647918701,0.092203371226787567,-0.31208589673042297,0.6974751353263855,0.57460254430770874,0.50085031986236572,-0.34575796127319336,0.76761335134506226,0.38282755017280579,0.56557643413543701,-0.35034221410751343,0.67207884788513184,0.25305786728858948,0.56039446592330933,-0.80964970588684082,1.0294606685638428,0.81789493560791016
0.51774084568023682,-0.044908184558153152,0.70097911357879639,1.3600709438323975,0.070803113281726837,0.10172004252672195,0.042052559554576874,0.7480461597442627,0.25173571705818176,-0.28656387329101562,1.2502717971801758,0.3634922206401825,0.42015740275382996,-0.19939014315605164,-0.64756280183792114,0.98933064937591553,0.61187911033630371,-0.15419609844684601,0.28943052887916565,1.2054481506347656,0.68427258729934692,-0.77401036024093628,0.93379729986190796,0.67676424980163574
0.56965577602386475,-0.02180284820497036,0.52861344814300537,0.33345991373062134,0.23896029591560364,0.18266965448856354,1.3032277822494507,0.83703905344009399,0.38760396838188171,-0.3241942822933197,1.2202510833740234,-0.22366872429847717,0.52553087472915649,-0.18168184161186218,0.56728672981262207,0.22079497575759888,0.64372807741165161,-0.090791136026382446,0.1781902015209198,0.63928359746932983,0.74923801422119141,-0.49859356880187988,0.81477063894271851,1.0808526277542114
0.73613864183425903,-0.074488818645477295,1.3187627792358398,-0.47703099250793457,0.35311985015869141,0.25301197171211243,1.1959606409072876,0.68142950534820557,0.51874959468841553,-0.26832744479179382,1.1258423328399658,0.31039232015609741,0.58972543478012085,-0.1280573308467865,0.51124113798141479,0.2991376519203186,0.76762670278549194,0.072928763926029205,0.87890273332595825,1.1445733308792114,0.76503586769104004,-0.34366330504417419,0.66652321815490723,1.1829121112823486
0.64244329929351807,0.0060713584534823895,-0.23266451060771942,0.24191401898860931,0.29797345399856567,0.28897225856781006,-0.051368217915296555,0.29039937257766724,0.62506580352783203,-0.17301191389560699,0.91277939081192017,0.65904849767684937,0.54946571588516235,0.022624976933002472,-0.34487524628639221,1.0017815828323364,0.74179220199584961,0.22352191805839539,-0.084920309484004974,1.128125786781311,0.879222571849823,-0.27358612418174744,0.58982783555984497,1.1113990545272827
0.71797192096710205,0.15420153737068176,0.38517853617668152,1.0052481889724731,0.40645042061805725,0.38461503386497498,0.91263151168823242,0.73412919044494629,0.67078346014022827,0.039486207067966461,0.3779977560043335,1.6005146503448486,0.48163816332817078,0.24084794521331787,-0.700947105884552,1.6417170763015747,0.85840797424316406,0.2708359956741333,0.86359524726867676,0.59630775451660156,0.89778393507003784,-0.15142190456390381,0.43832424283027649,1.082708477973938
0.79824733734130859,0.23164629936218262,0.65739941596984863,0.57105922698974609,0.31431123614311218,0.5101313591003418,-0.42569425702095032,0.93734359741210938,0.76982212066650391,0.081806406378746033,0.79032289981842041,0.47668695449829102,0.46451693773269653,0.32128655910491943,-0.25869563221931458,0.76188570261001587,0.79988646507263184,0.46692448854446411,-0.30357533693313599,1.1883639097213745,0.81689530611038208,0.075871877372264862,0.27971556782722473,1.1701668500900269
0.85982030630111694,0.17160958051681519,0.68394869565963745,-0.6413530707359314,0.31017020344734192,0.62377029657363892,0.0034018948208540678,0.94234591722488403,0.84918755292892456,0.19257496297359467,0.74709039926528931,0.70469760894775391,0.43176999688148499,0.40778890252113342,-0.2478201687335968,0.63407832384109497,0.78873783349990845,0.56515282392501831,-0.049783568829298019,0.78563487529754639,0.94960784912109375,0.19468657672405243,0.14722047746181488,1.1204222440719604
0.90651208162307739,0.4478156566619873,0.41906833648681641,1.6791765689849854,0.32891318202018738,0.75356298685073853,0.29704058170318604,1.0713962316513062,0.69373780488967896,0.32730883359909058,-1.0322413444519043,0.80658787488937378,0.45161503553390503,0.47382742166519165,0.21910446882247925,0.47677046060562134,0.86188119649887085,0.64770209789276123,0.69817930459976196,0.59193331003189087,0.72492986917495728,0.50308340787887573,-0.050003074109554291,1.4163672924041748
0.89290767908096313,0.5105435848236084,0.090239159762859344,0.50374513864517212,0.23079521954059601,0.7007562518119812,-0.42218509316444397,-0.39060848951339722,0.75434780120849609,0.44326415657997131,0.29318210482597351,0.8142850399017334,0.4487578272819519,0.53100788593292236,0.16484358906745911,0.36342421174049377,0.75779998302459717,0.78679430484771729,-0.46800395846366882,0.74559712409973145,0.6774633526802063,0.62675660848617554,-0.18983502686023712,1.3069306612014771
0.76135915517807007,0.50613361597061157,-0.69385868310928345,-0.34317436814308167,0.16244408488273621,0.80218136310577393,-0.39676705002784729,0.54888045787811279,0.653708815574646,0.59432542324066162,-0.60724389553070068,1.0083428621292114,0.55678379535675049,0.6239464282989502,1.0161221027374268,0.65021198987960815,0.60330468416213989,0.9603150486946106,-1.1047241687774658,1.053521990776062,0.72905594110488892,0.71913808584213257,-0.31325533986091614,1.123590350151062
0.72046011686325073,0.63817775249481201,-0.38569608330726624,0.57886797189712524,0.080424033105373383,0.82959276437759399,-0.43707212805747986,0.20919248461723328,0.57343435287475586,0.78066933155059814,-0.6300080418586731,1.3702622652053833,0.45082145929336548,0.83100789785385132,-0.40498113632202148,1.4463694095611572,0.63884162902832031,1.0912803411483765,0.34254184365272522,1.0082327127456665,0.61786174774169922,0.89865303039550781,-0.46095761656761169,1.094268798828125
0.71268993616104126,0.72741043567657471,-0.062337536364793777,0.50683730840682983,-0.0032189446501433849,0.93956029415130615,-0.47296050190925598,0.77233225107192993,0.50870120525360107,0.74814522266387939,-0.36444205045700073,-0.21700143814086914,0.3650931715965271,0.92032700777053833,-0.4992375373840332,0.7586371898651123,0.47818931937217712,1.1753809452056885,-0.76326215267181396,0.59978371858596802,0.42163664102554321,0.91521954536437988,-0.54695183038711548,0.59255731105804443
0.59111505746841431,0.74772721529006958,-0.6502264142036438,-0.01797967217862606,0.071451455354690552,0.83598172664642334,0.89790129661560059,-0.66764527559280396,0.51711016893386841,0.90481042861938477,0.21138736605644226,0.95017880201339722,0.25231903791427612,0.8980785608291626,-0.641365647315979,-0.21753066778182983,0.47584891319274902,1.2628269195556641,0.22349344193935394,0.56925404071807861,0.26282986998558044,1.15041184425354,-0.63753461837768555,0.71953397989273071
0.54130864143371582,0.73071420192718506,-0.28711634874343872,-0.38996586203575134,0.062819413840770721,0.78899168968200684,0.47694665193557739,-0.5596577525138855,0.53675276041030884,0.89390814304351807,0.51476836204528809,-0.056030392646789551,0.1039646714925766,0.9049258828163147,-0.95326417684555054,-0.18558035790920258,0.32605543732643127,1.2697218656539917,-0.67511141300201416,0.053592853248119354,0.1110527515411377,1.1818665266036987,-0.68864083290100098,0.4969140887260437
0.3970913290977478,0.81699925661087036,-0.89273196458816528,0.23723608255386353,-0.089042231440544128,0.7535628080368042,-0.7471081018447876,-0.5011286735534668,0.41349446773529053,1.0617094039916992,-0.58223313093185425,1.0311474800109863,-0.0389823317527771,1.0138574838638306,-1.0108407735824585,0.62501144409179688,-0.024788664653897285,1.2382819652557373,-2.451756477355957,-0.51346725225448608,0.079270876944065094,1.2133376598358154,-0.71847105026245117,0.28828278183937073
0.28577125072479248,0.85064035654067993,-0.80600941181182861,0.082739703357219696,-0.21899919211864471,0.80111813545227051,-0.8842625617980957,0.17389184236526489,0.26809781789779663,1.1823110580444336,-0.90950983762741089,0.90500491857528687,-0.062689527869224548,1.0524852275848389,-0.014950290322303772,0.39653182029724121,-0.20344290137290955,1.3276691436767578,-1.4251617193222046,0.22285448014736176,0.029044261202216148,1.2774488925933838,-0.74101728200912476,0.1717010885477066
0.13849745690822601,0.84033477306365967,-0.98280131816864014,-0.24226982891559601,-0.37402519583702087,0.92200642824172974,-1.1358659267425537,0.98333746194839478,0.25672981142997742,1.2410268783569336,0.15080356597900391,0.49065190553665161,-0.111155666410923,1.0893186330795288,0.0072720535099506378,0.34263956546783447,-0.37519371509552002,1.2875683307647705,-1.1480745077133179,-0.19869963824748993,-0.21449904143810272,1.2369074821472168,-0.74706399440765381,-0.078902959823608398
0.07850077748298645,0.80447369813919067,-0.42801550030708313,-0.44448462128639221,-0.30251920223236084,0.86374902725219727,0.66627544164657593,-0.098690986633300781,0.20803035795688629,1.1727159023284912,0.1435735821723938,-0.570090651512146,-0.15912866592407227,1.0630661249160767,0.056880563497543335,-0.1381184458732605,-0.47779986262321472,1.1821706295013428,-0.49331504106521606,-0.70276939868927002,-0.28498998284339905,1.2015731334686279,-0.70919293165206909,-0.25910007953643799
-0.036237459629774094,0.90768349170684814,-0.67887341976165771,0.55755895376205444,-0.27846825122833252,0.75668549537658691,0.71544343233108521,-0.74422502517700195,0.063594907522201538,1.2583663463592529,-0.66933643817901611,0.36251890659332275,-0.4004397988319397,0.88515990972518921,-1.3106125593185425,-1.4216487407684326,-0.63489079475402832,1.0117791891098022,-0.80673730373382568,-1.3625233173370361,-0.52602261304855347,1.1819413900375366,-0.67748892307281494,-0.31311136484146118
-0.19862264394760132,0.83175218105316162,-0.95552575588226318,-0.52190309762954712,-0.44037753343582153,0.68064248561859131,-0.69424903392791748,-0.72786331176757812,-0.04122518002986908,1.1830234527587891,-0.46378353238105774,-0.58161520957946777,-0.42523929476737976,0.90266209840774536,-0.094572417438030243,-0.041171789169311523,-0.79950255155563354,0.92138969898223877,-0.98538243770599365,-1.0224217176437378,-0.63701379299163818,1.1294465065002441,-0.60378086566925049,-0.44538986682891846
-0.34396818280220032,0.77389740943908691,-0.97318536043167114,-0.58452224731445312,-0.42133167386054993,0.61999368667602539,0.29303884506225586,-0.47669541835784912,-0.17946988344192505,1.0203837156295776,-0.6537439227104187,-1.4856982231140137,-0.69043797254562378,0.91152435541152954,-1.7042831182479858,0.086876928806304932,-0.82200032472610474,0.90419942140579224,0.015642516314983368,-0.26215103268623352,-0.70705884695053101,1.1297125816345215,-0.52187639474868774,-0.36779105663299561
-0.40183129906654358,0.64965379238128662,-0.33572864532470703,-1.0257850885391235,-0.58387809991836548,0.65123051404953003,-0.90321969985961914,0.21170753240585327,-0.13235361874103546,0.99085420370101929,0.63517105579376221,-0.51686716079711914,-0.74944221973419189,0.74211859703063965,-0.39908003807067871,-1.0957831144332886,-0.97331815958023071,0.77846008539199829,-0.7776491641998291,-0.72364211082458496,-0.79351609945297241,1.0003864765167236,-0.42545878887176514,-0.55692452192306519
-0.51972728967666626,0.4849773645401001,-0.62227058410644531,-1.3949325084686279,-0.59968632459640503,0.53794217109680176,0.010576289147138596,-0.66692596673965454,-0.25239560008049011,0.8798602819442749,-0.36120527982711792,-1.0056501626968384,-0.73193132877349854,0.64139640331268311,0.3781801164150238,-0.7735409140586853,-1.0328434705734253,0.65776354074478149,-0.24498474597930908,-0.77605044841766357,-0.92978405952453613,0.87544858455657959,-0.31376069784164429,-0.70948773622512817
-0.55519753694534302,0.39121496677398682,-0.2209915965795517,-0.94649600982666016,-0.60937744379043579,0.51356130838394165,0.16861481964588165,-0.13108420372009277,-0.40605393052101135,0.90891706943511963,-0.90331321954727173,-0.0031652450561523438,-0.94834953546524048,0.52868539094924927,-1.3121705055236816,-0.86450463533401489,-1.022869348526001,0.37851235270500183,0.36442288756370544,-1.6217896938323975,-1.0221835374832153,0.68839842081069946,-0.17111833393573761,-0.91831815242767334
-0.45865315198898315,0.24845971167087555,0.81227642297744751,-1.0625413656234741,-0.6798357367515564,0.38224297761917114,-0.23744459450244904,-0.85237348079681396,-0.38942816853523254,0.71307790279388428,0.39247307181358337,-1.3966395854949951,-0.93474382162094116,0.39913612604141235,0.099624320864677429,-0.85691505670547485,-1.0350074768066406,0.11569848656654358,0.27613931894302368,-1.9684301614761353,-0.99920952320098877,0.60560894012451172,-0.026147564873099327,-0.79469239711761475
-0.49650278687477112,0.16141018271446228,0.14977303147315979,-0.76752591133117676,-0.60909473896026611,0.43863892555236816,0.61793440580368042,0.46120911836624146,-0.5084155797958374,0.7051318883895874,-0.51589804887771606,-0.33037292957305908,-0.84488785266876221,0.20402085781097412,0.98319762945175171,-1.3165196180343628,-1.1121352910995483,0.072299182415008545,-0.39080479741096497,-0.73543459177017212,-0.97392117977142334,0.50099217891693115,0.11069002747535706,-0.81508141756057739
-0.48597198724746704,-0.017501955851912498,0.25245016813278198,-1.3188453912734985,-0.58865398168563843,0.22597101330757141,0.55707412958145142,-1.3527688980102539,-0.48432689905166626,0.42462784051895142,0.47248581051826477,-2.0999836921691895,-0.8343544602394104,0.0019667111337184906,0.52288484573364258,-1.5116589069366455,-1.1430509090423584,-0.23058982193470001,-0.16512563824653625,-1.7625601291656494,-0.948688805103302,0.25508779287338257,0.268414705991745,-1.0846682786941528
-0.56598246097564697,-0.13477857410907745,-0.32229053974151611,-1.0663448572158813,-0.50280022621154785,0.26445391774177551,0.89038491249084473,0.24528789520263672,-0.58734792470932007,0.25240263342857361,-0.47317332029342651,-1.6538382768630981,-0.86040472984313965,-0.023760095238685608,-0.049316756427288055,-0.18703103065490723,-0.98003596067428589,-0.41500532627105713,1.2421722412109375,-1.3988628387451172,-0.97446614503860474,0.18940927088260651,0.39364728331565857,-0.8949962854385376
-0.57781416177749634,-0.25599032640457153,-0.13640888035297394,-0.96468847990036011,-0.40437665581703186,0.10623598098754883,1.1331647634506226,-0.93526709079742432,-0.51737070083618164,0.13243691623210907,0.5998682975769043,-1.0496242046356201,-0.95722556114196777,-0.18969672918319702,-0.66912859678268433,-1.0271655321121216,-0.96202272176742554,-0.59580272436141968,0.32560995221138,-1.3101376295089722,-0.94137698411941528,0.010452494025230408,0.53475165367126465,-0.9584963321685791
-0.42000022530555725,-0.35340991616249084,0.98529309034347534,-0.68832314014434814,-0.43710151314735413,0.066942490637302399,0.12339724600315094,-0.38145136833190918,-0.41293689608573914,0.10293123871088028,1.0144206285476685,-0.25145441293716431,-0.78101783990859985,-0.30957400798797607,1.2275325059890747,-0.72093820571899414,-0.83822697401046753,-0.64361280202865601,0.89635765552520752,-0.40696850419044495,-0.9413297176361084,-0.093714810907840729,0.66269558668136597,-0.8569951057434082
-0.38023564219474792,-0.48130810260772705,0.49251395463943481,-0.94167286157608032,-0.31743338704109192,0.010828208178281784,1.0382754802703857,-0.30353966355323792,-0.45813652873039246,-0.22620156407356262,0.0044027343392372131,-2.5192570686340332,-0.73241192102432251,-0.47400206327438354,0.65501862764358521,-1.070315957069397,-0.73086428642272949,-0.80901849269866943,0.86343365907669067,-0.77610349655151367,-0.76263171434402466,-0.30616354942321777,0.80932003259658813,-0.92831587791442871
-0.30903324484825134,-0.60437893867492676,0.5542222261428833,-0.96297043561935425,-0.28760617971420288,-0.020888233557343483,0.49358150362968445,-0.16898225247859955,-0.43209752440452576,-0.42151325941085815,0.23340484499931335,-1.8774623870849609,-0.4949038028717041,-0.59898155927658081,1.9110568761825562,-0.8034023642539978,-0.48090502619743347,-0.84980815649032593,1.8552402257919312,-0.1333707720041275,-0.75139778852462769,-0.38626331090927124,0.91030502319335938,-0.77400952577590942
-0.28329473733901978,-0.73055696487426758,0.22358080744743347,-1.0284711122512817,-0.23924769461154938,-0.020260144025087357,0.48581716418266296,0.10180099308490753,-0.29818066954612732,-0.52994155883789062,1.000888466835022,-1.0207891464233398,-0.43099749088287354,-0.69610357284545898,0.75780433416366577,-0.67384457588195801,-0.34877693653106689,-0.92285639047622681,1.1106405258178711,-0.25234401226043701,-0.6383170485496521,-0.47628247737884521,1.0165932178497314,-0.61932969093322754
-0.11581934243440628,-0.80888450145721436,1.0565594434738159,-0.63330984115600586,-0.13488435745239258,-0.12283266335725784,0.93416225910186768,-0.60096126794815063,-0.064760699868202209,-0.52398335933685303,1.8672875165939331,0.026945531368255615,-0.2260700911283493,-0.8116154670715332,1.5503795146942139,-0.76613771915435791,-0.086033344268798828,-1.0049500465393066,1.9694434404373169,-0.32627332210540771,-0.48421233892440796,-0.65948975086212158,1.1256248950958252,-0.66476422548294067
-0.083956591784954071,-0.93535178899765015,0.28136718273162842,-1.0187541246414185,-0.065497875213623047,-0.16895823180675507,0.71833980083465576,-0.39305216073989868,0.083660952746868134,-0.6153905987739563,1.4006913900375366,-0.60028475522994995,-0.045442700386047363,-0.88455873727798462,1.4778610467910767,-0.53611588478088379,-0.018083123490214348,-1.0466811656951904,0.5682145357131958,-0.27931758761405945,-0.33758717775344849,-0.60475254058837891,1.1826316118240356,-0.21331816911697388
-0.050405655056238174,-1.0320901870727539,0.07515021413564682,-0.88974899053573608,0.0083563569933176041,-0.25464725494384766,0.7048909068107605,-0.67986810207366943,0.061672553420066833,-0.74967247247695923,0.01625022292137146,-1.1626468896865845,0.20864081382751465,-0.84290742874145508,1.9546153545379639,0.38284778594970703,0.099322855472564697,-0.97137171030044556,0.63411605358123779,0.39010101556777954,-0.12857995927333832,-0.85084688663482666,1.2374687194824219,-0.25522854924201965
0.11880671232938766,-1.0434026718139648,0.86845028400421143,-0.18860329687595367,0.18803821504116058,-0.23008930683135986,1.4435120820999146,0.12096518278121948,0.34620779752731323,-0.91037696599960327,1.9812139272689819,-1.3861439228057861,0.30891072750091553,-0.83129358291625977,0.87597614526748657,0.18466302752494812,0.28939256072044373,-0.87270808219909668,1.2145808935165405,0.84488093852996826,-0.054853688925504684,-0.90717834234237671,1.2495806217193604,-0.14168176054954529
0.31060585379600525,-1.07341468334198,1.1666561365127563,-0.21014769375324249,0.37091907858848572,-0.26856929063796997,1.6419687271118164,-0.22909112274646759,0.49690261483192444,-0.95477390289306641,1.2838501930236816,-0.6726614236831665,0.43582615256309509,-0.68548071384429932,0.78824394941329956,1.1342413425445557,0.44070038199424744,-0.85672873258590698,1.0609927177429199,0.42959776520729065,0.12745983898639679,-0.79589366912841797,1.2441505193710327,0.25659078359603882
0.4033028781414032,-1.0238398313522339,0.61580187082290649,0.29385402798652649,0.32396441698074341,-0.1754225492477417,-0.19256499409675598,0.55242407321929932,0.60866308212280273,-0.91936135292053223,0.73680585622787476,0.027835547924041748,0.53515034914016724,-0.59285622835159302,0.62022233009338379,0.88452291488647461,0.70157641172409058,-0.79485774040222168,1.9044796228408813,0.55961626768112183,0.38048273324966431,-0.74803334474563599,1.2094782590866089,0.40081745386123657
0.62053245306015015,-0.9223598837852478,1.2973841428756714,0.81058746576309204,0.47351282835006714,-0.25690686702728271,1.0474281311035156,-0.49814856052398682,0.71615856885910034,-0.89429914951324463,0.61301970481872559,0.050769954919815063,0.5635678768157959,-0.61784327030181885,0.10270640254020691,-0.19350868463516235,0.89057523012161255,-0.77232962846755981,1.5316834449768066,0.29659339785575867,0.51348018646240234,-0.82807117700576782,1.156901478767395,0.39646384119987488
0.66942065954208374,-0.89978301525115967,0.33973893523216248,0.20765715837478638,0.56528174877166748,-0.31427615880966187,0.85472309589385986,-0.65139687061309814,0.88978457450866699,-0.92280453443527222,1.1243828535079956,-0.3905983567237854,0.77618151903152466,-0.50845736265182495,1.2866048812866211,0.68427473306655884,1.014286994934082,-0.61300384998321533,0.89198839664459229,0.95990091562271118,0.59816271066665649,-0.84311830997467041,1.0808184146881104,0.40322595834732056
0.76414412260055542,-0.79618227481842041,0.37212496995925903,0.66168403625488281,0.69985246658325195,-0.20796878635883331,1.0464763641357422,0.48092883825302124,0.93587344884872437,-0.78938132524490356,0.20486646890640259,0.65748053789138794,0.84912705421447754,-0.55203723907470703,0.70400708913803101,-0.40659099817276001,1.2290602922439575,-0.44394794106483459,1.5335040092468262,1.2039721012115479,0.86510193347930908,-0.70616400241851807,1.0001697540283203,0.64431101083755493
0.80484002828598022,-0.80022495985031128,0.079511485993862152,-0.1180536150932312,0.70050650835037231,-0.16395272314548492,0.091639630496501923,0.18903654813766479,1.1651934385299683,-0.65295273065567017,1.4539302587509155,0.95919591188430786,0.97131329774856567,-0.37699595093727112,0.78999507427215576,0.95570152997970581,1.180570125579834,-0.44828206300735474,-0.29951381683349609,0.17490486800670624,1.0670472383499146,-0.59882855415344238,0.87780988216400146,0.73943519592285156
0.91586923599243164,-0.73454529047012329,0.37206140160560608,0.22884418070316315,0.64932912588119507,0.040050998330116272,-0.5045924186706543,1.3210868835449219,1.116479754447937,-0.74087154865264893,-0.30620256066322327,-0.82708323001861572,1.1736441850662231,-0.35644048452377319,1.5662813186645508,0.074976086616516113,1.2314732074737549,-0.24745416641235352,0.041269157081842422,1.09749436378479,1.0303049087524414,-0.57230818271636963,0.73595923185348511,0.69129616022109985
0.98624682426452637,-0.56581014394760132,0.25226172804832458,1.0200103521347046,0.72676932811737061,0.054871026426553726,0.34942832589149475,0.18571078777313232,1.3364136219024658,-0.53794097900390625,1.2485681772232056,1.1057300567626953,1.2211827039718628,-0.18095220625400543,0.47622904181480408,0.96669638156890869,1.4164897203445435,0.0013177695218473673,1.2780646085739136,1.6717507839202881,1.1608792543411255,-0.43287497758865356,0.59264212846755981,0.8026462197303772
1.0439571142196655,-0.50462955236434937,0.21489556133747101,0.35195493698120117,0.89770233631134033,0.22904127836227417,1.2752680778503418,1.1365647315979004,1.4875286817550659,-0.40715795755386353,1.130036473274231,0.83832395076751709,1.1559021472930908,-0.12593424320220947,-0.53861522674560547,0.15943628549575806,1.4384928941726685,0.15981358289718628,0.30881226062774658,1.2595453262329102,1.3618192672729492,-0.36984553933143616,0.4583125114440918,0.64136809110641479
1.084430456161499,-0.32357496023178101,0.063488095998764038,1.1060608625411987,0.93795311450958252,0.28064039349555969,0.60652202367782593,0.30785590410232544,1.5091550350189209,-0.34978118538856506,0.16622963547706604,0.09239119291305542,1.1688638925552368,0.12665523588657379,-0.22326168417930603,1.491182804107666,1.5093060731887817,0.24333155155181885,0.57444226741790771,0.60419648885726929,1.4765188694000244,-0.038192719221115112,0.27006915211677551,0.92259275913238525
1.0788981914520264,-0.2545008659362793,-0.18196341395378113,0.39017784595489502,0.81589823961257935,0.36564567685127258,-0.68667882680892944,0.31314128637313843,1.4561645984649658,-0.22943998873233795,-0.59612631797790527,0.35687768459320068,1.2530237436294556,0.27547752857208252,0.56129544973373413,1.0493279695510864,1.5005562305450439,0.37211748957633972,0.046706829220056534,0.54868787527084351,1.4683922529220581,-0.0094101130962371826,0.092457622289657593,0.69466567039489746
0.94588035345077515,0.022294903174042702,-1.2308839559555054,1.7221497297286987,0.77082490921020508,0.45732426643371582,-0.46586817502975464,0.42476218938827515,1.5570633411407471,-0.073164448142051697,0.45221588015556335,0.78068548440933228,1.3651797771453857,0.46493399143218994,0.96645903587341309,1.2568545341491699,1.2512398958206177,0.61647915840148926,-1.9743585586547852,1.1105419397354126,1.5758905410766602,0.24406984448432922,-0.098698243498802185,0.89882934093475342
0.88048458099365234,0.069915696978569031,-0.84840714931488037,0.31561648845672607,0.8383033275604248,0.46344536542892456,0.42242282629013062,-0.11611169576644897,1.5107184648513794,0.067649960517883301,-0.37617483735084534,0.65849608182907104,1.285264253616333,0.54398465156555176,-0.31353530287742615,0.33305662870407104,1.2979073524475098,0.90418261289596558,0.030250677838921547,1.7894241809844971,1.4901022911071777,0.26046186685562134,-0.27286514639854431,0.37219434976577759
0.78181064128875732,0.1606917530298233,-0.98895615339279175,0.38311049342155457,0.86665642261505127,0.53855216503143311,0.4250946044921875,0.2409813404083252,1.4998630285263062,0.19274339079856873,-0.23934297263622284,0.5243304967880249,1.2038190364837646,0.70340687036514282,-0.59251326322555542,0.74135512113571167,1.2289925813674927,0.94473922252655029,-0.29890179634094238,0.52162426710128784,1.2830067873001099,0.47759050130844116,-0.46484985947608948,0.50083404779434204
0.73626077175140381,0.33020740747451782,-0.70009070634841919,1.0461795330047607,0.7892577052116394,0.45597809553146362,-0.26019129157066345,-0.94579005241394043,1.4306706190109253,0.27030986547470093,-0.59753304719924927,0.12003535032272339,1.2389594316482544,0.87677639722824097,0.32089975476264954,1.0380675792694092,1.0117895603179932,1.0466501712799072,-1.4501211643218994,0.30416092276573181,1.3258482217788696,0.61234736442565918,-0.60642075538635254,0.47334235906600952
0.63249415159225464,0.41512227058410645,-0.89246326684951782,0.53366488218307495,0.69636309146881104,0.51665586233139038,-0.60808241367340088,-0.10251951217651367,1.2213661670684814,0.36867591738700867,-1.7352681159973145,0.14461478590965271,1.079664945602417,0.98234283924102783,-0.91116362810134888,0.48809030652046204,0.78437376022338867,1.1303011178970337,-1.7578048706054688,0.17069202661514282,1.1279958486557007,0.7196773886680603,-0.76803833246231079,0.37787464261054993
0.51229739189147949,0.42153683304786682,-0.98538225889205933,-0.13132539391517639,0.6372760534286499,0.61022484302520752,-0.4616716206073761,0.36422395706176758,1.1541941165924072,0.59966462850570679,-0.93034756183624268,1.2778366804122925,0.95946288108825684,0.93156892061233521,-0.77620279788970947,-0.78361213207244873,0.64872205257415771,1.2907707691192627,-1.0726616382598877,0.77179497480392456,0.94879430532455444,0.87070167064666748,-0.90498924255371094,0.33828854560852051
0.32774713635444641,0.52863788604736328,-1.4877549409866333,0.48728960752487183,0.72029572725296021,0.48394882678985596,0.82996940612792969,-1.167339563369751,0.93293052911758423,0.73210883140563965,-1.8036805391311646,0.74862134456634521,0.79474276304244995,0.98247146606445312,-1.1187407970428467,-0.27623999118804932,0.4381164014339447,1.2705436944961548,-1.4124743938446045,-0.11757106333971024,0.98762863874435425,1.0505092144012451,-0.97627711296081543,0.4014747142791748
0.19484762847423553,0.5577157735824585,-1.2380481958389282,0.12749771773815155,0.56069850921630859,0.56163495779037476,-0.89537405967712402,-0.0087229013442993164,0.79566973447799683,0.70672810077667236,-1.2184296846389771,-0.44384926557540894,0.74274510145187378,1.1949518918991089,-0.35913309454917908,1.2545170783996582,0.35051834583282471,1.4197458028793335,-0.57059645652770996,0.67713749408721924,0.71383404731750488,0.97757077217102051,-1.074615478515625,-0.10954475402832031
0.13383176922798157,0.67862671613693237,-0.64385420083999634,0.85511261224746704,0.43488809466362,0.56965523958206177,-0.97681576013565063,-0.23076915740966797,0.70817959308624268,0.85561341047286987,-0.75223839282989502,0.70555049180984497,0.48840165138244629,1.2005891799926758,-1.6213546991348267,-0.096840381622314453,-0.013668621890246868,1.4925730228424072,-2.4224348068237305,0.38258486986160278,0.60879135131835938,1.1135017871856689,-1.1458085775375366,0.0038610696792602539
-0.084369458258152008,0.60936641693115234,-1.4816566705703735,-0.49817565083503723,0.37816852331161499,0.59184479713439941,-0.47935229539871216,-0.10654978454113007,0.6012842059135437,0.83868628740310669,-0.6933596134185791,-0.31365561485290527,0.33711788058280945,1.1878259181976318,-1.0796812772750854,-0.42180302739143372,-0.19657915830612183,1.4271360635757446,-1.3683822154998779,-0.43409225344657898,0.28700923919677734,1.0570343732833862,-1.1953362226486206,-0.22058404982089996
-0.25016957521438599,0.69428002834320068,-1.3815795183181763,0.37461259961128235,0.43930888175964355,0.52770590782165527,0.63452666997909546,-0.67631775140762329,0.3616664707660675,0.93548965454101562,-1.760532021522522,0.32395538687705994,0.24812595546245575,1.1418375968933105,-0.48694384098052979,-0.65933471918106079,-0.39990204572677612,1.4334590435028076,-1.3073880672454834,-0.25869163870811462,0.075805693864822388,1.1164746284484863,-1.2183792591094971,-0.29450249671936035
-0.34152224659919739,0.60819494724273682,-0.82110971212387085,-0.55756837129592896,0.3772118091583252,0.44227629899978638,-0.10726091265678406,-1.0098201036453247,0.15980963408946991,0.86498135328292847,-1.5840092897415161,-0.70733165740966797,0.044184137135744095,1.1319613456726074,-1.2392778396606445,-0.43164107203483582,-0.50219541788101196,1.413443922996521,-0.51088428497314453,-0.23094315826892853,-0.1533639132976532,1.0976732969284058,-1.2135452032089233,-0.43614745140075684
-0.50930219888687134,0.62281841039657593,-1.1889523267745972,0.012147487141191959,0.210938960313797,0.40577635169029236,-1.1252274513244629,-0.72995245456695557,0.011714496649801731,0.79922246932983398,-1.1348590850830078,-0.82721006870269775,-0.061092115938663483,1.169953465461731,-0.68769454956054688,0.081412255764007568,-0.75850307941436768,1.2217891216278076,-1.4807538986206055,-1.4258970022201538,-0.18778450787067413,1.0049216747283936,-1.1648093461990356,-0.62571454048156738
-0.73739433288574219,0.73020213842391968,-1.7355760335922241,0.90561556816101074,0.15184608101844788,0.26348280906677246,-0.51905500888824463,-1.3664195537567139,-0.22296985983848572,0.72865504026412964,-1.6958578824996948,-0.86615711450576782,-0.35471037030220032,1.0761035680770874,-1.9631543159484863,-0.84527021646499634,-0.95134508609771729,1.0955847501754761,-1.255689263343811,-1.2216038703918457,-0.48339220881462097,0.83214771747589111,-1.1012544631958008,-0.86575359106063843
-0.8582724928855896,0.55782473087310791,-1.025439977645874,-0.85297930240631104,-0.078022360801696777,0.16317437589168549,-1.7737977504730225,-1.2343107461929321,-0.3331272304058075,0.71005815267562866,-0.93455606698989868,-0.40803581476211548,-0.46312603354454041,0.98397058248519897,-0.81508475542068481,-0.86575609445571899,-1.0920228958129883,0.99386847019195557,-0.82822448015213013,-0.95793622732162476,-0.56625235080718994,0.76338595151901245,-1.0027780532836914,-0.92862629890441895
-0.99099183082580566,0.5396193265914917,-0.98612463474273682,-0.074449218809604645,-0.11949700117111206,0.16112318634986877,-0.64013433456420898,-0.30599164962768555,-0.63469398021697998,0.57054620981216431,-2.1627998352050781,-1.2134138345718384,-0.62859237194061279,0.76587444543838501,-0.97498852014541626,-1.8224658966064453,-1.252027153968811,0.87201935052871704,-0.93706667423248291,-0.91646552085876465,-0.66652357578277588,0.61206847429275513,-0.88667470216751099,-1.0936398506164551
-1.159035325050354,0.42837804555892944,-1.2028292417526245,-0.58611714839935303,-0.17636886239051819,0.11260578036308289,-0.49359029531478882,-0.43109887838363647,-0.73019737005233765,0.39216867089271545,-0.86950743198394775,-1.4861875772476196,-0.69619160890579224,0.63066935539245605,-0.37078818678855896,-1.2774844169616699,-1.3859540224075317,0.696399986743927,-0.80622899532318115,-1.1518980264663696,-0.96878635883331299,0.47792693972587585,-0.79600054025650024,-1.144132137298584
-1.3364304304122925,0.32927975058555603,-1.2955045700073242,-0.54439634084701538,-0.17112557590007782,0.02144438773393631,0.00091314321616664529,-0.72800272703170776,-0.92228782176971436,0.3468393087387085,-1.467401385307312,-0.47497451305389404,-0.9056326150894165,0.48457366228103638,-1.3905675411224365,-1.2505248785018921,-1.4507561922073364,0.50360804796218872,-0.27423694729804993,-1.2653510570526123,-0.92081588506698608,0.22024282813072205,-0.58920496702194214,-1.3849272727966309
-1.4034233093261719,0.23305226862430573,-0.64178633689880371,-0.3962140679359436,-0.086677707731723785,-0.04710635170340538,0.7174031138420105,-0.58982288837432861,-0.97013098001480103,0.1844048798084259,-0.45892021059989929,-1.0576828718185425,-1.0341452360153198,0.18787677586078644,-0.96210861206054688,-2.2696702480316162,-1.5027816295623779,0.15809081494808197,-0.098718143999576569,-2.1899843215942383,-1.0109246969223022,0.21153740584850311,-0.43898651003837585,-0.98230469226837158
-1.4812779426574707,-0.053367789834737778,-0.47629955410957336,-1.7831677198410034,-0.24682034552097321,-0.13234880566596985,-1.0432591438293457,-0.80727779865264893,-0.93849271535873413,-0.027760688215494156,0.31744629144668579,-1.4953138828277588,-1.0496816635131836,0.062039442360401154,-0.15137408673763275,-1.0751303434371948,-1.5797697305679321,-0.085951581597328186,-0.38890466094017029,-1.8986227512359619,-1.0808655023574829,-0.0089095532894134521,-0.29210317134857178,-1.0876556634902954
-1.4636108875274658,-0.14615942537784576,0.094712913036346436,-0.51612430810928345,-0.25975915789604187,-0.21636909246444702,-0.3326106071472168,-0.74564099311828613,-0.9778132438659668,-0.2974470853805542,-0.099497564136981964,-2.0507729053497314,-1.0755512714385986,-0.15115246176719666,-0.076804444193840027,-1.4933235645294189,-1.5625481605529785,-0.14543226361274719,0.14431783556938171,-0.57206934690475464,-1.1953742504119873,-0.22504246234893799,-0.14615498483181,-1.1780300140380859
-1.3852297067642212,-0.36302581429481506,0.65133506059646606,-1.1952184438705444,-0.12039528787136078,-0.39215037226676941,0.97176206111907959,-1.3863012790679932,-1.0276609659194946,-0.48112553358078003,-0.39490443468093872,-1.5019645690917969,-1.104460597038269,-0.49008554220199585,-0.11899302899837494,-2.5487408638000488,-1.6036584377288818,-0.49884992837905884,-0.16812029480934143,-1.8693455457687378,-1.0702823400497437,-0.34096577763557434,0.036385472863912582,-1.0456955432891846
-1.4187177419662476,-0.52341938018798828,-0.029518056660890579,-0.98695886135101318,-0.16890652477741241,-0.40183547139167786,-0.32299864292144775,-0.33949172496795654,-0.95890891551971436,-0.6762465238571167,0.38569554686546326,-1.4127228260040283,-1.147709846496582,-0.78554558753967285,-0.36388495564460754,-2.4303262233734131,-1.4061943292617798,-0.7804645299911499,1.5404505729675293,-1.8605636358261108,-0.94786900281906128,-0.52183818817138672,0.19702976942062378,-1.0998045206069946
-1.4087865352630615,-0.64306420087814331,-0.018480518832802773,-0.59010666608810425,-0.095799945294857025,-0.54987102746963501,0.40574303269386292,-1.1312294006347656,-0.88619905710220337,-0.73133289813995361,0.46325448155403137,-0.40341836214065552,-1.0036782026290894,-0.93095380067825317,0.85642147064208984,-1.1182334423065186,-1.337316632270813,-0.97983765602111816,0.71157139539718628,-1.4621691703796387,-1.0487412214279175,-0.67231827974319458,0.34431633353233337,-1.0176461935043335
-1.2566460371017456,-0.66302239894866943,0.95449984073638916,0.36333316564559937,-0.10851999372243881,-0.74002581834793091,-0.12456555664539337,-1.6607832908630371,-0.89534568786621094,-0.91503602266311646,-0.16017600893974304,-1.1520180702209473,-0.87622988224029541,-0.9748760461807251,0.88294541835784912,-0.12302327156066895,-1.1668881177902222,-1.0848641395568848,1.2241697311401367,-0.6917414665222168,-0.93712598085403442,-0.94117444753646851,0.52496767044067383,-1.1259665489196777
-1.0962849855422974,-0.88830834627151489,1.3141160011291504,-1.0637093782424927,-0.14845851063728333,-0.82360976934432983,-0.54579955339431763,-0.97094899415969849,-0.74611544609069824,-1.0224471092224121,0.84621590375900269,-0.65987122058868408,-0.60072743892669678,-1.1693265438079834,2.0813636779785156,-1.0506055355072021,-0.98737961053848267,-1.3131588697433472,1.3530594110488892,-1.1153161525726318,-0.82358962297439575,-1.1007318496704102,0.6738014817237854,-1.0180995464324951
-1.0658657550811768,-1.0571295022964478,0.41309583187103271,-1.082342267036438,-0.081201083958148956,-0.83276540040969849,0.11740124225616455,-0.14765548706054688,-0.63308382034301758,-1.1773644685745239,0.76196420192718506,-0.97061365842819214,-0.49669924378395081,-1.3577797412872314,0.93369042873382568,-1.3419337272644043,-0.85237449407577515,-1.3321647644042969,0.88997316360473633,-0.11994348466396332,-0.67868012189865112,-1.1027302742004395,0.80316197872161865,-0.69216054677963257
-0.88476580381393433,-1.2806142568588257,1.1851048469543457,-1.4400063753128052,-0.058687705546617508,-0.96295613050460815,-0.062934927642345428,-0.94762450456619263,-0.46537104249000549,-1.4004576206207275,1.1218571662902832,-1.5531201362609863,-0.39500921964645386,-1.6250598430633545,0.60651177167892456,-2.0987136363983154,-0.60031038522720337,-1.50834059715271,1.7109916210174561,-0.6271369457244873,-0.50943714380264282,-1.1515905857086182,0.89580291509628296,-0.44551301002502441
-0.75452512502670288,-1.3483849763870239,0.8908388614654541,-0.39341580867767334,-0.027434257790446281,-1.0959800481796265,-0.076127462089061737,-1.1697127819061279,-0.34821414947509766,-1.543632984161377,0.69269776344299316,-1.1641371250152588,-0.1403900533914566,-1.6922025680541992,1.5113651752471924,-0.68825399875640869,-0.4510759711265564,-1.7840185165405273,1.0561251640319824,-1.5999914407730103,-0.25498580932617188,-1.2474416494369507,0.96643400192260742,-0.35816845297813416
-0.58697587251663208,-1.2941052913665771,0.96174770593643188,0.722817063331604,0.10942540317773819,-1.0399154424667358,0.58806180953979492,0.21878445148468018,-0.26131981611251831,-1.447310209274292,0.22511276602745056,0.70100778341293335,0.11179963499307632,-1.594478964805603,1.6109476089477539,0.82993024587631226,-0.20044031739234924,-1.7285261154174805,1.5366941690444946,0.090175680816173553,-0.13724586367607117,-1.3711158037185669,1.0131633281707764,-0.31771957874298096
-0.38379579782485962,-1.2982286214828491,1.2668226957321167,0.49515080451965332,0.10680403560400009,-1.0668028593063354,-0.30429321527481079,-0.17502225935459137,-0.03282126784324646,-1.5337780714035034,1.2956398725509644,-0.27341783046722412,0.29704970121383667,-1.6690515279769897,1.1956192255020142,-0.24641311168670654,-0.049138877540826797,-1.7972328662872314,0.87187802791595459,-0.14578224718570709,-0.0017592891817912459,-1.4817221164703369,1.0512911081314087,-0.26570647954940796
-0.26690739393234253,-1.4005765914916992,0.82216417789459229,-0.39046245813369751,0.23323400318622589,-1.0770604610443115,0.49972599744796753,-0.0782184898853302,0.169072225689888,-1.6258955001831055,1.3008276224136353,-0.59410792589187622,0.34461021423339844,-1.6171233654022217,-0.036223549395799637,0.32536345720291138,0.25969842076301575,-1.6615065336227417,1.8733901977539062,0.94113755226135254,0.27956154942512512,-1.4314712285995483,1.0584883689880371,0.14457179605960846
-0.08185192197561264,-1.3613739013671875,1.0617130994796753,0.45829981565475464,0.2455880343914032,-0.98277056217193604,-0.24766002595424652,0.66660678386688232,0.51348865032196045,-1.6283615827560425,2.3559079170227051,-0.0052704513072967529,0.61592048406600952,-1.5503640174865723,1.3757350444793701,0.60893464088439941,0.49018910527229309,-1.7957783937454224,1.5503994226455688,-0.4051767885684967,0.4387509822845459,-1.3039625883102417,1.0117430686950684,0.46431076526641846
0.074858702719211578,-1.2971285581588745,0.91965681314468384,0.74718570709228516,0.20398372411727905,-1.0179543495178223,-0.73451495170593262,-0.1659848690032959,0.63548558950424194,-1.5532783269882202,0.80513542890548706,0.50742995738983154,0.72719430923461914,-1.564867377281189,0.53615701198577881,-0.10654139518737793,0.70500963926315308,-1.6845505237579346,1.2781124114990234,0.55264824628829956,0.53187304735183716,-1.308342456817627,0.94949978590011597,0.48558986186981201
0.27415436506271362,-1.0724385976791382,1.1273024082183838,1.9883321523666382,0.28100275993347168,-0.9522356390953064,0.032826460897922516,0.46213901042938232,0.82321667671203613,-1.5124932527542114,0.99303627014160156,0.31745791435241699,0.88709861040115356,-1.4484843015670776,0.68798041343688965,0.69462835788726807,1.0173251628875732,-1.5932074785232544,1.9870917797088623,0.77196508646011353,0.65241831541061401,-1.1701071262359619,0.85984426736831665,0.69421559572219849
0.59163749217987061,-0.94341772794723511,2.1359817981719971,1.5117285251617432,0.4234936535358429,-0.908436119556427,0.70896798372268677,0.42086818814277649,1.0207669734954834,-1.39594566822052,1.0845338106155396,0.78178739547729492,1.1521204710006714,-1.4160680770874023,1.6007153987884521,0.20987457036972046,1.2235448360443115,-1.4582946300506592,1.333795428276062,0.98273670673370361,0.83464241027832031,-0.97810935974121094,0.74973893165588379,0.93316817283630371
0.78924161195755005,-0.85961931943893433,1.6085242033004761,0.86594629287719727,0.44204726815223694,-0.83525198698043823,-0.09250139445066452,0.54129427671432495,1.1159482002258301,-1.1359663009643555,0.28334572911262512,1.9092972278594971,1.2758700847625732,-1.229637622833252,0.68796044588088989,1.1108901500701904,1.2377703189849854,-1.2094796895980835,-0.27131146192550659,1.6081026792526245,1.1771349906921387,-0.91537606716156006,0.61703503131866455,0.92323887348175049
0.9322846531867981,-0.73383635282516479,1.1232091188430786,0.97200179100036621,0.46189919114112854,-0.73056542873382568,-0.24349187314510345,0.78638672828674316,1.2053104639053345,-0.90316265821456909,0.17126479744911194,1.8705669641494751,1.3682688474655151,-0.96377092599868774,0.23979721963405609,1.8296376466751099,1.4342309236526489,-0.97528767585754395,0.91948682069778442,1.7945173978805542,1.1510758399963379,-0.75797015428543091,0.45115083456039429,1.0489331483840942
1.0674054622650146,-0.4000127911567688,0.85712897777557373,2.5025055408477783,0.47013530135154724,-0.57030469179153442,-0.35569602251052856,1.2706999778747559,1.3710323572158813,-0.72566413879394531,0.84372097253799438,1.4212446212768555,1.5211217403411865,-0.84335249662399292,0.7428855299949646,1.0220279693603516,1.7099483013153076,-0.80906283855438232,1.8353266716003418,1.4554778337478638,1.4061089754104614,-0.54210931062698364,0.28465721011161804,1.2842437028884888
0.98320204019546509,-0.14044289290904999,-0.5863950252532959,2.1449668407440186,0.40967074036598206,-0.54957830905914307,-0.79872292280197144,0.25921106338500977,1.3708208799362183,-0.66146618127822876,-0.14389476180076599,0.36902368068695068,1.4725041389465332,-0.61926412582397461,-0.67258572578430176,1.3642165660858154,1.7798177003860474,-0.49213951826095581,0.42970982193946838,2.0620768070220947,1.3596186637878418,-0.38875436782836914,0.074513763189315796,1.2870090007781982
1.0602642297744751,-0.044495820999145508,0.23314738273620605,0.91914832592010498,0.23923394083976746,-0.38797539472579956,-1.7810095548629761,1.0913444757461548,1.4516814947128296,-0.38178396224975586,0.19535945355892181,1.8046622276306152,1.4971541166305542,-0.33477687835693359,-0.39662331342697144,1.9158265590667725,1.7890167236328125,-0.13780413568019867,-0.22297000885009766,2.4582421779632568,1.4506980180740356,-0.10811583697795868,-0.12760661542415619,1.5055034160614014
1.0226764678955078,0.19381147623062134,-0.30968347191810608,1.6200394630432129,0.21799351274967194,-0.2939859926700592,-0.80692458152770996,0.86837422847747803,1.3860244750976562,-0.14330008625984192,-0.76492059230804443,1.6774383783340454,1.5953234434127808,-0.15476316213607788,0.41370970010757446,1.3587590456008911,1.7241898775100708,0.010890825651586056,-0.77600407600402832,1.2415506839752197,1.4109996557235718,0.030854269862174988,-0.32854211330413818,1.3023923635482788
0.9519379734992981,0.31785517930984497,-0.62739205360412598,0.9218449592590332,0.26342108845710754,-0.17721943557262421,0.01998867467045784,1.0338594913482666,1.3857982158660889,0.049156758934259415,-0.34289512038230896,1.3142428398132324,1.6359561681747437,0.10884407162666321,0.17699903249740601,1.7122339010238647,1.6790204048156738,0.1775364875793457,-0.65134787559509277,0.95440411567687988,1.4537103176116943,0.17705896496772766,-0.52406108379364014,1.1593858003616333
0.91546410322189331,0.51026135683059692,-0.45995062589645386,1.3002669811248779,0.13942109048366547,-0.051321715116500854,-1.083910346031189,1.0584568977355957,1.3025276660919189,0.24793189764022827,-0.83555948734283447,1.2597532272338867,1.4746830463409424,0.26786038279533386,-1.2985324859619141,0.96726447343826294,1.6353408098220825,0.39920753240585327,-0.57366698980331421,1.1457630395889282,1.39659583568573,0.42920967936515808,-0.73817729949951172,1.2443560361862183
0.91468358039855957,0.72778165340423584,-0.089378602802753448,1.5932971239089966,0.13259676098823547,-0.020731877535581589,-0.31281745433807373,0.38420730829238892,1.2787398099899292,0.47579234838485718,-0.41910099983215332,1.5150747299194336,1.4374344348907471,0.59501749277114868,-0.70717138051986694,2.0458664894104004,1.6132382154464722,0.62525093555450439,-0.29009681940078735,1.3035814762115479,1.2182451486587524,0.6075318455696106,-0.94239044189453125,1.1160347461700439
0.84744757413864136,0.90195667743682861,-0.35108011960983276,1.3032341003417969,-0.060945034027099609,0.15665380656719208,-1.6432702541351318,1.3220434188842773,1.1103721857070923,0.732899010181427,-1.3390307426452637,1.7350113391876221,1.3037000894546509,0.82296228408813477,-1.1244767904281616,1.6210147142410278,1.4828599691390991,1.0064655542373657,-1.0226012468338013,2.3207876682281494,1.1946843862533569,0.78328615427017212,-1.1130862236022949,1.0089336633682251
0.76164907217025757,0.96882182359695435,-0.46765977144241333,0.45422482490539551,-0.082879729568958282,0.20235201716423035,-0.50438159704208374,0.63777327537536621,0.96463114023208618,0.78456783294677734,-1.2095359563827515,0.23038995265960693,1.0453996658325195,1.0477293729782104,-2.0648512840270996,1.4589477777481079,1.3469158411026001,1.2150493860244751,-1.0598113536834717,1.5620455741882324,0.86504298448562622,0.91832232475280762,-1.2820461988449097,0.84157395362854004
0.73707759380340576,1.1223428249359131,-0.18501327931880951,0.94018882513046265,-0.19677317142486572,0.19406664371490479,-0.89911198616027832,0.07436864823102951,0.83262968063354492,0.98340815305709839,-1.1002691984176636,1.1226392984390259,0.97258090972900391,1.2773542404174805,-0.76313203573226929,1.5966564416885376,1.1255582571029663,1.3728386163711548,-1.6128087043762207,1.0375666618347168,0.83206045627593994,1.1301004886627197,-1.4039216041564941,0.94974207878112793
0.51489025354385376,1.3001918792724609,-1.3286342620849609,1.1829087734222412,-0.34068390727043152,0.22722828388214111,-1.2532296180725098,0.28254151344299316,0.64509022235870361,1.065436840057373,-1.3921682834625244,0.44458299875259399,0.669391930103302,1.3961489200592041,-2.0583920478820801,0.78784787654876709,0.82637768983840942,1.5322742462158203,-2.2681097984313965,0.84059929847717285,0.54013997316360474,1.2985475063323975,-1.5391277074813843,0.81676739454269409
0.2469983845949173,1.4821816682815552,-1.9211215972900391,1.313791036605835,-0.45628538727760315,0.25425392389297485,-1.0868957042694092,0.33457696437835693,0.45055440068244934,1.1495957374572754,-1.4624475240707397,0.37294194102287292,0.44333907961845398,1.4975517988204956,-1.7328392267227173,0.54839098453521729,0.5231439471244812,1.7315144538879395,-2.3491113185882568,1.0759788751602173,0.43494316935539246,1.2369644641876221,-1.5949428081512451,0.25933182239532471
0.042964339256286621,1.5254384279251099,-1.4926133155822754,0.41004982590675354,-0.56151694059371948,0.26728323101997375,-0.95032346248626709,0.2878425121307373,0.2484423816204071,1.2892932891845703,-1.5187134742736816,0.87250000238418579,0.17170622944831848,1.4834409952163696,-1.9282776117324829,-0.35158365964889526,0.40749505162239075,1.7668997049331665,-0.7468140721321106,0.35106971859931946,0.18361741304397583,1.374901294708252,-1.63081955909729,0.12299291789531708
-0.11894647777080536,1.4928027391433716,-0.97730129957199097,-0.31933939456939697,-0.7080797553062439,0.23765440285205841,-1.2061737775802612,-0.037400364875793457,0.066246218979358673,1.2627342939376831,-1.2677342891693115,-0.22769910097122192,-0.029663814231753349,1.5822017192840576,-1.4643223285675049,0.45047080516815186,0.093518875539302826,1.8780061006546021,-1.9737474918365479,0.46910625696182251,0.0064517045393586159,1.2986186742782593,-1.6483336687088013,-0.19939075410366058
-0.24293781816959381,1.5943090915679932,-0.64385509490966797,0.64468050003051758,-0.797557532787323,0.36997824907302856,-0.90106582641601562,1.2091038227081299,-0.14439061284065247,1.2621984481811523,-1.4289687871932983,-0.2157820463180542,-0.19785515964031219,1.6400620937347412,-1.0582320690155029,0.42599400877952576,-0.1791999340057373,1.8429373502731323,-1.8386054039001465,-0.23830670118331909,-0.31078702211380005,1.2898461818695068,-1.6451773643493652,-0.38248768448829651
-0.52735161781311035,1.5406261682510376,-1.6466519832611084,-0.33852130174636841,-0.83894580602645874,0.36141642928123474,-0.36663874983787537,0.47508251667022705,-0.41731494665145874,1.3174364566802979,-1.9497314691543579,0.24583530426025391,-0.57429033517837524,1.5874898433685303,-2.517326831817627,-0.42745798826217651,-0.54380136728286743,1.6875951290130615,-2.4620382785797119,-1.2157413959503174,-0.56238085031509399,1.2537180185317993,-1.5957955121994019,-0.50880587100982666
-0.72882288694381714,1.4983329772949219,-1.3005920648574829,-0.35475686192512512,-1.0071326494216919,0.28491866588592529,-1.1818888187408447,-0.22306004166603088,-0.63350790739059448,1.3246806859970093,-1.5893731117248535,0.12415269017219543,-0.8327484130859375,1.5761867761611938,-1.9149618148803711,-0.1232219934463501,-0.88421976566314697,1.7546570301055908,-2.49957275390625,-0.10230769217014313,-0.7658926248550415,1.1855558156967163,-1.5060327053070068,-0.68549400568008423
-0.81768780946731567,1.3441088199615479,-0.28708463907241821,-1.102957010269165,-1.1316581964492798,0.13395018875598907,-1.0237045288085938,-0.91315639019012451,-0.87081307172775269,1.0938959121704102,-1.5647175312042236,-1.6497478485107422,-1.1829999685287476,1.452467679977417,-2.4476754665374756,-0.86872798204421997,-1.0769158601760864,1.6240189075469971,-1.2889615297317505,-0.70355653762817383,-0.8679581880569458,1.0622812509536743,-1.3849762678146362,-0.89215588569641113
-0.98143184185028076,1.2863709926605225,-0.76219338178634644,-0.49300485849380493,-1.0022622346878052,0.019235551357269287,0.95719617605209351,-0.62837070226669312,-1.0354031324386597,1.0101538896560669,-1.1163798570632935,-0.79275727272033691,-1.4139268398284912,1.2600259780883789,-1.677503228187561,-1.3670482635498047,-1.2983534336090088,1.3480067253112793,-1.2382875680923462,-1.7748274803161621,-1.0149457454681396,0.91454499959945679,-1.2401782274246216,-1.0878905057907104
-1.0894688367843628,1.1167622804641724,-0.41810926795005798,-1.1349292993545532,-1.0523824691772461,-0.090176932513713837,-0.067207761108875275,-0.61443430185317993,-1.3988643884658813,0.9680824875831604,-2.592036247253418,-0.31853252649307251,-1.5513061285018921,1.16279137134552,-0.83772391080856323,-0.61856615543365479,-1.5114634037017822,1.167209267616272,-1.2634271383285522,-1.5458269119262695,-1.0733820199966431,0.75496858358383179,-1.0688215494155884,-1.230419397354126
-1.2803689241409302,0.86110681295394897,-0.97866106033325195,-1.9010802507400513,-1.1509108543395996,-0.13942989706993103,-0.74958646297454834,-0.15071162581443787,-1.5791935920715332,0.70967251062393188,-1.4449245929718018,-1.6859982013702393,-1.6945624351501465,0.9809679388999939,-0.71984606981277466,-1.0497159957885742,-1.8269423246383667,0.92841148376464844,-2.1332216262817383,-1.7881181240081787,-1.3574155569076538,0.62141788005828857,-0.90995883941650391,-1.2754590511322021
-1.3593621253967285,0.70981830358505249,-0.36470812559127808,-1.14674973487854,-1.1678627729415894,-0.25826776027679443,-0.27678656578063965,-0.51872801780700684,-1.5474092960357666,0.56568843126296997,0.26640734076499939,-0.92183810472488403,-1.8384535312652588,0.68700790405273438,-0.71534031629562378,-1.9503422975540161,-1.9316390752792358,0.7559659481048584,-0.74876463413238525,-1.2961020469665527,-1.4973769187927246,0.37761765718460083,-0.70891237258911133,-1.4514956474304199
-1.4358793497085571,0.61114805936813354,-0.29275333881378174,-0.55687969923019409,-1.1352815628051758,-0.25848796963691711,0.14075951278209686,0.34946349263191223,-1.5468114614486694,0.24238075315952301,0.46648737788200378,-2.1300110816955566,-2.0443360805511475,0.4327951967716217,-1.2708730697631836,-1.8134236335754395,-2.1269242763519287,0.50564372539520264,-1.194496750831604,-1.5684069395065308,-1.3853596448898315,0.18124209344387054,-0.44583046436309814,-1.4464900493621826
-1.3494815826416016,0.24997380375862122,0.97504407167434692,-2.35080885887146,-1.0959113836288452,-0.28629156947135925,0.2799646258354187,0.32335850596427917,-1.6258065700531006,-0.024739054962992668,-0.22697824239730835,-1.9851212501525879,-2.0299491882324219,0.14263637363910675,0.22390070557594299,-1.8840564489364624,-2.1487760543823242,0.18282917141914368,-0.030610250309109688,-1.973562479019165,-1.4561116695404053,0.091248743236064911,-0.26648828387260437,-1.247867226600647
-1.5062921047210693,0.076196171343326569,-0.72157061100006104,-1.4445827007293701,-0.94368839263916016,-0.29431691765785217,1.166536808013916,0.50301927328109741,-1.6756126880645752,-0.056470170617103577,-0.36967796087265015,-0.033191323280334473,-2.1314780712127686,-0.086847655475139618,-0.49853911995887756,-1.4588861465454102,-2.1538324356079102,-0.24143026769161224,0.25754648447036743,-2.7325534820556641,-1.5393073558807373,-0.1801435649394989,-0.050532840192317963,-1.4066269397735596
-1.4243441820144653,-0.11556089669466019,0.67786878347396851,-1.1967531442642212,-0.82246232032775879,-0.46244749426841736,1.1780415773391724,-0.74392998218536377,-1.7379035949707031,-0.40431985259056091,-0.39355671405792236,-2.0700480937957764,-2.1315295696258545,-0.29658707976341248,0.022581920027732849,-1.1323837041854858,-2.1404392719268799,-0.49526721239089966,0.29189518094062805,-1.9408599138259888,-1.5025907754898071,-0.37393411993980408,0.16962157189846039,-1.3049659729003906
-1.5303336381912231,-0.33532363176345825,-0.55384689569473267,-1.4274231195449829,-0.7719578742980957,-0.64022141695022583,0.55895614624023438,-1.1937613487243652,-1.5430152416229248,-0.4674530029296875,1.3664852380752563,-0.19958639144897461,-2.0224745273590088,-0.64966917037963867,0.92613530158996582,-2.0705230236053467,-2.1450257301330566,-0.74665087461471558,0.027601690962910652,-1.594478964805603,-1.5050816535949707,-0.57688605785369873,0.38255757093429565,-1.2491991519927979
-1.4077645540237427,-0.40879225730895996,0.7218163013458252,-0.37747523188591003,-0.57331693172454834,-0.59335684776306152,1.4295287132263184,0.48871862888336182,-1.5350568294525146,-0.78875607252120972,0.41021272540092468,-1.8296481370925903,-1.759040355682373,-0.74794483184814453,2.1413536071777344,-0.26988577842712402,-2.0514163970947266,-1.0543844699859619,0.64622974395751953,-1.7495812177658081,-1.3458725214004517,-0.84894728660583496,0.6156308650970459,-1.2989767789840698
-1.2342464923858643,-0.57182878255844116,1.4408948421478271,-0.66683167219161987,-0.6188005805015564,-0.58975553512573242,-0.2474263608455658,0.37228107452392578,-1.4420220851898193,-0.96288371086120605,0.64572489261627197,-1.0818195343017578,-1.5878398418426514,-1.0052769184112549,1.674838662147522,-1.2549983263015747,-1.7447984218597412,-1.3947343826293945,2.392505407333374,-1.9317046403884888,-1.1983981132507324,-1.0573451519012451,0.81872361898422241,-1.2299638986587524
-1.0345157384872437,-0.84789031744003296,1.7840310335159302,-1.6048077344894409,-0.57064127922058105,-0.53337329626083374,0.074528098106384277,0.77412718534469604,-1.1724236011505127,-1.0710378885269165,1.9520150423049927,-0.38461029529571533,-1.4762610197067261,-1.2079110145568848,0.99390578269958496,-1.1425155401229858,-1.6064448356628418,-1.5481090545654297,1.2028341293334961,-0.98626339435577393,-1.0152655839920044,-1.2114757299423218,0.99345844984054565,-1.0473963022232056
-0.96666812896728516,-1.0849487781524658,0.85950541496276855,-1.6909365653991699,-0.35919302701950073,-0.58967077732086182,1.5137957334518433,0.03479236364364624,-1.0088558197021484,-1.1956633329391479,1.3782209157943726,-0.48026782274246216,-1.3023741245269775,-1.4226773977279663,1.243815541267395,-1.2197884321212769,-1.2658684253692627,-1.8960326910018921,2.5092372894287109,-1.8583235740661621,-0.86051565408706665,-1.406475305557251,1.1479463577270508,-0.96583390235900879
-0.73463219404220581,-1.1968305110931396,1.5345319509506226,-0.83729279041290283,-0.26720091700553894,-0.53685104846954346,0.81558609008789062,0.62152814865112305,-0.9177250862121582,-1.3619941473007202,0.6757398247718811,-0.94462692737579346,-1.0332310199737549,-1.4831737279891968,1.9022879600524902,-0.051823675632476807,-0.95366460084915161,-2.0461821556091309,2.3869125843048096,-1.0817028284072876,-0.69811046123504639,-1.4634178876876831,1.2590433359146118,-0.60334616899490356
-0.47328281402587891,-1.1518814563751221,1.8937414884567261,0.62085682153701782,-0.075069338083267212,-0.58172982931137085,1.4782841205596924,-0.0053088068962097168,-0.66436612606048584,-1.6370869874954224,1.7621438503265381,-1.8223252296447754,-0.75494658946990967,-1.6601994037628174,2.106804370880127,-0.8015514612197876,-0.67712545394897461,-2.1717126369476318,1.9612777233123779,-0.67523062229156494,-0.45147877931594849,-1.5028140544891357,1.3530400991439819,-0.31007534265518188
-0.26305913925170898,-1.2626335620880127,1.7098073959350586,-0.37016251683235168,-0.004555827472358942,-0.41571235656738281,0.62399405241012573,1.3213952779769897,-0.41968974471092224,-1.6936050653457642,1.7230468988418579,-0.39030659198760986,-0.53308594226837158,-1.6903932094573975,1.5920355319976807,0.040053308010101318,-0.29933586716651917,-2.2246241569519043,2.5946915149688721,-0.10674600303173065,-0.17970500886440277,-1.5897854566574097,1.4194872379302979,-0.17276129126548767
