3.054791209711192335e-01,-7.222431204958953965e-03,3.071719583982276403e-01,-2.052639418812722549e-03,2.918835469577529818e-01,3.512447032735118574e-03,3.052227940398070660e-01,-2.787138944609253433e-04,2.925622726535109241e-01,-6.992281242088657645e-03,2.974159604846516314e-01,2.535299776972036595e-03,3.028773024016132576e-01,4.552322654165982807e-04,2.988682839765466337e-01,-1.145522556430446370e-02,3.010916957403166894e-01,-1.472365487791649392e-02,3.065526234398516237e-01,-3.366712017558703626e-03,3.051617548017074855e-01,-8.909480637402633282e-03,3.094139604878980432e-01,1.862422426443952062e-03
3.102299154651764201e-01,-4.028578914985446457e-03,3.036474127726144223e-01,-1.081873742233004781e-02,2.913449121239238826e-01,-8.481463461589091452e-03,2.978156498686272968e-01,-6.897093008344018158e-03,2.869606140096868652e-01,-9.480882937312267236e-03,2.962097048576377012e-01,3.259640435778151692e-03,3.068917090869665576e-01,-9.361143541811382807e-03,3.052843754931645615e-01,-1.141452781594471354e-02,2.985467902233618909e-01,-2.508280011130594594e-02,3.101351992789999623e-01,-1.673396922572514128e-02,2.989817292384615577e-01,-2.492446563901808132e-02,3.151896964864696615e-01,-1.023553739135784658e-03
3.135174031226861113e-01,-1.084200268713032128e-02,3.047357601537916127e-01,-1.167599837450047397e-02,2.938696492547038797e-01,-1.328009278120172165e-02,2.988618512233687241e-01,-1.684201270709608303e-02,2.773873530422993894e-01,-1.653524463747631928e-02,2.905665911227438558e-01,-4.468758761764100342e-03,3.137725476814936520e-01,-2.090031324360787368e-02,2.962221397706270021e-01,-2.198047342004787186e-02,2.939170093764694180e-01,-2.797985695069521439e-02,3.109411629413110223e-01,-1.740244636248504395e-02,3.017695107322289627e-01,-3.293057328410300966e-02,3.214496331050076261e-01,-1.401643197305138186e-02
3.063468051232068889e-01,-1.326500312469542156e-02,3.034253656977822233e-01,-2.023710728214894727e-02,2.896342891820373744e-01,-1.663304144965087328e-02,2.957612631802946090e-01,-3.121541973320158397e-02,2.694167661919601997e-01,-1.293248835917664048e-02,2.986488297616607390e-01,-6.308652918958230355e-03,3.086719406458118820e-01,-1.798373389699037955e-02,3.013575483815419398e-01,-2.371228107952964154e-02,2.923446422803313016e-01,-3.859853865910058829e-02,3.025209332571313081e-01,-1.572117670547926171e-02,3.002264250632191156e-01,-4.512929847606642064e-02,3.172884369485596268e-01,-1.898919053608263963e-02
3.077634644389676821e-01,-1.648314783782003565e-02,2.947095099749370561e-01,-2.814732769767294002e-02,2.801339118302821896e-01,-2.264789462597852771e-02,2.917341790322862671e-01,-4.450051156633381966e-02,2.612261757792276873e-01,-1.660830590768316503e-02,2.919345160740193235e-01,-3.844403915958900450e-03,3.099334887618799828e-01,-2.736727630715641429e-02,3.027016125895796717e-01,-3.945752368233015894e-02,3.007438557719781524e-01,-4.506257116480469338e-02,3.078612142680274277e-01,-3.024372530470340048e-02,2.990570057104610102e-01,-5.162882279621681947e-02,3.256651822373375915e-01,-2.406502196447272632e-02
3.139596399660984360e-01,-1.482972905663850795e-02,2.869515452009558376e-01,-3.316793769627262439e-02,2.718524687604714773e-01,-2.494655994365247223e-02,2.864688444777397369e-01,-4.751455572390397147e-02,2.654339019468116567e-01,-1.652246299986553923e-02,2.840124469148180841e-01,-1.403700795606329862e-03,3.039904230536344953e-01,-4.304083308354225701e-02,3.030095115037627629e-01,-4.837457293108815559e-02,3.064383992113303146e-01,-4.523123814599409181e-02,3.035991176183876483e-01,-2.757790141221668628e-02,2.938427860173390416e-01,-5.764949909466952904e-02,3.203031836094001883e-01,-2.207406600988656709e-02
3.214788952025361413e-01,-1.336759723666287696e-02,2.866653536547593695e-01,-4.281997334743088690e-02,2.767937862038181707e-01,-2.730549192531474267e-02,2.829917079407358593e-01,-6.173917298864859543e-02,2.700392449137948847e-01,-2.666518419513918062e-02,2.927206359095815280e-01,-1.227346259445872764e-02,2.955847650401933202e-01,-4.283185436633986376e-02,2.951077063776308962e-01,-6.119645178219785403e-02,3.075214302788273346e-01,-4.420290405622984836e-02,2.969762529044347454e-01,-3.765061519166416210e-02,2.982378928002691887e-01,-5.447498424292998576e-02,3.198765260132492849e-01,-3.579345874368183855e-02
3.250967919706606035e-01,-1.830714745668598695e-02,2.798044672210119321e-01,-4.276025716540605287e-02,2.805558189576279338e-01,-2.824732597885514992e-02,2.743780795121091853e-01,-7.539744013217802854e-02,2.780571922500222337e-01,-3.427653717994076643e-02,2.884941404933111242e-01,-1.846578611870434983e-02,2.979854122081381784e-01,-3.994714267493219839e-02,2.896127018796280650e-01,-5.903648206910239171e-02,2.971345620254278730e-01,-4.959251200143924287e-02,2.989027428342231341e-01,-5.173502554263627318e-02,2.899551850566888245e-01,-6.243411600706988418e-02,3.284852950812392480e-01,-4.054722275561666034e-02
3.313192213191816227e-01,-1.904562377559413516e-02,2.736020769170324773e-01,-4.801021128973219365e-02,2.821111888520510536e-01,-2.671878385104511228e-02,2.749322738562401391e-01,-8.318148364257589578e-02,2.748553423745670465e-01,-4.156629281566594919e-02,2.911634452825365149e-01,-1.702223316703670858e-02,2.962644069961655191e-01,-5.125912383348494444e-02,2.831652194981976178e-01,-6.032523406421876067e-02,3.024740870538772941e-01,-6.379710765452736854e-02,2.891992194624739554e-01,-5.621202583023970217e-02,2.816299676204013780e-01,-6.214993846771217634e-02,3.238810441046084398e-01,-5.457078519047448700e-02
3.220462170269549618e-01,-3.237997362040663518e-02,2.637095113437813443e-01,-5.194848031559897578e-02,2.851911037110202440e-01,-3.470082510561736666e-02,2.696284661224296331e-01,-8.919765425189542241e-02,2.815241153629459148e-01,-4.033179127741425701e-02,2.816925018594516605e-01,-2.935137425189467478e-02,2.899741219415837290e-01,-6.258894042453323758e-02,2.833833678517687082e-01,-6.807478751289200436e-02,2.921832272993385993e-01,-7.287057255114327836e-02,2.885500379202218801e-01,-7.036895187558406262e-02,2.870561399268183322e-01,-7.715124407317452970e-02,3.312864657811601665e-01,-6.949172708563783329e-02
3.269785446461094258e-01,-4.641112404654334361e-02,2.633919024564220779e-01,-5.724508157983573126e-02,2.916485300913590484e-01,-4.144073185303479706e-02,2.655463029593987945e-01,-9.243320409091278222e-02,2.760467458874145130e-01,-5.347571472260941039e-02,2.806630198548886734e-01,-3.685550226894933334e-02,2.833737419436705429e-01,-7.151166823449400800e-02,2.793497210980357970e-01,-7.767801668462726017e-02,2.883150974428543289e-01,-7.554499952571655519e-02,2.830801883741358993e-01,-6.767673443886171314e-02,2.938400754361183975e-01,-8.379478517674743276e-02,3.264638553395411980e-01,-7.595715085796141131e-02
3.307481854113843434e-01,-5.929829704983689137e-02,2.661429634011953649e-01,-5.563288449021506349e-02,2.834617722003292539e-01,-4.534379314065062339e-02,2.555995538421791946e-01,-9.388053724729035487e-02,2.666670959694327214e-01,-5.067894350481091936e-02,2.726740684102657575e-01,-3.356468194429529373e-02,2.879611921006826059e-01,-7.583839158951316550e-02,2.834486428569342187e-01,-7.792265544381295206e-02,2.957247387086865964e-01,-8.681195689488047096e-02,2.835281715925248580e-01,-8.191938746213373035e-02,2.944874937330658748e-01,-9.683637492420169024e-02,3.262437245518308160e-01,-8.161282069746844670e-02
3.381869441841896529e-01,-7.401018985225038538e-02,2.573723770293933066e-01,-6.953317782308671147e-02,2.857121620383267779e-01,-5.301964674184865556e-02,2.592083714200702493e-01,-9.623094802134278536e-02,2.623262722659012725e-01,-4.842661581400497378e-02,2.772534177127928823e-01,-4.384673721763522602e-02,2.837282646243334261e-01,-8.588501347769898764e-02,2.750424227205579553e-01,-9.119246904631685136e-02,3.027110488383038533e-01,-9.462660343058293400e-02,2.795561802988303923e-01,-8.357575309826628662e-02,2.936106275396397902e-01,-9.469003571515986761e-02,3.302174980160693107e-01,-8.916096657800301473e-02
3.394482180669687876e-01,-8.894864409577601938e-02,2.577468734723160071e-01,-7.136896180975658976e-02,2.748978228212619057e-01,-6.009190693464416810e-02,2.637917426835698076e-01,-1.061964355617761452e-01,2.605287015855922150e-01,-5.517580255101019876e-02,2.724150307972900142e-01,-4.135523005858510875e-02,2.876364450634097403e-01,-9.999474021084546471e-02,2.831592664963830663e-01,-8.974731383185258204e-02,2.964966855269729473e-01,-9.468136103863211694e-02,2.700130558742926956e-01,-7.976392613441606050e-02,2.950305215474673393e-01,-9.822941211402944073e-02,3.202430932241919215e-01,-8.848879425797906428e-02
3.407946259716030379e-01,-1.057448569432985624e-01,2.464280909186948865e-01,-8.592491004815380751e-02,2.758144882355235694e-01,-6.003289086622514564e-02,2.564388703848820561e-01,-1.052667036501745285e-01,2.505698243376371925e-01,-5.476339600900037574e-02,2.801438347995639511e-01,-4.166431769174789440e-02,2.895989659387655513e-01,-9.974133695524059484e-02,2.721673462106873331e-01,-1.020174539392486174e-01,2.871015318923131887e-01,-1.012513591591965717e-01,2.733215399181812555e-01,-8.310403785349779193e-02,3.000885553004254414e-01,-1.117430014185233078e-01,3.231657391777355559e-01,-1.016741439074383274e-01
3.295267398643403900e-01,-1.057375390247253938e-01,2.489011584197442506e-01,-9.791281772472767986e-02,2.664482505346830732e-01,-7.237100583508340734e-02,2.639340799029624152e-01,-1.119975158055709213e-01,2.551561753842853664e-01,-5.742178310283918563e-02,2.807588114449017236e-01,-5.469186400069390996e-02,2.965246282708225989e-01,-1.102643605688821277e-01,2.716873414480531768e-01,-1.041886002020677576e-01,2.880611678140354570e-01,-9.895345965321925008e-02,2.646282389595124296e-01,-8.897803310447324754e-02,2.959343830868702563e-01,-1.190785293116125992e-01,3.135166068235417103e-01,-1.161894603374810375e-01
3.255876512724198424e-01,-1.188261847996888582e-01,2.487090270334298414e-01,-1.071866255430543036e-01,2.557220271035286485e-01,-7.988989562652923371e-02,2.611767830886544406e-01,-1.236041688504064956e-01,2.554568983846708941e-01,-6.160455491444962600e-02,2.837050177870952816e-01,-5.776095340413710949e-02,2.973680021898655879e-01,-1.207157264983192285e-01,2.753522138837308786e-01,-1.093702324191925535e-01,2.847104625245688858e-01,-1.029601791629538854e-01,2.600618249864280473e-01,-9.462305047912611400e-02,2.982869262702824154e-01,-1.181520829193107580e-01,3.196139615626958919e-01,-1.232268571721613082e-01
3.146523105178849478e-01,-1.194307638347954920e-01,2.376766528607063278e-01,-1.172691374993499736e-01,2.508068300010289908e-01,-9.214333027167925794e-02,2.549825671076861311e-01,-1.249064095712716232e-01,2.445184641575833262e-01,-6.059693119474113959e-02,2.896807591905036783e-01,-6.642930230114468815e-02,2.880259456411118912e-01,-1.255622860277839647e-01,2.655582603526449037e-01,-1.183561387030089840e-01,2.918198425593292455e-01,-9.953601962517059920e-02,2.636114618039372415e-01,-1.042479709605715482e-01,2.996771855952180541e-01,-1.208877081263278613e-01,3.149062583225256673e-01,-1.277018278862981360e-01
3.220463552948611419e-01,-1.255419943343760447e-01,2.421126647283536049e-01,-1.130112880871344261e-01,2.417958811669708996e-01,-9.889428616780726600e-02,2.503358932330991271e-01,-1.393539989266842638e-01,2.484131289895833983e-01,-6.721188460825766597e-02,2.877387118282888068e-01,-7.974311424715350982e-02,2.791332329651735611e-01,-1.241227115388339325e-01,2.540841193580702928e-01,-1.298416051276949645e-01,2.856703087731163881e-01,-1.063514127880515053e-01,2.632554058450217171e-01,-1.103661559744441995e-01,2.889417381238291727e-01,-1.329089891391697642e-01,3.192239894600505390e-01,-1.321839673006053595e-01
3.163046450741200943e-01,-1.260762724320728945e-01,2.395038891383567958e-01,-1.132524665343267872e-01,2.468583057812381298e-01,-1.043704165949408680e-01,2.557398581319924036e-01,-1.436736683908253487e-01,2.540743772740926554e-01,-7.583159733606149866e-02,2.861201887139754874e-01,-8.550272590478548429e-02,2.687503730523182477e-01,-1.326663828633981024e-01,2.598340407065499180e-01,-1.332216809624492404e-01,2.770934121660946770e-01,-1.161230860410785853e-01,2.548801429187868006e-01,-1.259084394614428115e-01,2.948327675111263035e-01,-1.406935835995696549e-01,3.127310115624541420e-01,-1.375760743296412514e-01
3.133332370980332904e-01,-1.281617885736379414e-01,2.453053972469513289e-01,-1.143985187362392686e-01,2.540351219203269006e-01,-1.044500336430033427e-01,2.602024135294144225e-01,-1.575911471422883070e-01,2.572060153872471888e-01,-8.264509064180139419e-02,2.854722102441052956e-01,-8.882052164103873548e-02,2.754933477291616750e-01,-1.293260497682414134e-01,2.529341719970590319e-01,-1.347109352323019871e-01,2.797706212039784979e-01,-1.256322262376445564e-01,2.448393696268423847e-01,-1.410667687226317413e-01,2.975657583897184932e-01,-1.478460073131117880e-01,3.196902934657598894e-01,-1.455385183670691585e-01
3.192640346709583188e-01,-1.289630955403698320e-01,2.337568414162500274e-01,-1.226339392333433420e-01,2.429200906937438731e-01,-1.181293284646060676e-01,2.605567031599183569e-01,-1.597145663114099834e-01,2.610275272294437232e-01,-8.106623907620148783e-02,2.884844291808146832e-01,-8.920343624554404049e-02,2.638861009302624350e-01,-1.411138791814995075e-01,2.526779087599179130e-01,-1.335664586306292978e-01,2.673479791780187798e-01,-1.319232098467175429e-01,2.455637822396776748e-01,-1.563446353762403818e-01,2.926359493945239754e-01,-1.469932661175622768e-01,3.202117792755356795e-01,-1.582529522216863938e-01
3.121812737752522882e-01,-1.286283280279596208e-01,2.250560362703729889e-01,-1.364456373426566338e-01,2.373960428953649782e-01,-1.195157419357030792e-01,2.635110439532157844e-01,-1.561589713781202926e-01,2.553334435881429720e-01,-8.870530660735923001e-02,2.794367860164963524e-01,-9.418197854652951562e-02,2.710154240918907775e-01,-1.434108891882824588e-01,2.519108363955727681e-01,-1.417470667467253531e-01,2.730154901867954953e-01,-1.383482438236542100e-01,2.351242277984141038e-01,-1.650548198587381832e-01,2.810394174491280816e-01,-1.599011437317021112e-01,3.074000958511002302e-01,-1.667563241989698242e-01
3.052995247169295601e-01,-1.279526645679574248e-01,2.170290658611330470e-01,-1.453767153005339208e-01,2.431870243451098867e-01,-1.245612883532201537e-01,2.652342235140129345e-01,-1.608111137253152856e-01,2.566281216361857020e-01,-9.845540590037239748e-02,2.723805876780990287e-01,-1.040480143201039792e-01,2.612560375897935439e-01,-1.424186131992490056e-01,2.447408337256405386e-01,-1.465773017831619174e-01,2.760880138131499018e-01,-1.392153562954683288e-01,2.305908565729231918e-01,-1.713957920134791257e-01,2.877354295531945327e-01,-1.632277102287205961e-01,3.103577382294784859e-01,-1.660828159563928208e-01
3.029951127115726450e-01,-1.364106292760919881e-01,2.048383865834856321e-01,-1.415156116511458451e-01,2.327558522606486546e-01,-1.395451156743608701e-01,2.569393334696054021e-01,-1.760318282710534588e-01,2.537613703664134968e-01,-1.039776243839224124e-01,2.665510263722686290e-01,-1.192739219894045355e-01,2.506396726907930694e-01,-1.510206200132987731e-01,2.330198567065080439e-01,-1.485628423892537409e-01,2.674441175177367791e-01,-1.498013593145801903e-01,2.250454562762155553e-01,-1.788710332367564881e-01,2.745040895021161331e-01,-1.779732441784939723e-01,3.142913731851681991e-01,-1.834936731873434146e-01
2.954738709943557917e-01,-1.470986816551557164e-01,1.968577314110293852e-01,-1.469736595112856870e-01,2.336301171003376809e-01,-1.506947909469058267e-01,2.500334117452816529e-01,-1.739055687571922915e-01,2.426532036756742228e-01,-1.105997480882831147e-01,2.683967087644160698e-01,-1.325109598991738025e-01,2.385667406906367138e-01,-1.644032822373227842e-01,2.384250637293366393e-01,-1.641099689261240613e-01,2.582145298276722345e-01,-1.657140872406326626e-01,2.136806249627244969e-01,-1.822355955588039200e-01,2.657774027933279548e-01,-1.834052564387384232e-01,3.124254073767438467e-01,-1.841648242478241826e-01
2.876171670363358301e-01,-1.457880001356414990e-01,1.930074068267768062e-01,-1.498371604813285296e-01,2.403092119537524329e-01,-1.592967961064388760e-01,2.528184872865400501e-01,-1.838663066604148411e-01,2.464254791587383864e-01,-1.142377106399989212e-01,2.600736034709406064e-01,-1.406376680340332697e-01,2.316313877331614979e-01,-1.788231322510126509e-01,2.257395597528080999e-01,-1.731672130676675525e-01,2.452809310392093378e-01,-1.788702672004639505e-01,2.145395794685658053e-01,-1.836420712687193979e-01,2.668809053937008513e-01,-1.937467893987832590e-01,3.165425000341413053e-01,-1.899298294792840236e-01
2.747815591282897763e-01,-1.623442549604927343e-01,1.998723552557603866e-01,-1.530166639513853011e-01,2.296614755419938980e-01,-1.573925100187279491e-01,2.567487671558856266e-01,-1.895944831430596833e-01,2.465765655431535475e-01,-1.245408397937223938e-01,2.482712440377000673e-01,-1.450388796910797029e-01,2.239500289521964838e-01,-1.815146184198538626e-01,2.290011190283067488e-01,-1.886081033677054208e-01,2.436178011889146289e-01,-1.905454292919040449e-01,2.183445080012674511e-01,-1.941780063309903603e-01,2.652213722704335752e-01,-1.994558471833725033e-01,3.106672334457405982e-01,-1.941540433050798209e-01
2.617840715879041769e-01,-1.631590302853975216e-01,1.972166233176525507e-01,-1.599254145860054543e-01,2.183950646034072685e-01,-1.553880404252142577e-01,2.508570222938355521e-01,-1.925318574407620109e-01,2.370732318746421041e-01,-1.211652616848664238e-01,2.389393016803150749e-01,-1.571282716847168803e-01,2.274993937949536804e-01,-1.790918798432644399e-01,2.194719051114186470e-01,-1.952122800659247814e-01,2.444767906943331459e-01,-1.893242536386778307e-01,2.120420017753937569e-01,-1.996117222054474838e-01,2.660665835371608390e-01,-2.016223912902092574e-01,3.124433551801606979e-01,-2.004533666145910387e-01
2.633928982843492528e-01,-1.791616387507901642e-01,2.036026077000780421e-01,-1.674707492524778463e-01,2.196735544687194730e-01,-1.531770491481932173e-01,2.448989829080219782e-01,-2.026559216458868606e-01,2.368247492189097247e-01,-1.251861315757654136e-01,2.339795357991166780e-01,-1.610701286265532883e-01,2.326251835894183051e-01,-1.856442326085079308e-01,2.095025031251127878e-01,-2.035110406253171911e-01,2.385724452734219736e-01,-2.030731236747853052e-01,2.013071973423758987e-01,-2.015999559445986189e-01,2.588236907955346888e-01,-1.993521969701214924e-01,3.033062227550409884e-01,-2.162678591796609040e-01
2.591779983342688554e-01,-1.905944341123237684e-01,1.911566550548169929e-01,-1.731213406678142608e-01,2.257966604384678000e-01,-1.556772638639609130e-01,2.407559956076766317e-01,-2.168973717177427318e-01,2.293697523983861675e-01,-1.349672381241993069e-01,2.360542042787303063e-01,-1.594320294576673236e-01,2.369451360085769176e-01,-1.820319179813842114e-01,2.150796159746970748e-01,-2.001455448236787171e-01,2.259474256099839595e-01,-2.166871558433344502e-01,1.933645287530045831e-01,-2.060207946755665820e-01,2.467762046302418577e-01,-1.991137468116368769e-01,3.013159891529939571e-01,-2.231420704049530135e-01
2.512867669102228918e-01,-1.998011574051779815e-01,1.857913275299913902e-01,-1.729758756799517905e-01,2.281301749146799340e-01,-1.672585287423817568e-01,2.452488253080837566e-01,-2.309603324744620156e-01,2.345928492843747937e-01,-1.485515819360392342e-01,2.281563599126031627e-01,-1.584337221316383382e-01,2.268943390958709783e-01,-1.898967153308738220e-01,2.100738910771060286e-01,-2.110363200633513792e-01,2.258185865198369946e-01,-2.158678604047399585e-01,1.967356156566046899e-01,-2.146021894425540200e-01,2.434109375797653962e-01,-2.105759188723856368e-01,2.917490777758978138e-01,-2.376630483551031292e-01
2.480221040336610949e-01,-2.076581418218134967e-01,1.749669066742337020e-01,-1.854066310640610504e-01,2.338299986567459743e-01,-1.734741678869288484e-01,2.496937291566982964e-01,-2.443580961689811315e-01,2.327101486864526780e-01,-1.602078841532674491e-01,2.200513775925024285e-01,-1.735920745125395237e-01,2.154754710040577281e-01,-1.875541574651818366e-01,2.022838245054856265e-01,-2.146564330458753944e-01,2.208015119515276681e-01,-2.240589139956403464e-01,1.930812936946749714e-01,-2.263667328316393557e-01,2.489714971727092219e-01,-2.106611136761874226e-01,2.918281094634260775e-01,-2.459511144857380871e-01
2.463231160969889810e-01,-2.091901338689975687e-01,1.771314817302000189e-01,-1.959728042888920219e-01,2.388361816208710020e-01,-1.807458888675427255e-01,2.475868402186019723e-01,-2.611716275082886507e-01,2.393733609716109101e-01,-1.704520904724474983e-01,2.078207982330547432e-01,-1.801412687163621851e-01,2.043049889983949152e-01,-2.002565170477268175e-01,2.006363521051723331e-01,-2.224588360591040481e-01,2.247573826747147618e-01,-2.338431346547975576e-01,1.930775616057202049e-01,-2.326661812299783694e-01,2.479573009217710400e-01,-2.152404933085555472e-01,2.863647666288913207e-01,-2.446731575679822468e-01
2.499890672133555647e-01,-2.107253538465492515e-01,1.830481799743747251e-01,-2.002748537369168913e-01,2.384211782195431728e-01,-1.908894461300086332e-01,2.513141196617560413e-01,-2.707749147140272594e-01,2.407345334158945138e-01,-1.784855747158395900e-01,2.054543514599874998e-01,-1.812528857090187906e-01,2.004785416924674546e-01,-1.977362247506403159e-01,1.945731951425464512e-01,-2.252103676122695353e-01,2.169277686476198952e-01,-2.420071925367204557e-01,1.872252401457916715e-01,-2.457169735874948358e-01,2.354869646367800662e-01,-2.184823683387745463e-01,2.845816582443927434e-01,-2.490175780463236010e-01
2.491315433133843016e-01,-2.247506767867678001e-01,1.745457334116706505e-01,-2.125889280628467382e-01,2.302738046289275753e-01,-1.936459260106669633e-01,2.541051595711805722e-01,-2.838036062734323184e-01,2.380064026205921113e-01,-1.806422781916001141e-01,2.108877431155184445e-01,-1.845192741582041274e-01,1.916259558180022637e-01,-2.007554730267336052e-01,1.864788110238613794e-01,-2.212844772972449581e-01,2.100811475001582163e-01,-2.445342018054568467e-01,1.727754523209769355e-01,-2.532791154956814950e-01,2.386194695364547980e-01,-2.226376587572453103e-01,2.784801644113857888e-01,-2.479049521961430025e-01
2.395206297929667050e-01,-2.232115176014552727e-01,1.787714448403838474e-01,-2.107319683226251406e-01,2.359649747240054607e-01,-1.948504895221495059e-01,2.537224320169519376e-01,-2.857976662861563266e-01,2.340057096756062438e-01,-1.876476576678357266e-01,2.020018831553344330e-01,-1.872432925039211327e-01,1.833972490795142685e-01,-2.109647783488277917e-01,1.837723489598375726e-01,-2.284943719048041222e-01,1.995675956399416973e-01,-2.443455477136039777e-01,1.749212683969508242e-01,-2.652432315578903133e-01,2.243168570173098841e-01,-2.323931187970824375e-01,2.794722820810779940e-01,-2.485897244770881032e-01
2.281356710924901110e-01,-2.312499678258529423e-01,1.769501759933285734e-01,-2.071634159522199869e-01,2.416843878442231364e-01,-2.096884228987795362e-01,2.407664290381869021e-01,-2.872340249945793400e-01,2.256653995676667357e-01,-1.860620563441984787e-01,2.015260824498377457e-01,-2.004698579249075407e-01,1.858285392110178569e-01,-2.227175685783691628e-01,1.776723694153345690e-01,-2.328769209408708407e-01,1.946960076672751838e-01,-2.465309944284308219e-01,1.726701384631781078e-01,-2.608837946194526025e-01,2.296574328258519926e-01,-2.383101044457244244e-01,2.664044693307535128e-01,-2.515508006934106255e-01
2.205774256373424225e-01,-2.318300353217507548e-01,1.794493091799238826e-01,-2.057672988065029906e-01,2.358239393470451528e-01,-2.197363711049990231e-01,2.399981641316364378e-01,-2.882004160257207181e-01,2.217693073686100858e-01,-1.841364771911629949e-01,1.903948592129107442e-01,-1.984491879933689418e-01,1.732960924988881102e-01,-2.350763005937738792e-01,1.736916312619963543e-01,-2.468590236015942296e-01,1.808215298067087917e-01,-2.623510760744026116e-01,1.661787957646743141e-01,-2.607905510021612527e-01,2.155879977425358140e-01,-2.416842694313827422e-01,2.678359996652089903e-01,-2.654634721669578146e-01
2.138304552896825028e-01,-2.332439061259095059e-01,1.704830023902730862e-01,-2.058053333069867763e-01,2.315127840127614578e-01,-2.211598600391511404e-01,2.335277485682686338e-01,-2.978374981936944832e-01,2.124703621543594656e-01,-1.958180648683790492e-01,1.914556916644712947e-01,-2.113946454535828579e-01,1.603142134892315274e-01,-2.468230336241203360e-01,1.622613810190429162e-01,-2.457792621096636376e-01,1.735446407547049652e-01,-2.582116952249021158e-01,1.537072099004433423e-01,-2.630079882088751098e-01,2.097289024979331618e-01,-2.499784368387519273e-01,2.700284142029514833e-01,-2.633791470352508934e-01
2.104939901833571825e-01,-2.382701228508576352e-01,1.729378342209090536e-01,-2.064985503945586109e-01,2.176211421119242651e-01,-2.365343965651456326e-01,2.296021676535150713e-01,-3.050600429465998298e-01,2.037576939638517104e-01,-2.031901326232104510e-01,1.923860051300568530e-01,-2.103308237225072208e-01,1.566022141745500029e-01,-2.542126758066895476e-01,1.527597310067518033e-01,-2.504912498220071559e-01,1.646753992214945450e-01,-2.624352855250042249e-01,1.519800977864585734e-01,-2.767390425538721055e-01,1.947506830616130558e-01,-2.618350569502665981e-01,2.726510612166220815e-01,-2.679237956517660502e-01
2.000321532189144047e-01,-2.425616785722495561e-01,1.627175934046579675e-01,-2.078871090000108945e-01,2.071722999673557553e-01,-2.507390412632467536e-01,2.176406699873998651e-01,-3.135470562755316437e-01,1.932166572948491035e-01,-2.161150072006529366e-01,1.953850263799855325e-01,-2.194153796985411908e-01,1.487331343887813018e-01,-2.681911969900184212e-01,1.448972984803527375e-01,-2.601917099634486474e-01,1.616363948578302123e-01,-2.736881470763178337e-01,1.542126259966379309e-01,-2.732926217081145803e-01,1.815106030661435277e-01,-2.755621154672562856e-01,2.595991140658064911e-01,-2.731095429227564653e-01
1.860644217063526507e-01,-2.503776186840576679e-01,1.550385846034104675e-01,-2.037058446583096816e-01,2.036947383120426835e-01,-2.507124721372527842e-01,2.047765527350595971e-01,-3.107516402059259941e-01,1.888671480883623577e-01,-2.217436812834895632e-01,2.004144133569294717e-01,-2.274455663019267770e-01,1.413198109400807811e-01,-2.715260567119013313e-01,1.322545164920395089e-01,-2.686851998799041907e-01,1.500267983652064652e-01,-2.870116697112265469e-01,1.560696656890960543e-01,-2.766898755909945606e-01,1.731728165873566150e-01,-2.831000167971020609e-01,2.527673032810984766e-01,-2.778138308452848260e-01
1.802932275616664637e-01,-2.528218383036243688e-01,1.520524481778395554e-01,-2.119030984246068894e-01,1.955951049845502665e-01,-2.591845656832846290e-01,1.904543152959288499e-01,-3.239246758795656378e-01,1.888945505056002783e-01,-2.294223045997788868e-01,1.901562814820937919e-01,-2.320175282412252071e-01,1.410000806553113051e-01,-2.812828030268028079e-01,1.334166101329163079e-01,-2.648652399046115269e-01,1.462344555524587586e-01,-2.888893947092766590e-01,1.415873879837372673e-01,-2.730494134838760134e-01,1.653605109367134451e-01,-2.802198552229801520e-01,2.487905771591976400e-01,-2.950036098332316503e-01
1.751651404443801407e-01,-2.590291270826599601e-01,1.379238483860399656e-01,-2.107954009822656238e-01,1.870257350058066870e-01,-2.575640294449598744e-01,1.814370335294986092e-01,-3.289260229953813175e-01,1.797129401775912627e-01,-2.417554978836916335e-01,1.910140889848958579e-01,-2.377282855136529927e-01,1.361041830698202504e-01,-2.769584377457467994e-01,1.373909035792671429e-01,-2.624815334836037017e-01,1.342088535135738947e-01,-2.922077879259110111e-01,1.436893482071704975e-01,-2.805040670844446415e-01,1.517782371509655559e-01,-2.794286104206741284e-01,2.425257759897764265e-01,-3.010574459431939465e-01
1.758795690710783788e-01,-2.577566244350146807e-01,1.293958830578628427e-01,-2.190458859439790573e-01,1.893611395436037570e-01,-2.728682659722346249e-01,1.752676619449355377e-01,-3.358221685771451415e-01,1.786803656114866190e-01,-2.539404781078176132e-01,1.896261380905258920e-01,-2.459125337140226075e-01,1.329393098782981342e-01,-2.909970482879322695e-01,1.313758168532852544e-01,-2.668490173558044631e-01,1.226512258121554150e-01,-3.043823856595915811e-01,1.318487529257276469e-01,-2.886941249229730833e-01,1.381258679286515023e-01,-2.756190527271785706e-01,2.346045083008289067e-01,-3.021534745687319834e-01
1.693459637351368563e-01,-2.725422630689625647e-01,1.257069803647687667e-01,-2.133795214161415821e-01,1.930779247435977508e-01,-2.880262337491840685e-01,1.726671586459823937e-01,-3.458787673426000908e-01,1.816613391174530245e-01,-2.685709214649518728e-01,1.934253694564670445e-01,-2.449197341452509225e-01,1.194694565575915302e-01,-3.046910587892518452e-01,1.327329897927078950e-01,-2.784664878406256094e-01,1.172615411584810030e-01,-3.009010186045681379e-01,1.274238326982546632e-01,-2.956587578778991365e-01,1.315138079711877794e-01,-2.891919098202175853e-01,2.379364852366862293e-01,-3.130718699430851126e-01
1.704955020569381696e-01,-2.685040902457020984e-01,1.282824830467833577e-01,-2.085950652378061043e-01,1.798561052044324871e-01,-2.882781136855315229e-01,1.666630971807513406e-01,-3.511173277143230242e-01,1.842683522145642794e-01,-2.648429648635791112e-01,1.926237412344256605e-01,-2.511012453733189598e-01,1.125037125398433979e-01,-3.116691370755798607e-01,1.243956406273486331e-01,-2.855082294029570589e-01,1.030385854914135507e-01,-3.140460023715221372e-01,1.271080544181429073e-01,-3.016187145574065198e-01,1.343436595456758420e-01,-2.917489537518745957e-01,2.223785674815129121e-01,-3.272179275465519344e-01
1.598526289596950145e-01,-2.830075695337616049e-01,1.171826183927824061e-01,-2.214416574223543877e-01,1.679930277525685800e-01,-2.928002307677459726e-01,1.678897265523777160e-01,-3.564063296120027480e-01,1.814912840512743208e-01,-2.765470388870764906e-01,1.936133887404362930e-01,-2.546206927131867137e-01,1.135530663821862907e-01,-3.073121317431689592e-01,1.156434915544213293e-01,-2.984665315994601831e-01,9.127624460231875680e-02,-3.197902105768527514e-01,1.299895531634842338e-01,-3.089854780590208239e-01,1.339241447439457611e-01,-2.958373610348234983e-01,2.094903843392013909e-01,-3.378790246682737419e-01
1.629258714063223090e-01,-2.946457901144985958e-01,1.049000325009857293e-01,-2.254860823020810034e-01,1.625280150994075357e-01,-2.983234421216015564e-01,1.594949497469144717e-01,-3.526250039761993360e-01,1.756859555269444373e-01,-2.827589150632233150e-01,1.869562961404637735e-01,-2.692092353784895087e-01,1.092659563703152342e-01,-3.173684833369428970e-01,1.124263405270131272e-01,-3.121449899770664671e-01,9.450818241584173218e-02,-3.247095607371434101e-01,1.317449510341177910e-01,-3.145389400762565457e-01,1.192140138947337391e-01,-2.943241919023495412e-01,2.056964784391785983e-01,-3.391433017271640038e-01
1.604700393763136834e-01,-2.910024192434442214e-01,9.780855728577750319e-02,-2.307508324175946701e-01,1.628040054807166626e-01,-3.038429621549790238e-01,1.571739115297051403e-01,-3.593507272413294373e-01,1.643406800619339747e-01,-2.835657292171264721e-01,1.741952148165881731e-01,-2.811440459702789774e-01,1.054550863592605414e-01,-3.170361909797251299e-01,1.140771984648280973e-01,-3.214284619939730692e-01,8.022847637310995261e-02,-3.199981108363173510e-01,1.185426339930355233e-01,-3.257429037332126298e-01,1.091541191278560669e-01,-2.983427617944117705e-01,2.065701237253168843e-01,-3.407739142769334872e-01
1.508166550705016817e-01,-3.039509288428272060e-01,9.419833447559075590e-02,-2.303071295135555863e-01,1.481257788671543063e-01,-3.099135222565062020e-01,1.556311208902344534e-01,-3.603253936847372052e-01,1.649708274019665299e-01,-2.900923001963326420e-01,1.749834755499798111e-01,-2.920723876548829701e-01,9.633057376801634764e-02,-3.280489029600490158e-01,1.069983200135200818e-01,-3.284492404951068756e-01,6.864705648466985777e-02,-3.190384105658631286e-01,1.083047113606041972e-01,-3.352746960703326673e-01,9.580507050897774102e-02,-3.040009105866189332e-01,1.958139380165242749e-01,-3.502732374293128226e-01
1.547142292403183017e-01,-3.070848521937780684e-01,9.738778121611701977e-02,-2.257344938207525298e-01,1.477565381781766329e-01,-3.161287411812582215e-01,1.400476930250176832e-01,-3.759328541158518666e-01,1.587129940636983483e-01,-2.957623317703058086e-01,1.672892755541415810e-01,-2.965624105693504542e-01,9.081284977490390597e-02,-3.257539709435601227e-01,9.260247726886319808e-02,-3.387321841288236657e-01,6.812638785254519769e-02,-3.159168851774873388e-01,1.114957017116148946e-01,-3.326854428966629640e-01,9.752303243869198113e-02,-3.119272294704171222e-01,1.868417059481255471e-01,-3.616675616536631499e-01
1.424762427928158437e-01,-3.214433034020336422e-01,1.018589617998871127e-01,-2.313057104068800829e-01,1.481163811945936382e-01,-3.179891762548949230e-01,1.263674591709223749e-01,-3.881466652913391768e-01,1.590375114585031169e-01,-3.059589435267489055e-01,1.696237310167940660e-01,-3.094982439211703684e-01,8.785194264512208306e-02,-3.237870242573075430e-01,8.053296135459961369e-02,-3.477729719742723713e-01,7.109842787177948764e-02,-3.244352206262460236e-01,1.034411338516825901e-01,-3.389507849146051743e-01,8.634518284787731646e-02,-3.107302616085712010e-01,1.850453415796353973e-01,-3.707518161268630319e-01
1.302073381989443945e-01,-3.264319289629185605e-01,1.034316623206469193e-01,-2.433064216911867694e-01,1.396612907446736496e-01,-3.185660980690070976e-01,1.160353900332228294e-01,-3.998984547241666299e-01,1.468282491358998687e-01,-3.133465646133057336e-01,1.630221076344884890e-01,-3.081515345564282971e-01,8.422125053133580619e-02,-3.242318755945515774e-01,8.323724534583230861e-02,-3.539130177094636509e-01,6.267681152423713875e-02,-3.199308342295700824e-01,9.157962989349166527e-02,-3.391553332298363199e-01,8.522204038006858662e-02,-3.228529181273938065e-01,1.769949333709698314e-01,-3.834471957062048353e-01
1.189993170721193316e-01,-3.361005568783138053e-01,9.366010088917252341e-02,-2.545369157371917823e-01,1.421659361453677106e-01,-3.258770424767724605e-01,1.025312104296569743e-01,-3.983874358528936566e-01,1.385452238967895822e-01,-3.280481225489391139e-01,1.500979083483525434e-01,-3.111216609008660150e-01,8.339471850287925869e-02,-3.341952522065333442e-01,8.450689677696587854e-02,-3.513890842675765902e-01,6.324580992086735465e-02,-3.291310764596738769e-01,7.580724300189609077e-02,-3.363642026105562177e-01,7.488098659229205922e-02,-3.246449656545504214e-01,1.745253271308603304e-01,-3.975312686215476954e-01
1.171727244908881416e-01,-3.346909662808756902e-01,9.355641980840880001e-02,-2.625976076890893518e-01,1.280052733139488697e-01,-3.365960567060641284e-01,9.462096045220616536e-02,-4.034104675046746302e-01,1.336371484321015601e-01,-3.355154620954450273e-01,1.496133027593357645e-01,-3.083716981921921785e-01,7.164531452833802772e-02,-3.337198351062682367e-01,8.103855214251523553e-02,-3.554308228328878494e-01,5.043379306915708044e-02,-3.270800412982288186e-01,7.829248466226161607e-02,-3.361325581604907575e-01,7.674528721171573753e-02,-3.189409065200077276e-01,1.636157152432141382e-01,-4.014958570803016102e-01
1.162347621780480816e-01,-3.419966975832257616e-01,9.790403845243017544e-02,-2.588224673376370855e-01,1.172997593330798866e-01,-3.364687795680300630e-01,8.328988197877805477e-02,-4.063016188701351616e-01,1.300964545580584886e-01,-3.342555251498107727e-01,1.339348856131322152e-01,-3.194665030694192609e-01,6.920927403798422806e-02,-3.364509701047321277e-01,7.384203724988033790e-02,-3.688121657050790203e-01,4.085770991242163030e-02,-3.233382337998583766e-01,6.218769023977244181e-02,-3.424716663314597564e-01,7.926943483473103402e-02,-3.319062791150217961e-01,1.605799131225008336e-01,-4.128752146556965985e-01
1.043088230862831839e-01,-3.523794614492762878e-01,8.327123177562914536e-02,-2.536232485988168528e-01,1.147707213428117573e-01,-3.388116870891322852e-01,8.004374405527517333e-02,-4.104822058576740873e-01,1.229340204768704786e-01,-3.405385633291705960e-01,1.303543397938166370e-01,-3.306929512051504649e-01,7.024142853618697835e-02,-3.342094649515870985e-01,6.345706616481942841e-02,-3.716888469112028526e-01,2.721149123542475345e-02,-3.172365364783626962e-01,6.339611066574891984e-02,-3.380108960230960857e-01,6.927457020649963049e-02,-3.426833105179533656e-01,1.465578520987131095e-01,-4.276302715436715585e-01
9.886603819215651623e-02,-3.517444460332843081e-01,8.081700695910591647e-02,-2.496075515478921869e-01,1.107638381563239294e-01,-3.434056161379232530e-01,7.608909381334769129e-02,-4.163204264169858559e-01,1.130445256683817595e-01,-3.463628012963348990e-01,1.171347628716848388e-01,-3.300367264964620406e-01,5.877131486387413006e-02,-3.451508182292015725e-01,5.095033406225990547e-02,-3.691075834559534585e-01,1.747078641781212721e-02,-3.165233517893566995e-01,6.376408535840177860e-02,-3.504474503188940715e-01,6.772139209970141904e-02,-3.505723980516354810e-01,1.323376939515205353e-01,-4.302504927570875992e-01
9.403785704729442085e-02,-3.540218673575791786e-01,6.852645177249855335e-02,-2.492889045739319354e-01,1.073907329611699241e-01,-3.447472920357265713e-01,5.924409633978210132e-02,-4.221450822160523475e-01,1.042979722833696499e-01,-3.596578202004497848e-01,1.049813868996918170e-01,-3.362266903247984606e-01,5.672642469645174101e-02,-3.542861296717582098e-01,5.016318059563906750e-02,-3.721814782179920789e-01,1.634875308571734354e-02,-3.198732889234313093e-01,5.673902086046836435e-02,-3.521628608750335121e-01,6.926935630198519100e-02,-3.548216321302239407e-01,1.243058348585446005e-01,-4.343371185372395527e-01
8.632383039402946601e-02,-3.494609978353936941e-01,6.255220295303753897e-02,-2.589623155176026259e-01,9.483410957657116558e-02,-3.578045380537964726e-01,4.081255728063994809e-02,-4.279631576969292750e-01,1.024896675053250800e-01,-3.599647847580650928e-01,8.889983484925284563e-02,-3.396357672091225299e-01,4.272636461128609398e-02,-3.493826093670837074e-01,3.606685102416280764e-02,-3.736491681900243611e-01,6.476054550529852794e-03,-3.198531351116795651e-01,4.794093557224919644e-02,-3.509408732758121374e-01,5.678650616593787503e-02,-3.508736289465533842e-01,1.156232854740668475e-01,-4.352076828740409353e-01
8.098350526810914329e-02,-3.440863512173651939e-01,6.717851838454057256e-02,-2.616854338428903359e-01,9.045856302078870981e-02,-3.554248057898713453e-01,4.091196329577146545e-02,-4.380045001495574408e-01,9.586120638901284019e-02,-3.582825732951284148e-01,7.817116103776222680e-02,-3.453457792092028966e-01,4.545113445418458298e-02,-3.432866471415071397e-01,3.671600387566595347e-02,-3.714097745466126144e-01,-4.538398137247623768e-03,-3.260533168094564282e-01,4.186777493083045087e-02,-3.535178381598784170e-01,4.987908997414814555e-02,-3.520238995764318757e-01,1.050855922692457978e-01,-4.360599176932979937e-01
6.865913397481851477e-02,-3.432435399823426381e-01,6.302443222401994671e-02,-2.746528346281331134e-01,7.967729605172557683e-02,-3.665869070952868514e-01,3.526933051243712897e-02,-4.467157937452401750e-01,7.999449050730914057e-02,-3.720136583821643250e-01,7.289879141275246166e-02,-3.592356470111203737e-01,4.556124377407621412e-02,-3.538043624186841263e-01,3.141913508864229571e-02,-3.762501260557530314e-01,-1.220243404879870278e-02,-3.370473182329934980e-01,4.085246317187719856e-02,-3.493557240454705504e-01,3.305894533030407506e-02,-3.622113874027451108e-01,1.044424776912894065e-01,-4.407010219999858425e-01
6.167553524840720114e-02,-3.513141394859474187e-01,5.707603373097321076e-02,-2.808862049685485474e-01,6.683387576331356605e-02,-3.802363259833742015e-01,2.337926450883481139e-02,-4.466731411757604020e-01,6.292297339716973470e-02,-3.778388635784354355e-01,6.859426650152741778e-02,-3.613643951828126033e-01,4.401812524347684802e-02,-3.513165569483662209e-01,2.812824898591499007e-02,-3.878590639447637711e-01,-1.944293153337135760e-02,-3.373344509926323731e-01,2.877666946715681795e-02,-3.621727667788859351e-01,2.028652399977011120e-02,-3.665900254548888904e-01,9.390706363238170151e-02,-4.528508488304306967e-01
6.368782826030640332e-02,-3.650788031884597551e-01,5.671869556713719784e-02,-2.748491062033140975e-01,6.734719362000164689e-02,-3.752403159194386273e-01,1.545227179927238965e-02,-4.590660373008826900e-01,6.236198008170174695e-02,-3.798653734335529220e-01,6.366171348163694732e-02,-3.672987686543839891e-01,3.842863363493170120e-02,-3.619217243874830459e-01,2.516646823834271796e-02,-4.000533816055323877e-01,-2.159400521234816628e-02,-3.325678885620619862e-01,2.098258768286886261e-02,-3.655033854151868433e-01,9.199008949113900158e-03,-3.604559868382766763e-01,8.951253614696400018e-02,-4.610459300414532224e-01
6.357747486491517608e-02,-3.716784776594446171e-01,5.825615709812129173e-02,-2.833236098343909770e-01,6.221559954033922119e-02,-3.711046803240760639e-01,1.428831236210618971e-03,-4.590893976939435239e-01,6.451092501217356445e-02,-3.911733618308558813e-01,4.808378392256276029e-02,-3.680411132895630155e-01,2.798491810216264739e-02,-3.741445346216325518e-01,1.667151296390415038e-02,-3.987131957442486274e-01,-3.254291497528562921e-02,-3.380050363357882670e-01,2.058650798750456812e-02,-3.684986988201263136e-01,8.844528588477807221e-03,-3.645034839437830687e-01,8.935112077733700642e-02,-4.635852416229983008e-01
4.709135544631608272e-02,-3.801591084729449843e-01,4.538543671083083986e-02,-2.879168001988322012e-01,5.308058137374492558e-02,-3.749335555553959254e-01,-1.216023013561764662e-02,-4.720259413525120240e-01,5.897517990626016671e-02,-3.981850929604346945e-01,4.374966163157242849e-02,-3.797706427465147860e-01,1.077757451561100165e-02,-3.827203747350375607e-01,7.828195508900221908e-03,-4.043919065642381239e-01,-3.309696459653207329e-02,-3.423962579018248742e-01,1.382535760316361967e-02,-3.700517287532577582e-01,-8.008913257481622278e-03,-3.672012581703107403e-01,7.697604113285379246e-02,-4.707320149383858454e-01
3.518432504985496978e-02,-3.783561736716296586e-01,4.227420172218022271e-02,-2.825304451304024855e-01,5.520200648971246293e-02,-3.882121981568386060e-01,-2.270199374212776219e-02,-4.744822539151766772e-01,4.394634271120452518e-02,-4.058996422911253510e-01,4.590719773177136948e-02,-3.933711234150944480e-01,2.173325651397932379e-03,-3.791142184382698677e-01,-3.781617367998772218e-03,-4.082254132017509862e-01,-3.038397483880897476e-02,-3.448851039495704485e-01,-9.572507289715547624e-04,-3.823224106400618383e-01,-6.444606972088868027e-03,-3.745554940535549271e-01,6.764267896537709546e-02,-4.843159123304828229e-01
3.480781741260888240e-02,-3.830783671923042033e-01,3.221334029097595864e-02,-2.785167882297899244e-01,4.523555190402787224e-02,-3.918888379829364443e-01,-2.266109749212837782e-02,-4.839478975285675388e-01,3.185636259978573415e-02,-4.194627905134554746e-01,3.587652946167053242e-02,-4.034716303271937976e-01,-1.808260009209636428e-03,-3.885263762689298295e-01,-8.449870583916397823e-03,-4.161666763076256048e-01,-4.017732023537638752e-02,-3.500007160172870502e-01,-4.268663938500604285e-03,-3.860665709255242661e-01,-1.670973887610630731e-02,-3.702908923923881046e-01,5.939537323159149729e-02,-4.953554943990191584e-01
3.208846752251101608e-02,-3.941984080784385891e-01,3.278188901346087286e-02,-2.726331147567008228e-01,3.952841715252803506e-02,-3.917959795089904773e-01,-2.806832324455138181e-02,-4.773856973479893573e-01,2.029787203354908171e-02,-4.302455808978000174e-01,2.819044155341308630e-02,-4.067894881701837884e-01,-1.602053776866534454e-02,-3.893051803568765012e-01,-2.649070944053243115e-02,-4.107984923809533950e-01,-5.188584899929689354e-02,-3.611338152499475873e-01,-1.982500652751394837e-02,-3.943130447021291896e-01,-2.863743335183316710e-02,-3.821734514497271973e-01,4.507535958748570132e-02,-5.067341235949347489e-01
1.824678536407157645e-02,-3.928438486782241945e-01,3.714542202934929815e-02,-2.668908969609132820e-01,3.177688467310359893e-02,-3.951538844046281751e-01,-4.132440581079432212e-02,-4.750456559603226103e-01,1.698809417424605381e-02,-4.272471113579057178e-01,2.796474333394709938e-02,-4.119701452828615773e-01,-1.846913001365892149e-02,-3.859366963156297126e-01,-3.853748683819649412e-02,-4.049828399709566873e-01,-6.722169525150273328e-02,-3.530345514405179297e-01,-2.230945305837914172e-02,-4.052452642743698541e-01,-3.315630941872770021e-02,-3.938894695844636917e-01,4.034441610447066229e-02,-5.057835084166050210e-01
9.354230141930415174e-03,-4.010052234215593092e-01,2.966230433216609022e-02,-2.712882011005117167e-01,3.146204165476473857e-02,-4.036083743983363004e-01,-4.295045635567533437e-02,-4.793622100965682087e-01,4.999306360967658777e-03,-4.310009585841608204e-01,1.808020615554666033e-02,-4.207325881994227190e-01,-2.613427744405017600e-02,-3.955913539366678333e-01,-4.959854477715630594e-02,-4.061399527751780036e-01,-7.601422139251592935e-02,-3.479497880585268876e-01,-3.527992311316321267e-02,-3.986997512868690197e-01,-3.533965839338994858e-02,-3.869377869006440096e-01,3.699147703274464904e-02,-5.178835986483811826e-01
-6.362153260215558034e-03,-4.030748757124046344e-01,2.865735140349036369e-02,-2.828913808378002437e-01,2.534699483092208577e-02,-4.012214740261954571e-01,-6.118715426924563328e-02,-4.819638025716962426e-01,-8.449569247740755518e-03,-4.313252460359604523e-01,2.039101733135104469e-03,-4.157752195189328703e-01,-2.615153288848889868e-02,-4.044909990928936550e-01,-6.125602614535777257e-02,-4.066393605329578498e-01,-7.861197042100145915e-02,-3.502767475755054205e-01,-5.012809169968109047e-02,-4.091375449859587232e-01,-3.308310739311595000e-02,-3.901431967820387370e-01,3.408444004274699402e-02,-5.232132760195161714e-01
-1.732035303458621250e-02,-4.070476303361627579e-01,2.132275738808017684e-02,-2.919632258722999474e-01,2.529007302918567096e-02,-4.099531953108831450e-01,-6.672098213112652443e-02,-4.930989493477906382e-01,-2.630104753789137481e-02,-4.315742497253072241e-01,-9.496085505778345884e-03,-4.160716809308159236e-01,-4.236092882697016504e-02,-3.982115696283829998e-01,-6.441852401815502394e-02,-4.011120550194324785e-01,-9.288809429162135645e-02,-3.550403457074832736e-01,-6.094395931527338273e-02,-4.106678447094292417e-01,-4.494860161860844000e-02,-4.013365267326697849e-01,2.099774213710608670e-02,-5.330924361364968167e-01
-2.478319298686201128e-02,-4.044424553988638649e-01,1.306085199759332224e-02,-2.930086108187430760e-01,2.641506163033153359e-02,-4.133929008139162753e-01,-6.838700958773144545e-02,-4.896858768379175886e-01,-4.375815889939452252e-02,-4.359400720005420782e-01,-1.385115096702290230e-02,-4.095254640682954861e-01,-5.115763439630757747e-02,-4.086778107176409769e-01,-7.120058162428632986e-02,-4.104944010059015103e-01,-9.495851000018315502e-02,-3.557844460654456809e-01,-6.468868884191623925e-02,-4.053508182115579395e-01,-5.039637181000629351e-02,-4.013430225350157476e-01,1.542729932316877668e-02,-5.310304145324947767e-01
-3.446759251419052178e-02,-4.133402047926158507e-01,3.981152299614989891e-03,-2.915624328247971575e-01,1.223439451828598271e-02,-4.254625350498190128e-01,-7.042015195993878152e-02,-4.868136645103697258e-01,-5.848106172624271959e-02,-4.426942425503761491e-01,-1.260025670577110020e-02,-4.084275399636385084e-01,-5.712075052638389966e-02,-4.147456908535551712e-01,-8.342796676107391840e-02,-4.215509391029272912e-01,-9.750456158345344182e-02,-3.657883539788630012e-01,-8.269855845060181121e-02,-4.027123567932298642e-01,-4.944575711772410120e-02,-3.983560923407073462e-01,4.239494845006455334e-03,-5.359713219188886324e-01
-3.283420826356663047e-02,-4.243016245161536082e-01,-4.156426903654125878e-03,-3.003905899515247890e-01,7.675532958002764458e-04,-4.334518611710608815e-01,-8.666568261761040115e-02,-4.839043432189775729e-01,-6.740917172066551721e-02,-4.366352096601776589e-01,-3.011695864010358048e-02,-4.201932774286464278e-01,-6.735019268484811195e-02,-4.252866558921608031e-01,-9.660439361483579013e-02,-4.134984890803523050e-01,-1.106411365133384284e-01,-3.727455113454712365e-01,-8.927999221055223089e-02,-4.042796384998932346e-01,-5.580411302048135513e-02,-4.029910964503012338e-01,5.531560452762609992e-05,-5.476645866361546933e-01
-4.791385899165312434e-02,-4.355913633259377860e-01,-5.606620862714182738e-03,-3.069730990436762008e-01,-3.426578123784187330e-03,-4.456992167186888398e-01,-8.909281347382344562e-02,-4.791958939893394276e-01,-8.436330105286342362e-02,-4.482710695210399554e-01,-4.739504792903668356e-02,-4.159513574321704876e-01,-8.116185602165340573e-02,-4.263530669282965535e-01,-1.063494793328416954e-01,-4.089177896423713543e-01,-1.183180807108344529e-01,-3.734295344081557388e-01,-8.758374619055203647e-02,-4.126877900582332503e-01,-5.724985617456875009e-02,-4.140315248665209502e-01,-1.134500073673605329e-02,-5.444090621017610987e-01
-5.738112765529852083e-02,-4.414929738900326139e-01,-1.563647059616430496e-02,-3.143397435854347055e-01,-1.503961752046279604e-02,-4.562852537441739464e-01,-9.123464531353876750e-02,-4.790843922353142936e-01,-1.006529939314071143e-01,-4.462350232723253374e-01,-4.876074571772062716e-02,-4.236436141723302073e-01,-9.667690547347405905e-02,-4.379372620725784371e-01,-1.235828283485594231e-01,-4.047668968105222476e-01,-1.160429447581636936e-01,-3.830684780608072937e-01,-9.087608281011884392e-02,-4.227754490468348392e-01,-6.368783017382584344e-02,-4.110508472689234916e-01,-2.504909403341652394e-02,-5.584006533123704319e-01
-6.428208514589370259e-02,-4.379461724376904064e-01,-1.686179999546280617e-02,-3.087314351837179838e-01,-1.804986862850024854e-02,-4.647653679853582798e-01,-9.969878506072982205e-02,-4.850454563359361537e-01,-1.129819868058235810e-01,-4.390554790523622519e-01,-5.359569989982576610e-02,-4.166574902388593404e-01,-1.070973999805507337e-01,-4.387047151768536102e-01,-1.319358578864414377e-01,-4.133037333439457672e-01,-1.289702744288477587e-01,-3.832005457058515474e-01,-1.079841056883954070e-01,-4.156809392048532725e-01,-7.943197348033689820e-02,-4.190810937944332570e-01,-3.091068262089120486e-02,-5.704963536124875167e-01
-6.647705154486080459e-02,-4.357018197611463584e-01,-2.131290279371772511e-02,-3.144626904185144900e-01,-2.339970275160883212e-02,-4.590623113557374957e-01,-1.076492585768710625e-01,-4.835380109781631242e-01,-1.230205355428748148e-01,-4.350683613678114625e-01,-5.197550185783023774e-02,-4.258143628824541116e-01,-1.218233886940125604e-01,-4.392147314541570147e-01,-1.405744246080871951e-01,-4.124546910633585806e-01,-1.456528043884793289e-01,-3.855322036567969679e-01,-1.146381592311812581e-01,-4.150965350113490770e-01,-8.466691612085809615e-02,-4.163996600056733000e-01,-3.948966562632382632e-02,-5.687147796359878216e-01
-6.773134363204959263e-02,-4.341893070056930259e-01,-3.579399503265005833e-02,-3.147527430939882631e-01,-3.814618922598159850e-02,-4.576666364894591554e-01,-1.107712017462593734e-01,-4.832704988523227607e-01,-1.298946505751968628e-01,-4.391775775948180138e-01,-6.156678869225312711e-02,-4.210308910533709370e-01,-1.261412767037525529e-01,-4.397936646181698772e-01,-1.514588707043869609e-01,-4.218563679834414493e-01,-1.605033004350875647e-01,-3.917413766606286929e-01,-1.254724190662347416e-01,-4.071990732850317984e-01,-9.289184142379659781e-02,-4.233016300473841920e-01,-5.874895846981330327e-02,-5.757736637209982522e-01
-6.723320850474123755e-02,-4.382085784884366397e-01,-5.107016811446937754e-02,-3.081198947606240135e-01,-3.962619632432112099e-02,-4.601871619489637522e-01,-1.193915493164256353e-01,-4.905854763549715170e-01,-1.322891870162004879e-01,-4.399743725136124883e-01,-7.930985061046941231e-02,-4.196276383909600116e-01,-1.259272246000618378e-01,-4.341109390568152482e-01,-1.643520352598450140e-01,-4.310418482799874829e-01,-1.595310997175365397e-01,-3.827991776898884146e-01,-1.329680941376779890e-01,-4.050520342118816841e-01,-1.021058728105281033e-01,-4.264041156121471388e-01,-7.787546302565927225e-02,-5.872970431756743270e-01
-8.273324638015422394e-02,-4.390818906373570307e-01,-5.987070058974954673e-02,-3.070385548952270782e-01,-4.058583275512686606e-02,-4.701417011966420589e-01,-1.209345856472637953e-01,-4.839497183302614025e-01,-1.345069227997546801e-01,-4.380951905110213040e-01,-8.529947022897765851e-02,-4.186926901588589045e-01,-1.307995323568418855e-01,-4.446723736121505066e-01,-1.638110206422317694e-01,-4.293546763749361284e-01,-1.615577664832858751e-01,-3.850256318271653155e-01,-1.508211905435997147e-01,-4.053768039640641696e-01,-1.104901527364524627e-01,-4.290045129445689831e-01,-9.282706280593121251e-02,-5.954264829440468754e-01
-9.064870066818223049e-02,-4.409174635791326402e-01,-6.313666237916862323e-02,-2.992921869495270837e-01,-5.428424506918236303e-02,-4.693291250105218748e-01,-1.401127759537653394e-01,-4.900314557028214724e-01,-1.439944320500432529e-01,-4.481637294807562788e-01,-9.131993482108205495e-02,-4.168403663593742703e-01,-1.347583455323239643e-01,-4.452089218019363304e-01,-1.703192208701579669e-01,-4.314645530045863042e-01,-1.784332184696979240e-01,-3.927867649540473516e-01,-1.558288081388516932e-01,-3.955889251798335171e-01,-1.287541782120779077e-01,-4.290558454545314593e-01,-9.971541740716098612e-02,-5.917643805944605706e-01
-1.089467018687334809e-01,-4.358604041239351190e-01,-7.758769758696522356e-02,-3.065403421869842271e-01,-7.359294464177014439e-02,-4.731765558720323894e-01,-1.532262205334739280e-01,-4.976706859518931214e-01,-1.539359034235802670e-01,-4.506908376232591218e-01,-9.430352149429471753e-02,-4.105543880237348953e-01,-1.406111789330210526e-01,-4.535146616743382375e-01,-1.830406960360526636e-01,-4.231159426080716712e-01,-1.945142639086210878e-01,-3.940925138491656599e-01,-1.548904942577787325e-01,-3.865424458932214535e-01,-1.391112315801907029e-01,-4.265064048997729840e-01,-1.124157930519702198e-01,-5.894078764619085087e-01
-1.099309987886557677e-01,-4.307138885397278627e-01,-8.386174842932926643e-02,-3.019956108651457583e-01,-8.763371803450899222e-02,-4.756680404221110270e-01,-1.692299932152462050e-01,-4.911974044729813249e-01,-1.564883678446771509e-01,-4.430288733161114045e-01,-9.496506963028422676e-02,-4.028375585084864596e-01,-1.551147475338693071e-01,-4.456184580985544375e-01,-1.900787510611741393e-01,-4.242457903389528773e-01,-2.011886362662469452e-01,-3.963325377705554375e-01,-1.668502830364241296e-01,-3.916603448024230660e-01,-1.559927998890436318e-01,-4.271279875956223160e-01,-1.164487170669306487e-01,-5.892354223315240391e-01
-1.142128214249040624e-01,-4.267000870962651127e-01,-8.840427980607749869e-02,-2.954886635237666259e-01,-1.013260717939382105e-01,-4.701369664824450179e-01,-1.744657321127197624e-01,-4.855605109917797702e-01,-1.620573511204531081e-01,-4.363809016453093492e-01,-9.315984354610123974e-02,-4.058503099822400317e-01,-1.577488030216489812e-01,-4.410785552219669281e-01,-1.995062635537128426e-01,-4.151527237563593653e-01,-2.112267684302061577e-01,-3.939963203869324415e-01,-1.825646427926533588e-01,-3.968773713770524236e-01,-1.577214362302808703e-01,-4.293822654246494119e-01,-1.303517437252559585e-01,-5.966698156793173169e-01
-1.204611861573977871e-01,-4.288297190586669583e-01,-9.634115665948453366e-02,-2.966671286209868197e-01,-1.090888285484588327e-01,-4.718734793584492548e-01,-1.847340533121424322e-01,-4.793951891372857377e-01,-1.658720093286021602e-01,-4.396550589014999733e-01,-9.526530739543963289e-02,-4.002662104701734114e-01,-1.735005300186045207e-01,-4.396879180630078876e-01,-2.121030781568557511e-01,-4.095381431232084091e-01,-2.243309882507711628e-01,-3.893146717920730193e-01,-1.953996970990417303e-01,-3.960762182404573006e-01,-1.573361521804500229e-01,-4.319487668857701634e-01,-1.347703703195781422e-01,-5.890273715869998039e-01
-1.252627362833727276e-01,-4.291367320635537941e-01,-1.045172187302518541e-01,-2.908825428799509116e-01,-1.143351300566634032e-01,-4.741165580214378727e-01,-1.864722703506949408e-01,-4.847113206659292572e-01,-1.812572803234596686e-01,-4.368502675632336962e-01,-9.383074475080768750e-02,-4.067376836044090394e-01,-1.873008808011881465e-01,-4.467999157614312988e-01,-2.130825699138472751e-01,-4.138706677741684214e-01,-2.320537111521148721e-01,-3.779272244459656593e-01,-2.130784034454100140e-01,-3.940769991598104816e-01,-1.657293466640665236e-01,-4.260386422366805870e-01,-1.494452869602626022e-01,-5.927600242914113915e-01
-1.437913254511280492e-01,-4.340389589869901310e-01,-1.092340238867999108e-01,-2.944425246282388331e-01,-1.283765574335387905e-01,-4.764347742224295246e-01,-2.025360346018196533e-01,-4.840548741766551588e-01,-1.858603672484598346e-01,-4.350169945648331149e-01,-1.101033118057252597e-01,-4.013790465390474349e-01,-2.027373223666669999e-01,-4.411389732936351615e-01,-2.241486810538136365e-01,-4.071076125374165633e-01,-2.454867975729272678e-01,-3.823755716979451713e-01,-2.210194265042565720e-01,-4.021378166898031958e-01,-1.797441727331534900e-01,-4.215895710385288431e-01,-1.545528178799823182e-01,-6.027836838613822579e-01
-1.494163601410415654e-01,-4.261576617232900599e-01,-1.231124343510305308e-01,-2.983236881505482163e-01,-1.464561534460699366e-01,-4.687748195515473171e-01,-2.133118227653650056e-01,-4.801200171990567256e-01,-1.877383058496700508e-01,-4.247806187453952997e-01,-1.248952435806608835e-01,-3.965272251186454655e-01,-2.038116438698049648e-01,-4.494195534022539795e-01,-2.272090221008505051e-01,-4.086232868893979742e-01,-2.501623731774775261e-01,-3.800137237704366844e-01,-2.338673377963198796e-01,-4.080561414407018472e-01,-1.958370194921399132e-01,-4.292080652792028550e-01,-1.638526907545184153e-01,-6.073859223148834197e-01
-1.512222539501215102e-01,-4.349878274542437473e-01,-1.242822862332713940e-01,-2.884925555838622202e-01,-1.488996855113445539e-01,-4.679656730758361416e-01,-2.203789018228029251e-01,-4.823617495927219334e-01,-1.926442138594158804e-01,-4.188591469442590198e-01,-1.228612184606767271e-01,-3.974445563101239864e-01,-2.215739536223811923e-01,-4.468166507353955597e-01,-2.430010048389950883e-01,-4.122835898927618148e-01,-2.611870494267715115e-01,-3.732004864894434837e-01,-2.483522981475639047e-01,-4.131279040387325630e-01,-2.135218959477474254e-01,-4.211345482977812416e-01,-1.721303007136948671e-01,-6.180561192231353029e-01
-1.641658301999790182e-01,-4.317747667001425316e-01,-1.389710511125766546e-01,-2.792135483389433515e-01,-1.486438496146942345e-01,-4.639137714158538262e-01,-2.307218873833858930e-01,-4.871265684962705067e-01,-1.947710699933417611e-01,-4.134636486801411270e-01,-1.363710287956602374e-01,-3.992630832189076329e-01,-2.312543078807534069e-01,-4.391787164171941371e-01,-2.475697829501687652e-01,-4.076604855573788266e-01,-2.656545107052948329e-01,-3.753182530683578655e-01,-2.591806310317478768e-01,-4.203267898699898919e-01,-2.162057641974605704e-01,-4.214130596856351940e-01,-1.857266559564061115e-01,-6.245248221234092068e-01
-1.751966138559957753e-01,-4.332225565563062597e-01,-1.382544256111936376e-01,-2.822428258570024995e-01,-1.527614008178545812e-01,-4.558517116424899429e-01,-2.372470548348153407e-01,-4.874500447493415045e-01,-1.980845485040113041e-01,-4.135700593568138461e-01,-1.460677450378755904e-01,-3.993179864094614229e-01,-2.436834355129114116e-01,-4.457155947164792020e-01,-2.574259525507930357e-01,-4.132951187230100576e-01,-2.749520462955530320e-01,-3.716325792110702908e-01,-2.589729432050347224e-01,-4.275189616900921807e-01,-2.222048572611343975e-01,-4.211604495046195051e-01,-2.078119298347915200e-01,-6.306521015190855728e-01
-1.906236777745470845e-01,-4.412023719897011920e-01,-1.429058141430788187e-01,-2.851624727458476616e-01,-1.609104803300100139e-01,-4.619917077440252595e-01,-2.565114686480504669e-01,-4.774342242755947319e-01,-2.141897872673676761e-01,-4.202370800021111297e-01,-1.611231682358620076e-01,-3.900471193087747812e-01,-2.502445426038411025e-01,-4.419062400554626402e-01,-2.559578908948826337e-01,-4.194688624853477599e-01,-2.728946800289286378e-01,-3.747680714867712704e-01,-2.650618923675958638e-01,-4.271078149672078994e-01,-2.329490299816832088e-01,-4.113167861715569251e-01,-2.274404172963681026e-01,-6.213635954094327563e-01
-1.953597876347920870e-01,-4.477966754792657156e-01,-1.479413149813751382e-01,-2.811345156125136246e-01,-1.710253683371368849e-01,-4.693516287698387135e-01,-2.711777716318508058e-01,-4.686463759604757029e-01,-2.319051090107546453e-01,-4.149729597673589843e-01,-1.589363098917469519e-01,-3.998565538767310801e-01,-2.658617537485515325e-01,-4.366489194888399927e-01,-2.731474514528826059e-01,-4.157010291836593652e-01,-2.767100393874429853e-01,-3.702973495763718370e-01,-2.763003546065186944e-01,-4.210134523784119787e-01,-2.392894771448379476e-01,-4.156436390013979465e-01,-2.386049783328545726e-01,-6.138591025048228955e-01
-1.945832027938781128e-01,-4.528813119249400221e-01,-1.472664864399179652e-01,-2.870731456246843338e-01,-1.847403779204221941e-01,-4.712876293317449505e-01,-2.840625858682282456e-01,-4.605898459869835482e-01,-2.310507000457933668e-01,-4.059365175573300122e-01,-1.738618836303264525e-01,-3.944419954124275263e-01,-2.816357938722341414e-01,-4.262107064918091992e-01,-2.811039005231842358e-01,-4.165842214491216611e-01,-2.909754764322865506e-01,-3.772585488083212701e-01,-2.897616838208692536e-01,-4.102814227592636587e-01,-2.416571060794213688e-01,-4.046330545719500904e-01,-2.588669299605235730e-01,-6.118321527363069778e-01
-2.042581602929345597e-01,-4.494762418800667958e-01,-1.604443078887555774e-01,-2.778474992486688055e-01,-1.940516365179745795e-01,-4.649057350554841594e-01,-2.901962741755466646e-01,-4.539436344406856394e-01,-2.348468115770832032e-01,-3.968834553212194916e-01,-1.794786148376364965e-01,-3.986255279975774446e-01,-2.981698151447611522e-01,-4.214839061708615109e-01,-2.981085288767550412e-01,-4.192160057542622109e-01,-3.073065037164147140e-01,-3.732127405463363523e-01,-3.047605497771971872e-01,-4.052378194473671424e-01,-2.439324645535950187e-01,-3.964756382761995823e-01,-2.749127028524971927e-01,-6.101608859563698584e-01
