5.871080470970735377e-03,1.222431204958953840e-03,-7.171958398227651355e-03,-3.947360581187277576e-03,1.713799300987367547e-02,-9.512447032735118699e-03,-5.222794039807077127e-03,-5.721286105539074782e-03,-1.282138898964280127e-03,9.922812420886575197e-04,2.584039515348357519e-03,-8.535299776972036720e-03,2.508680563027781280e-02
-1.621357936870493344e-02,6.024461131244607248e-06,1.472749268065065564e-03,-1.034800015541449854e-02,-1.064853621953854024e-02,-1.513275431073659097e-02,-2.427739124515215785e-03,-1.504614728131320120e-02,5.196623550835943739e-03,-4.542597535529427008e-03,8.520559362769519751e-03,-7.984148072534957147e-03,3.362720584252617412e-02
2.242266978535523148e-03,-8.978364742953251834e-03,4.749282102193719268e-03,-7.891784466709862375e-03,-1.096853927053720312e-02,-8.800028093466534529e-03,4.672907823149052842e-03,-1.462179695551839992e-02,1.714006038055942982e-02,-8.079875745866467798e-03,9.617838023872227193e-03,-1.489414695208302226e-02,3.573879660431335953e-02
1.723644667200430192e-03,-6.827863281646657373e-03,8.824884334254656792e-03,-1.171213935451849431e-02,-1.638890586810143324e-02,-2.612686153759331137e-03,1.423322648901853560e-02,-2.056331076909259648e-02,-1.228062207749447410e-02,-1.260349818828590367e-02,3.705374464391231193e-03,-1.437298061687084481e-02,4.117614026589249548e-02
1.446759197016356246e-02,-6.324327295249235897e-03,7.285919417540476228e-03,-1.730571116358707584e-02,-1.686098993041940108e-02,-3.321577574376826519e-03,1.263781705872840666e-02,-1.713363897893921406e-02,-1.965137159034696657e-02,-1.114302236475416333e-02,9.126221395663269842e-03,-1.274013983495281971e-02,4.589580471302264625e-02
3.784130911134664377e-03,-2.541417942315382650e-03,3.701474899730827772e-03,-1.873467125046290177e-02,-2.094803129683137088e-02,-6.243551621598626700e-03,1.416740705034813530e-02,-2.385263423005597877e-02,-3.773631645892894237e-03,-1.227564598278489683e-03,1.707046138345141850e-02,-1.748535050670989299e-02,4.739006387780363150e-02
-6.930232824836513039e-03,-6.547992908944380575e-03,4.403655963240993287e-03,-1.658992911655761404e-02,1.514054273753245861e-02,-8.419420971279685528e-03,1.645410215467923987e-02,-1.611504238036643583e-02,1.300646651214243388e-02,-1.036090893130346691e-02,8.549140559165058217e-03,-2.198096569323308713e-02,4.526416117321756249e-02
6.161486486393308315e-03,-5.418900404034233953e-03,8.627026144006677555e-03,-8.726848308807703958e-03,-9.438143326340742156e-04,-7.905972193413816906e-03,2.208453401116733383e-02,-1.268348477400418201e-02,8.642095904591695632e-03,-4.231804736498208375e-03,9.772355634529161783e-04,-2.749281379158120125e-02,4.218184753661850805e-02
4.715031539342384725e-03,-8.579585430451536210e-03,1.676360275503274710e-02,-7.289615929103002157e-03,-4.308286322757814979e-03,-7.792194040902027108e-03,2.523364006903155987e-02,-6.140980654094053970e-03,8.556863639139378197e-03,-6.181247506539325198e-03,7.015519916883594664e-03,-3.620240617127439692e-02,5.152654663574057076e-02
4.828627840613997080e-03,-1.789163826559408282e-02,1.697174169759263496e-02,-1.336222560433369955e-02,-1.549638938725894644e-03,-7.446828681260557470e-03,2.529668056885930882e-02,-1.548758798811608606e-02,-1.867830612896528852e-02,-5.851041355197296456e-03,1.095195853162023170e-02,-3.323853635443849153e-02,5.792684199223336466e-02
-1.223938429918380866e-02,-2.602239335575069062e-02,2.389951540553375553e-02,-1.490691697026549217e-02,-1.831820967231639896e-02,-1.087065568762034251e-02,2.936225313231682899e-02,-1.936065306808110176e-02,-4.092870953883886997e-03,-1.082487697130903037e-02,1.813236888541353009e-02,-4.205496825813788420e-02,7.444735026680039669e-02
1.857338449869438968e-02,-3.250031744944803513e-02,1.743634762484236322e-02,-1.190931904565223354e-02,9.425739457163906376e-03,-6.318387057812860363e-03,2.867389748632087620e-02,-1.528349127343765074e-02,7.216413624388906545e-03,-4.060963641427633997e-03,2.639305713240419626e-02,-4.147750860471771661e-02,7.427778041048832547e-02
-1.366913019059917689e-02,-4.096416551511741777e-02,1.682099403620035405e-02,-8.665711723287630730e-03,1.547231650766023314e-02,-9.756544924241550287e-03,3.089507308337796632e-02,-7.891284012541244230e-03,-1.450146919416728242e-02,5.584061611994678431e-04,1.682724394963425185e-02,-3.715143514272371134e-02,7.381259192072221753e-02
5.577607283708485575e-03,-4.292030705990879796e-02,9.156438984985304508e-03,-3.020662329826465098e-03,-1.136617075355578210e-02,-1.566371632319261964e-02,2.130071888190782081e-02,-8.632675441730977561e-03,-1.714296484893740313e-03,1.064570225107551449e-02,2.149109464680265535e-02,-3.045507335429242790e-02,6.614122182674983530e-02
7.358806732844003218e-03,-4.494545321065020888e-02,1.510051270518758537e-02,-9.329025054837861153e-03,1.568608001919030714e-02,-2.028274917285723122e-02,2.850691034192692763e-02,-1.645266036552323063e-03,-1.205295936082673158e-02,1.285292170886094543e-02,2.486301934409801406e-02,-3.091357912179647227e-02,7.580492320462443867e-02
1.197320256027106788e-02,-3.588842490702595645e-02,1.380997135755435146e-02,-1.238047931766322884e-02,-1.504380613503830677e-02,-1.353425965494661765e-02,3.009171863486981291e-02,-1.159400434733379170e-02,-2.082861204652952658e-02,4.601220460475521912e-03,1.815752944940268732e-02,-3.103295990849529173e-02,7.051592543127627177e-02
-8.033992851655402667e-04,-4.231005722112460288e-02,1.890954693187241187e-02,-1.338835691800552286e-02,-1.571398281432750954e-02,-2.062061643447175852e-02,2.779769540114862547e-02,-1.061697603494916875e-02,-1.641297499881599897e-02,6.615607289894895326e-03,1.449824973963331765e-02,-3.901362202035085769e-02,7.701032750970870921e-02
-1.702847820272912482e-02,-4.889626148413726836e-02,2.653621819642976165e-02,-5.242866166652204729e-03,-2.171624576156760966e-02,-1.331128948783127930e-02,2.109207207132279827e-02,-7.533932298353487877e-03,-2.357925009503783476e-02,-1.358433998974062362e-03,2.040734284452072611e-02,-3.532695749221149983e-02,8.237216351646860224e-02
-1.403450752387025435e-02,-4.232950569506627181e-02,3.536372222055320091e-02,-7.714665426900968459e-03,-1.774631275749716242e-02,-1.076689024765768721e-02,2.458157148631473499e-02,-8.179619667813137207e-03,-4.885794624088946048e-03,-7.841026669740139288e-03,2.883130245442069861e-02,-2.969991577965072627e-02,7.873730011492369174e-02
1.004968757796481649e-02,-3.325698493892464969e-02,3.773714614282377977e-02,-9.039920894931635642e-03,9.878832823699557064e-03,-1.707389825650232340e-02,3.337874176365637768e-02,-1.728851693424356128e-02,7.106322785533081277e-03,-1.461211963366969291e-02,2.018424126027529297e-02,-4.015271836303738184e-02,8.245384434028388276e-02
-1.096461021421840654e-02,-2.634646740632018425e-02,3.683498700597240272e-02,-1.018328833966060387e-02,-5.308563170439428713e-03,-1.659830086138017191e-02,3.533118150296446491e-02,-2.090973114627515950e-02,-3.043974490411105460e-03,-7.615762269313056110e-03,1.982364141253961654e-02,-3.920670510815350840e-02,7.912949152140975884e-02
-5.631304413296067679e-04,-2.383621252249192024e-02,3.291645433006026855e-02,-7.004424503917860978e-03,2.267843145775438884e-03,-2.486242724547736704e-02,3.529477831403743382e-02,-1.840110356292364024e-02,-1.047263034402537429e-02,-1.452339458764077829e-02,1.598776049917455255e-02,-4.602699511538119181e-02,8.126093897468554539e-02
1.207212802965856868e-02,-1.799690824285754553e-02,2.888040326361193677e-02,-1.497549348631288524e-02,6.488273616276407640e-03,-2.731436333503448055e-02,4.302484127818023696e-02,-2.381915954728903995e-02,1.208428798677396721e-02,-2.307470684761324387e-02,2.231906199611088937e-02,-5.590224409793172200e-02,9.505947129342276480e-02
1.490824446689842375e-02,-2.725355455621422673e-02,3.351322631710193511e-02,-1.748970342352229590e-02,3.125570613421890798e-03,-2.990791415911829565e-02,4.912263200537866914e-02,-2.620222197506091866e-02,7.007573633814989655e-03,-2.276236701331994794e-02,2.074838160388978170e-02,-6.205434872210446873e-02,1.060488046157046643e-01
-4.720941236150077991e-03,-2.010765413976184357e-02,4.082136093062926907e-02,-1.007529974400239725e-02,-8.538108504776514840e-03,-2.848816837994794238e-02,4.311215924304057090e-02,-3.086836861295011447e-02,-1.304583029735198463e-02,-3.098175519361698327e-02,1.425665168803461058e-02,-5.835342920247536813e-02,1.030966893954033958e-01
2.089360069157103483e-02,-2.882041747882477245e-02,4.186177419177414261e-02,-8.704681540615127888e-03,-2.062293846982540813e-02,-2.949449308919599444e-02,3.377199213401235744e-02,-3.765312900975209542e-02,1.266459325924224055e-02,-2.840583371524513234e-02,3.356952205498642261e-03,-6.346889259900898028e-02,1.093422502544079827e-01
1.700914796864760881e-02,-2.186460849249186045e-02,3.992252056157738482e-02,-1.338738681628023897e-02,-2.046329165886418000e-02,-2.828460919675271357e-02,2.651093932989087576e-02,-3.457551562047356253e-02,2.571013063341556770e-02,-2.770131894073490919e-02,6.049026524668654758e-03,-7.235022640982113895e-02,1.111619695404109515e-01
1.474825222367964761e-02,-1.801459691011256248e-02,3.291684123203303391e-02,-6.473867245991499209e-03,-2.116709901212221467e-02,-3.130685763699495028e-02,2.281692870630547265e-02,-2.720668977497989194e-02,2.283120222736376159e-02,-1.900870382368732847e-02,9.785460835649267830e-03,-6.583946300215193226e-02,9.833428907290976684e-02
1.171296739614507976e-02,-9.136151832686234542e-03,4.267876720453922523e-02,1.735130427421627264e-03,9.791871331242485432e-03,-3.706335659820905737e-02,2.750173849825812700e-02,-3.488566367985709848e-02,-1.359940458942804353e-02,-2.562667960027562031e-02,-8.723702783938747096e-05,-7.194810817961154459e-02,1.072673641606943368e-01
9.215544040244549873e-03,-1.904396426290394517e-03,4.262285000922791389e-02,-4.044233997325369367e-03,-1.890584966185512861e-02,-4.450197220735926940e-02,3.369976537583918574e-02,-4.043323118704930663e-02,3.461147360242722293e-03,-2.091821103309435270e-02,-5.724293137057662184e-03,-8.209208270919339523e-02,1.193793192766655353e-01
2.474633891225319626e-02,-9.757909739915360259e-03,3.835039962726902174e-02,1.543796437643213393e-03,-1.183709845309921516e-02,-3.802709764886194610e-02,2.329055716101435802e-02,-4.064675717728846727e-02,2.974000895742207051e-03,-2.385223016612258995e-02,-8.814397790414263412e-03,-7.547571038438448399e-02,1.109665290076680272e-01
9.851453155922340610e-03,-1.330427429093919423e-02,2.956938736211150998e-02,7.782818454052820023e-03,3.266137275921759953e-03,-3.608062305547510284e-02,2.299424742781622233e-02,-3.384517021981972573e-02,-1.804603622585582157e-03,-1.964479565931387395e-02,-6.418004073318578362e-03,-7.438488291082814841e-02,1.007926680030917094e-01
9.646591832309592274e-03,-7.938312098800803795e-03,2.795891876301240253e-02,1.088549348705061814e-02,-5.796197615405285219e-03,-3.473783575803121582e-02,2.283469052161643531e-02,-2.910281260971572803e-02,1.245962679075460211e-02,-2.105563833699947152e-02,-1.194574535374257063e-02,-7.775923668143425171e-02,1.022387426548893447e-01
1.754902980065470297e-02,-6.811573038335433372e-03,2.565637901393227893e-02,1.316499312344221462e-02,-1.797603633069938533e-03,-3.956152620775346684e-02,1.452457653494795831e-02,-3.822512517632992157e-02,-1.510560028863186521e-02,-2.187781767234833752e-02,-1.949833830264796619e-02,-7.435745223196085774e-02,1.050829958670716352e-01
-1.025498634253224628e-02,-1.406302817687063444e-02,3.480832053826354855e-02,1.712411883271724999e-02,4.851227771591415383e-03,-3.324383592653123998e-02,1.748220663538158082e-02,-4.369597874995151399e-02,-1.899551908353730445e-02,-2.827124519867330044e-02,-2.811644781877833954e-02,-7.194530717847613666e-02,1.108070222951993145e-01
-1.740255442461055568e-02,-2.311445159378341940e-02,2.524151346324515766e-02,1.106842657093298765e-02,-1.380469093237113309e-02,-3.730158400943031638e-02,1.250015975070231655e-02,-4.217264957443836448e-02,1.071856364388401595e-02,-1.830784429184775797e-02,-2.373650713439268145e-02,-7.242020209147462251e-02,1.066382064742284475e-01
-2.098901278628234612e-02,-2.403969236702377388e-02,1.868148737702954310e-02,7.797240432167451551e-04,1.740830035496931938e-02,-3.622013813248803338e-02,1.380525244237515436e-02,-3.436472757019068403e-02,-2.013810453452469229e-02,-1.736504934074645234e-02,-2.457144986003018117e-02,-6.548296262480921004e-02,9.976663252710374352e-02
-2.421347524261166506e-02,-1.962600360362354301e-02,1.889313100986214633e-02,-1.343334626290215716e-03,-2.587884745368584927e-03,-2.851862449835707025e-02,1.824460880985706579e-02,-4.179579625026227929e-02,-3.206871193819571531e-03,-2.006206131185467312e-02,-2.928517421955348365e-02,-7.075605188756287078e-02,1.025026897613873778e-01
-2.316970623827691034e-02,-2.616484416644174194e-02,1.921481414559048084e-02,-7.154061430403452215e-03,-6.968790849890632577e-03,-2.874178038649091715e-02,9.217648007424805723e-03,-4.425316090331340990e-02,1.733148206515830458e-02,-1.697141365526322332e-02,-3.067663442793444606e-02,-7.132604174850912249e-02,1.057196982061908846e-01
6.733447515536450378e-04,-1.943696227027269519e-02,2.229462020479031081e-02,-1.479328645686450727e-03,2.312571783907602097e-02,-3.733530265211443266e-02,9.368438224221120603e-03,-4.092921345736696970e-02,8.881804352431604821e-03,-7.639098700909313644e-03,-2.766359739492091352e-02,-7.528289713483068968e-02,1.055424592134578815e-01
2.233648033620627693e-02,-2.483182878191486642e-02,1.419847619259551053e-02,-6.354277376704964286e-03,2.567039714730628974e-02,-4.372392829232221723e-02,1.213825189835260332e-03,-3.369329663148101783e-02,-9.143265776545811407e-03,-6.707301191754028169e-03,-3.023133138584302437e-02,-7.834136876123365401e-02,1.106565185663212492e-01
-1.604545561711609447e-02,-3.050221073660192017e-02,1.714153341880042536e-02,8.659230161149333860e-04,9.752425892041033384e-03,-5.013723135691003363e-02,7.459644208675231258e-04,-4.367258771933116290e-02,1.251540297575448601e-02,-1.615159299567983653e-02,-3.002967880494886166e-02,-8.415757465505005475e-02,1.200038120445633683e-01
-2.663310300767504635e-02,-3.686148354134299865e-02,2.641943733509924397e-02,3.048404911811186668e-03,-8.917106067381774803e-03,-4.290125706011671536e-02,-3.633599906868761886e-03,-4.826802141466618457e-02,7.184241343399094815e-03,-2.388123786102583357e-02,-3.650145966758006066e-02,-9.018423546936313318e-02,1.308659157089169245e-01
-1.667097661734215364e-02,-2.668248232041570134e-02,2.618781859100846598e-02,-1.070657515495898604e-03,4.226706096146670699e-03,-4.104936563814545747e-02,-1.251165796283601472e-02,-5.199732700466713764e-02,-2.451579362451467015e-03,-3.131447216117144716e-02,-3.526577284515761135e-02,-9.718538138267951432e-02,1.338479848018612195e-01
2.115139714826327899e-02,-3.427605611268313979e-02,3.241453180190873029e-02,6.655518871502452694e-03,1.093028795627307148e-02,-4.579994157710134961e-02,-1.970023662245498630e-02,-6.210602418989469298e-02,4.749123818643036232e-03,-2.971192103515296612e-02,-2.994590603340371859e-02,-9.869806517791154810e-02,1.439548839774023592e-01
2.652198165249866624e-02,-4.328006377958670825e-02,3.260931025673180494e-02,1.336248621887936583e-02,1.462474674505193084e-02,-3.772331152162292089e-02,-1.498193786002849359e-02,-5.250483454718490872e-02,2.981261905514120958e-03,-3.278489227032121978e-02,-2.878571658454009974e-02,-9.720289231604789526e-02,1.407032586151079345e-01
-1.052534483970396506e-02,-5.209794796138511597e-02,3.817461764349619480e-02,1.630720298842452953e-02,1.910267519409902803e-02,-3.890566610121853897e-02,-2.087839353933174102e-02,-5.439054232022508262e-02,-1.055230173080948242e-02,-2.913559639641025156e-02,-2.555721566339430595e-02,-9.376120752905872657e-02,1.422166522995878535e-01
-2.167004166321678804e-02,-5.810310024873638346e-02,3.282427951575039859e-02,1.686246722726086888e-02,1.107184013254439159e-02,-4.949559998896166380e-02,-2.545815392531672328e-02,-6.065287475025060715e-02,1.812742100222844432e-02,-3.493591921659600086e-02,-2.113602671304684599e-02,-9.520767496246640427e-02,1.522070327236402232e-01
-2.324166484545556188e-02,-5.674191144451784519e-02,4.244467383193234467e-02,7.089188494087461656e-03,-2.048021602356772664e-03,-4.093556732113323715e-02,-2.159254365042051482e-02,-5.186397694274291759e-02,-1.761672453458840160e-02,-3.596193687822860086e-02,-1.929157919286786371e-02,-8.651957476446758832e-02,1.410994800554187245e-01
-8.809182398312909168e-03,-5.080748303427451429e-02,4.654502622614130336e-02,8.330614431420635402e-03,1.334022383722265059e-02,-3.122679606871514579e-02,-1.487123060924933071e-02,-5.908349705283133524e-02,1.488580531699532084e-02,-3.607092765339336982e-02,-2.081201081830139077e-02,-8.348482600457524105e-02,1.366948539909197402e-01
-2.289137982932387683e-02,-4.743778710622792438e-02,5.186198145420306549e-02,7.808131139700080769e-03,-1.581012805297200841e-02,-2.629284363198730601e-02,-1.266761539140329185e-02,-6.780762796445807816e-02,2.474710081158340569e-02,-3.592246051741865287e-02,-2.671286817032847427e-02,-7.669529522337364957e-02,1.404392944191382164e-01
-1.904312460681600871e-02,-4.106437014674030328e-02,6.139247381896417721e-02,1.450759465995737907e-02,9.718586601373133127e-03,-2.095410356198390556e-02,-1.540800895930599657e-02,-6.986319220806141983e-02,2.050698357712052444e-02,-2.686810113484239260e-02,-3.531416326164327213e-02,-7.910520844008422925e-02,1.425741292984738784e-01
-1.168870638993826927e-02,-4.933177016098105883e-02,6.259347710619016236e-02,1.122693967867693932e-02,-2.063276982494617606e-02,-1.851301747149275423e-02,-2.306845971986948296e-02,-6.641973365636438809e-02,-2.028461705272072146e-02,-2.958275262369880476e-02,-3.122338133495297652e-02,-7.724939728731616828e-02,1.433715058143300303e-01
-1.775048801248887975e-02,-3.981901663437314998e-02,6.950826074812820055e-02,5.434580040422631875e-03,-4.312160853908425517e-03,-2.294771370837700442e-02,-2.073991781559633707e-02,-7.428964811323068851e-02,1.980348981539792330e-02,-2.195560473266783275e-02,-2.564274250980996817e-02,-8.108196900714609301e-02,1.461571685407815069e-01
-1.163114588287490758e-02,-3.004246612000355254e-02,5.975526071032652431e-02,2.265531621839178555e-03,8.506488310241658302e-03,-3.093377035503869221e-02,-2.983331678041478696e-02,-7.513879188923222596e-02,1.957042970840371099e-02,-1.806132274751359734e-02,-1.827477581739300749e-02,-8.305991565420789424e-02,1.418481955742649792e-01
2.324256682108651051e-02,-3.190436563216736410e-02,6.517496054902625902e-02,-6.484863000827623125e-03,-1.634723313905586672e-03,-3.354714270619235661e-02,-3.240690941999165020e-02,-7.298711684337172434e-02,3.559771364840022545e-03,-2.318498598568541347e-02,-2.127473003686489172e-02,-8.848323501434629534e-02,1.489478333542600119e-01
2.348059025174996373e-02,-3.852585505644368080e-02,6.464066194808983090e-02,-6.081504066858645086e-03,2.134748386146724519e-02,-4.153860084511673545e-02,-3.176679655767020161e-02,-7.651823768679377746e-02,-1.234577097300111614e-02,-3.272865483237075157e-02,-1.661322997358842535e-02,-8.268898154567222436e-02,1.537314865994857394e-01
1.884847601018589669e-02,-4.395309549724663034e-02,5.695171719053663401e-02,-5.063957814216146769e-03,-1.614957248688379116e-02,-4.713096320823934038e-02,-3.791988084446198948e-02,-8.209148825220274892e-02,-1.713922351012044099e-02,-2.486294688330575875e-02,-2.634647542206267068e-02,-9.028616691115742832e-02,1.611613955495657946e-01
2.382094297031885077e-02,-3.513645093699557798e-02,4.726594536010671893e-02,-3.876667794132038214e-03,-5.375372600695996206e-03,-5.488843744208787845e-02,-3.745430837250769696e-02,-7.834251071970227409e-02,-1.847594364395115096e-02,-2.637509647962577031e-02,-2.633499831278177106e-02,-9.246790928023157496e-02,1.578415903366694739e-01
-1.029578900929416230e-02,-3.378493437704155333e-02,5.456623814369968017e-02,1.830523736305766924e-03,-1.734169084327878002e-02,-5.198889843903431451e-02,-4.811912642401787454e-02,-7.305380854735754603e-02,-8.180148213791649248e-04,-3.132012553418878076e-02,-3.580507753674379290e-02,-8.819061289676866089e-02,1.578776313795813568e-01
1.816055466822841247e-02,-2.900201133353502714e-02,6.369938627863727665e-02,1.003756339661043828e-03,1.933589415739452033e-02,-5.507070333730229583e-02,-4.949033372753738891e-02,-6.483072273326251356e-02,2.456510082954178886e-02,-2.753069646193800901e-02,-4.286496084682385466e-02,-9.566436167761399600e-02,1.662497369858189356e-01
1.896596369836614504e-02,-2.103820608022505256e-02,7.096359068687438376e-02,3.573762432986737902e-03,7.114315221572395376e-03,-4.785176513991917790e-02,-5.770288733824549543e-02,-6.657200175281052790e-02,1.564598111989315421e-02,-2.167747412771847682e-02,-3.984335756838008891e-02,-8.866333758857869451e-02,1.616049708153737274e-01
-1.217356520473548975e-02,-1.900624194963185243e-02,7.293796664700344379e-02,-3.120463184561161896e-03,-4.194392753985011491e-03,-4.250991417669119921e-02,-6.786510450806368389e-02,-5.824923821650301869e-02,-1.277048214905832091e-03,-1.429331277420875512e-02,-3.690742054317788789e-02,-9.540314562444141000e-02,1.622722915870083160e-01
-3.592028009843650782e-04,-2.306335049177754559e-02,6.584886439526814461e-02,-1.224842592231106808e-02,-7.740814543150884020e-04,-4.336971366925346238e-02,-6.399821734970675968e-02,-5.215311488672269569e-02,2.354047817103001317e-03,-2.328465773459520438e-02,-4.657526002777832158e-02,-1.009249140737016881e-01,1.631508641682298810e-01
-1.935306578140605707e-02,-2.191161239389188831e-02,7.296879921898057064e-02,-6.302333062427334376e-03,1.914703295119423582e-02,-4.333762549082936788e-02,-7.410539014554498594e-02,-4.445838325836454219e-02,-8.817389629892445624e-03,-1.778631716215617331e-02,-4.365745043178437951e-02,-9.131979898215653035e-02,1.630064980954475662e-01
-2.617321448865106773e-02,-2.093609097144943920e-02,7.483372765282646222e-02,-8.592841587521937718e-03,-3.936123203979680074e-03,-5.387041705399392422e-02,-8.136071518478953102e-02,-4.803653432720594862e-02,1.341209211562674475e-02,-1.091186284501605153e-02,-5.389716357689886689e-02,-8.795752192434486139e-02,1.719949218964615667e-01
-2.334931808964465713e-02,-2.552755425009101131e-02,6.878916314382847730e-02,-4.577706066992370815e-03,-1.967737622302930672e-02,-5.298121447357539981e-02,-8.510171885661695079e-02,-3.669995187057639718e-02,7.196985447761088117e-03,-7.043444218840733129e-03,-4.689757614618886988e-02,-8.666848938551718895e-02,1.659679628381092176e-01
1.401211137995538383e-02,-3.363610444996151250e-02,7.231447913032723607e-02,-1.069686435988392859e-02,-2.637578968863229373e-02,-5.619079931631260072e-02,-8.782962502834827656e-02,-3.462231741424398601e-02,-2.851208134791033411e-03,-4.242223629870034429e-03,-4.217565595888467245e-02,-8.991917702395146872e-02,1.712534376109161038e-01
1.313600263057920770e-03,-3.917292010507861244e-02,6.226438751317698445e-02,-1.302082262157111536e-02,1.579641659135293946e-02,-5.212858916736134995e-02,-9.747278336995300607e-02,-3.035431349169515070e-02,-5.290125356247572797e-03,-2.406938880401388037e-03,-4.521041810062369215e-02,-9.410325850774703405e-02,1.729308167104878502e-01
1.372826645163250335e-02,-3.634508274273789974e-02,6.384083769612530768e-02,-1.328566263332792152e-02,2.172994969930536896e-02,-4.475807427297784358e-02,-1.014296681027220814e-01,-3.158647144463794243e-02,-1.417776032760476729e-02,7.150885582617394487e-03,-4.362342012421423221e-02,-8.782913244020978949e-02,1.714405253901784831e-01
-1.096757391094489546e-02,-2.950272158194666705e-02,6.807207393142447605e-02,-7.544690566201828208e-03,1.022186746375205839e-02,-4.912192587656100118e-02,-1.102679357353198858e-01,-2.368253559837502076e-02,-1.139717923252512796e-02,3.344159696625770284e-03,-5.443845214272974298e-02,-8.977941475076767208e-02,1.791193056777695136e-01
-3.704056643045787467e-03,-2.747767208848495013e-02,6.421262570488014965e-02,4.161820942085170394e-04,8.430493528982504342e-03,-5.728300976602035410e-02,-1.129461353359522968e-01,-2.035950116838236568e-02,-1.147488341791722682e-02,-3.624732730875879216e-03,-5.267835391420386260e-02,-9.021981262459910500e-02,1.802092323066983026e-01
-1.062672216220860756e-02,-3.585812637103580336e-02,5.574345935679419356e-02,-7.872830045393630627e-03,-1.270862799992735631e-02,-6.287490483305940847e-02,-1.186466699305599448e-01,-2.332246173013557966e-02,2.729959753145008716e-03,-2.697979473205824874e-03,-4.928727568967591205e-02,-9.269810087234098273e-02,1.853123978007200356e-01
-7.030038518987619112e-03,-3.028125763267786041e-02,4.926488242082969343e-02,-1.641360528419005815e-02,2.444959645706654486e-02,-5.331135628334954246e-02,-1.158357185357501151e-01,-2.688667010451195605e-02,-1.633950450440052951e-02,4.286359552211405077e-03,-5.662795573078375361e-02,-8.467838536790800452e-02,1.786225290434219903e-01
1.695108167736249227e-02,-2.883132493247775319e-02,4.654323979574866155e-02,-2.628532564288454942e-02,-1.461365125044413252e-02,-4.573423121129666091e-02,-1.091334022847984669e-01,-3.038004460073201463e-02,-5.614653706375039022e-03,-3.191199464818883502e-03,-6.159058858272364878e-02,-7.637000726554471486e-02,1.696510772018860469e-01
-1.673914759619921089e-03,-2.946759859046443886e-02,4.229427497058795699e-02,-3.058757183324273266e-02,-2.669403653178602925e-02,-5.582863673645011016e-02,-1.100701912295259238e-01,-2.015724797086154707e-02,7.400061949456570101e-03,-1.279759843168026823e-02,-5.948451648061495178e-02,-7.483644147684714865e-02,1.711845688981667446e-01
-2.072190010927612430e-02,-3.543221034075255682e-02,3.504012202828338945e-02,-3.823212041831691721e-02,-2.154130398969882759e-02,-5.218433901539532016e-02,-1.154497517822842545e-01,-2.394995517292453080e-02,2.773944692398191275e-03,-2.109227046648415316e-02,-5.385941923172305607e-02,-8.169640686761187043e-02,1.774585613327206712e-01
2.386662587035848215e-04,-2.632500979023538745e-02,4.426510473660294487e-02,-3.809139575807879430e-02,1.261613400399542138e-02,-4.290234068911280563e-02,-1.189739030150598342e-01,-2.808482639524445545e-02,-1.981082405760824922e-02,-1.442854318106834288e-02,-6.270936684148602225e-02,-8.763645127001962187e-02,1.823732591837724792e-01
-2.120455493698690519e-02,-3.131447880947768603e-02,4.835423763496210503e-02,-4.442484320563128142e-02,-1.519763706239812828e-02,-4.860343763671715056e-02,-1.188291923001113248e-01,-2.305400805936613784e-02,-1.879960286309350845e-02,-8.454668556380218192e-03,-6.949191207831433015e-02,-7.934346641062456351e-02,1.858399130206839500e-01
4.337978793460608995e-03,-2.907428262552935738e-02,3.765797162363981876e-02,-3.865008090020366494e-02,-1.353076444382145943e-02,-4.770040963538291212e-02,-1.171486359952401135e-01,-2.814997763853227530e-02,8.420360561492964968e-03,-1.575000292241668376e-02,-6.492479498722948661e-02,-7.288938077007317551e-02,1.749221949045736413e-01
3.511750879478955922e-03,-3.044885224356347342e-02,3.031403150886002873e-02,-4.402801477351714343e-02,-6.637562763581975056e-03,-3.885035590511570769e-02,-1.197428045971310751e-01,-2.550974506716535695e-02,-1.032215736612548951e-02,-1.461742278430100406e-02,-7.154078897728816111e-02,-7.854383470213632812e-02,1.787366771726935366e-01
-9.587706832274028868e-04,-2.710638714720414733e-02,2.815156847244522365e-02,-4.859936811843468263e-02,2.310583160167132069e-02,-2.912366566452018191e-02,-1.144985422752892446e-01,-3.096334478661189049e-02,-2.486103228726298936e-02,-8.134829515454966575e-03,-8.091694490780326765e-02,-7.697979012726630099e-02,1.802733578556067751e-01
-6.967343674616682803e-03,-2.906767983996882965e-02,3.326985091843644160e-02,-5.319087612905004647e-02,-2.063939147048951539e-02,-2.194024763676877265e-02,-1.092575123638382800e-01,-2.711750353319836160e-02,-9.656655964039674578e-03,-5.333438696481507257e-04,-8.966217843472740201e-02,-7.221941870036857614e-02,1.782078400752430403e-01
1.709223116931812836e-02,-3.140412822008586957e-02,3.809822744240731751e-02,-6.216258451396455831e-02,-1.392439635254094643e-03,-1.372289844067531295e-02,-1.019479215602737965e-01,-1.722958858220791090e-02,2.583874252276331662e-02,7.040421564882382022e-03,-9.815421316734010415e-02,-7.589099687840566988e-02,1.832632556376420363e-01
-3.707065334645709420e-03,-3.012818057920080284e-02,4.037624237337528177e-02,-7.247827643921567198e-02,4.447978665546720167e-03,-1.998860546825287354e-02,-9.569933720508833064e-02,-2.462861564715301821e-02,-1.860841892884269877e-02,6.446169763574260969e-03,-1.090897276758229645e-01,-7.186838575364640214e-02,1.882618169731623270e-01
-9.673333722627186493e-03,-2.421154273803294288e-02,4.686100726244998849e-02,-8.129260058827508795e-02,-2.629359209492879157e-03,-1.747639635807213265e-02,-9.436529706536564421e-02,-2.131533772682231431e-02,2.582124840981220304e-03,-1.823387996477132678e-03,-1.191826877840355542e-01,-6.784635729545840377e-02,1.948674866401558514e-01
1.423764736791097163e-02,-2.742315993760402471e-02,4.414717478308921583e-02,-7.942965685802083620e-02,-1.391231444150198282e-02,-1.517542062817001103e-02,-8.668439918488986262e-02,-1.267608811529619128e-02,1.866591730788301484e-02,1.085205963569091381e-04,-1.148303943811476019e-01,-6.697092062194204276e-02,1.879655548713808078e-01
-2.733963057795857354e-02,-2.998592969159546984e-02,3.917962846609721050e-02,-7.211526681994834265e-02,1.342576015896468355e-02,-1.287287456852714840e-02,-9.541592895810439845e-02,-1.238702212445214057e-02,2.135530644635923181e-02,8.717461734109865912e-03,-1.197781889069848837e-01,-6.613732334581240435e-02,1.929737532829388647e-01
1.522085270817707947e-03,-2.897526751376067189e-02,4.762786095300569622e-02,-7.932620054117534014e-02,2.767067536890854829e-02,-2.090941943147128779e-02,-9.312488115175450443e-02,-1.158678351845315868e-02,2.777010962889239765e-02,1.487701121084622491e-02,-1.265990934415276992e-01,-6.389752252385361153e-02,2.012834755680635856e-01
-7.768449439511548871e-03,-2.306673232896799819e-02,4.415588305615061882e-02,-8.857534734060545922e-02,-4.417428147762914037e-03,-1.376774860469676121e-02,-9.957587486692200118e-02,-9.138706509766669761e-03,-2.213755557299527943e-02,4.502429403764163229e-03,-1.300212725018861926e-01,-6.001347452635380497e-02,2.039930983202460912e-01
6.883356087815456492e-03,-2.990383858262257721e-02,4.669643341787033108e-02,-8.636980268396926563e-02,-2.741663945650839318e-02,-4.310727472523923076e-03,-1.001677978724618834e-01,-6.240681533338343634e-03,-2.551403093834891944e-03,1.154736139918105531e-02,-1.345881568083163449e-01,-5.510875543866611270e-02,2.066772998705064812e-01
2.213358964345796265e-02,-2.467069641217112252e-02,5.217656428060854501e-02,-8.190836604635809426e-02,7.794537451723107524e-03,4.292357914548738940e-03,-1.092390074177207460e-01,-2.129965902043617909e-03,-4.289214673907443265e-03,1.973557301686468257e-03,-1.273050375171444482e-01,-5.551962760077377990e-02,2.045924825219559429e-01
-2.266210590969461314e-02,-1.617190194411050053e-02,4.984638193389590022e-02,-9.359177067496560198e-02,-2.625360434445103697e-02,1.328323156274929806e-02,-1.133975468083513738e-01,4.322012413554843224e-03,1.988270500108663130e-02,1.094843199293560332e-02,-1.371329121093815273e-01,-5.979041981490884616e-02,2.205857705939203439e-01
-2.426642146113258680e-02,-1.654534557778725157e-02,3.965964936282240227e-02,-9.686623134630134579e-02,2.180745553714288909e-02,1.502619870856791717e-02,-1.045734499741576978e-01,-2.424036517741812169e-03,1.251509696243596759e-02,1.654324014077163119e-02,-1.340496665424876221e-01,-6.642625952602054795e-02,2.151126771994401332e-01
-2.735524538855976795e-03,-2.570669967600375250e-02,3.087923162555894496e-02,-1.073998779195523556e-01,-6.680633241626793284e-03,8.665283777147592126e-03,-1.055354445861334811e-01,-8.709006414753250880e-04,-8.248684331322170271e-03,6.711349916763309498e-03,-1.394749581938716232e-01,-6.355566610701485208e-02,2.191356986650372929e-01
9.360728705785914538e-04,-1.774130220710468109e-02,3.718251236195913023e-02,-1.145442375169193894e-01,2.603327837988705928e-02,1.987501078837272672e-04,-1.077972827708420234e-01,1.083960020531626878e-02,2.850150192696004892e-02,1.259237068913138247e-02,-1.502607920038051548e-01,-5.524674208986568580e-02,2.320247515618118483e-01
2.174667678364622381e-02,-8.993425288084389013e-03,4.181959096086559913e-02,-1.075198749383993180e-01,2.692861412255953546e-02,-1.840935617581362926e-03,-1.158294666926485417e-01,1.272878763182549999e-02,-8.993538082260749134e-03,1.773991742178476771e-02,-1.573773992590794535e-01,-5.456248985333483903e-02,2.372983934411544704e-01
-1.604902863271984170e-02,-4.213242160641617051e-03,4.091236214858090525e-02,-1.181750610822303038e-01,1.336920340592817613e-02,-7.967226378992442459e-03,-1.163844247834271428e-01,2.187356950873287076e-02,-1.978327626295367514e-02,1.474941022962544812e-02,-1.619257169498440341e-01,-5.006027362401133107e-02,2.439577438120777431e-01
5.370045731021677593e-03,2.263130950048097834e-03,4.640261367028589157e-02,-1.199765931649207640e-01,-1.614350721549270840e-02,-8.578817869177135513e-03,-1.146803031800293082e-01,1.484486938653029053e-02,8.086742227062015953e-03,1.548742266690161795e-02,-1.613622436766154744e-01,-3.810073329643598461e-02,2.410028855934065184e-01
7.901089841255370949e-03,-7.591703746188338542e-03,4.462298022673405473e-02,-1.299077823292335010e-01,-9.182182830963309117e-03,4.580266068610061581e-04,-1.208276767141748531e-01,1.465872298771508930e-02,9.686822389148558310e-03,1.657951349083619519e-02,-1.648829932274770982e-01,-4.178810622769740801e-02,2.513710274146472856e-01
