0.91249899589789263,0.072701421513559641,-0.10021502554625482,-0.00076072638595594871,0.78152188486234386,0.010154929814326205,-9.5055046362903253e-05,0.0073154221996110094,0.79558157423926001,0.10085142371276348,0,0,0.9647699043002691,0.016724843036499307,0,0,0.88300615006963168,0.11434456829739177,0,0,0.83551296694907096,0.017535195037943357,0,0
0.98360017407994793,0.11758641508362097,-0.17152684991553271,-0.012037612104245731,0.88068982094109893,0.13164774519022593,-0.057196789372927374,0.024836735636059273,0.9593739671739554,0.15809671088084415,-0.079558158219507583,-0.010085142472127773,0.90420808229947147,0.077736372620593672,-0.096476991394796818,-0.0016724843203747737,1.0894364942570252,0.12719048374620578,-0.034803397404500676,-0.016185980055920542,0.90127883412090892,0.0060194746742348801,-0.065365365233413908,-0.013803886024861654
0.96510302682846683,0.26189262988437639,-0.2682194535607052,-0.03225126010227343,0.91588105868998138,0.14854172284621786,-0.14614450692591271,0.0086728125015120526,0.97955710822081965,0.11044182416232756,-0.15645668897006773,-0.065085513053301666,0.85231618819421784,0.17986628244347475,-0.1999956249276009,0.0074918896107936481,1.0893044575290887,0.038677082812827168,-0.13172047680192228,-0.095891796774046772,0.86143857589042994,0.0012893223998355213,-0.16610643585317675,-0.04077044142882634
0.80660729550071508,0.33300018630656208,-0.4401640979494848,-0.05616311887063237,0.97260864765869537,0.26227276548734135,-0.18133136779846346,0.036515401676804352,0.93645315056675593,0.22223745834063896,-0.26396489150741759,-0.034153028784472836,0.86242898042405092,0.24876894276337908,-0.25379718020429098,0.00018729099853126083,1.0733043941012141,0.063904738869771327,-0.23506148270583291,-0.10571244830429276,0.90239090967290481,0.082944029811697545,-0.24918777352266003,-0.048905788853637666
0.86505889575073192,0.34457050327418742,-0.36233579391542958,-0.12890619146269383,0.9160737288867653,0.2450476140286266,-0.29873750530014603,-0.082802981314731128,0.8917513503999337,0.15735828820893338,-0.35426701296357999,-0.069290914265511733,0.90241842740087719,0.22848115906541672,-0.33846798030366593,-0.037312078575185662,0.95813876304712109,0.16442505898052689,-0.43848170976876982,-0.057562465390496309,0.849262045845387,0.11381717961602279,-0.35732985395343903,-0.080841927867081359
0.87849217069360597,0.35272753238270388,-0.4401734745699647,-0.18057894865718194,0.8104201248026266,0.28362875413624339,-0.38436565885743673,-0.12164798260463272,0.74422375426835452,0.22940203021462172,-0.61382651989207015,-0.048496958325713262,0.92154344483617079,0.20346825849407929,-0.29653380100111454,-0.18401818417979982,0.87730987172356001,0.20625790907251818,-0.57580853565504286,-0.095816653324176312,0.74470006144262768,0.049002821954743064,-0.54503975843633978,-0.31773154034292955
0.72227850866089549,0.40900781863704949,-0.7720986885081127,-0.15667050136606495,0.70322791342412683,0.34276471579451628,-0.60127702314142473,-0.083076308628562703,0.64937323650063017,0.27562767450700454,-0.73363439222578486,-0.060180057407106899,0.7957508845303628,0.28908825756784506,-0.61385715847653266,-0.060686105441796978,0.8701319130030114,0.25765772648593727,-0.6551867025069541,-0.14448031000379633,0.74219786605358484,0.12195225662367515,-0.6003128598568126,-0.34775680610222215
0.7490863660538869,0.3674141305771772,-0.28756232139247134,-0.45314528817340394,0.59125260819839298,0.3203870871234808,-0.77960386543040905,-0.34664219337458313,0.65747686801106964,0.15935798211604313,-0.79100768513832065,-0.12385140652879169,0.68172068931501917,0.29228941119019536,-0.68658938376223155,-0.11974385000372295,0.80764806444769732,0.28150693013303429,-0.63942712841501403,-0.21176436182589187,0.66189844601653613,0.06849858982682476,-0.68267246555076,-0.62370327528551983
0.69867556936378961,0.52276140662502324,-0.33814428581479555,-0.50136359386050267,0.45312366945353832,0.30285812559543079,-0.81663292623296568,-0.41529059261000156,0.44426498662581204,0.22193549835685153,-1.5051600608365019,0.018824185191811338,0.69000349161391106,0.3355622658660678,-0.24261072514768353,-0.033986820442129556,0.64082188834616227,0.22296855145766675,-1.1412937504604872,-0.70551228014404144,0.57650891682573235,0.016815126342329578,-0.75984440781010731,-0.78185790750499906
0.59859411271894791,0.42338707098144096,-0.58869586407834051,-1.1050851811781137,0.39065032963213514,0.36540775692196459,-0.62181870276967433,0.072166652599466585,0.43641943845281078,0.088664395987248817,-0.53171192691838043,-0.98796934276049386,0.59747378032491572,0.37507953397295152,-0.60223232417444816,-0.028228973920063918,0.61092190692823467,0.31921218301168264,-1.1631794730112506,-0.78016950392328999,0.54684164522460443,0.13390462899129038,-0.77387898750584883,-0.81645464106797805
0.48781166360243167,0.44891143553161889,-0.81090741903704155,-0.44032820429352337,0.28344753835471748,0.37252418860389808,-0.82035124584338082,-0.12104418826387463,0.38337124286731278,0.18500268904284395,-0.52290915363094526,-1.0171217158035109,0.49091758509244521,0.30087036815562374,-0.65682336315953249,-0.095509985088490582,0.51165027749914693,0.1815264534361942,-0.87840398598111091,-1.4935445501367131,0.48251817624531618,0.094548685420510453,-0.62035061587870444,-0.73869720957257057
0.39099572147610073,0.52561925787512809,-0.83273833669776531,-0.52280200257406151,0.27090453821738025,0.34984766988111565,-0.83756486793745566,-0.19833836422144951,0.20861091503580026,0.14973012379191453,-1.3647106271595206,-0.73010816658614042,0.48771594388825951,0.33787625504716973,-0.097082931756496044,0.054538566073243588,0.34074715296075475,0.32065049387242572,-1.4476022709238676,0.30714102590797965,0.36898026235827691,0.08045074828123816,-0.95235461823239564,-0.53139641040077801
0.27306793980790423,0.48040269383521317,-0.88412238969056678,-0.6862650490355432,0.099315241359977102,0.3693663598638447,-1.3919200846010433,-0.083397722501622723,0.1878188059796736,0.11700806807304867,-0.4541455140572126,-0.5409021257637745,0.34826115396076329,0.35663762610956828,-0.93775773543916874,-0.08789075078610456,0.27220443596472327,0.21824068292101018,-1.4879310544088447,0.20117306325007001,0.10105665143126888,0.044425564132702995,-0.95689222408181673,-0.58349084755811997
0.088290590360461205,0.44617554207646209,-0.87179231719177774,-0.77399651130557778,-0.071729247485493558,0.2809607702778163,-1.3890311805865294,-0.18903475148100202,0.16312744995101805,0.039053086074127878,-0.22854294066392578,-0.79928952807805953,0.14002452556297107,0.26396458801474598,-1.6179689292558177,-0.92848273429700046,0.31401331311729247,0.25308489284300728,0.065322010172852996,0.20313747444364064,0.078812041126012825,0.04770034408802136,-0.36006638062913371,-0.15919296952002049
0.096788153483965619,0.37621724012978081,0.078983705640421245,-0.76601016171174363,-0.23448705317976876,0.11828720849168614,-1.3901674562442803,-1.36230640687543,0.16441750713400466,0.021661423019804081,-0.20368304529008491,-0.80957987294713862,0.11849659522739128,0.091339968713863962,-1.5757164491458162,-1.02955523895005,0.18278001474685934,0.15747265470395216,-0.82938955907149225,-0.81482056502582023,-0.053085979466745245,0.016643955478662428,-1.0306320045867388,-0.35195326754923284
0.0039095246960034052,0.22906084114488862,-0.46055339665912742,-1.3572176958306765,-0.3500234346455473,0.053861506137127313,-1.1175559911859714,-0.81051675386174471,-0.019512999518489255,-0.042917274583414169,-1.4462545259842083,-0.81480996497548319,0.15368728137475363,0.16229459502938376,-0.041744607138491124,0.28716891161189739,0.20092405601878432,0.18519652857366486,-0.80197868201655931,-0.86673613423733065,-0.088643547904918962,-0.18701603870042594,-1.0013989279529161,-0.40267786386612431
-0.14552037874374937,0.11156997908669113,-1.0717457291831727,-1.2856372824761289,-0.44768943704193825,-0.087931654593445013,-0.91259330439477604,-1.1762469835238822,-0.15588192983623395,-0.1807830512878183,-1.3947711826623932,-0.8773632393613483,0.034370826684269329,0.093322647941322931,-0.071134105220659771,0.26707414450662753,-0.0019787011922453301,0.026242888007900061,-1.6186228146473278,-1.5969246864709148,-0.13531957032092273,-0.26212334992117919,-0.61342752074309048,-0.66091975508455159
-0.12571950673413076,0.07819522058899292,-0.9865810211133621,-1.3420812681701486,-0.40984328201138476,-0.017357195588961039,-0.80364333901807739,-1.20550778375039,-0.10567297014575983,-0.29676175925330395,0.078295007469806999,-1.0212820189269591,0.015748603445201237,-0.0045452931906053845,-0.090233126442458289,-0.72696353446993789,0.086362233294861368,0.073095558777823894,0.23446599190956335,-0.065783019468377502,-0.17077777420087614,-0.25279987137593618,-0.50487341711721312,-0.067959477988727812
-0.34602877719575498,0.081587429477928991,-1.8860117234708818,-0.30673785971767753,-0.49098977266681448,-0.15885472210023091,-0.73032054623888665,-1.2431447874519386,-0.33875646983667118,-0.25401946787790464,0.13916269885880247,-0.98134862144975321,-0.12615737840283703,-0.18423186339752973,-0.055093920434445172,-0.72646657232175893,-0.12956200811657842,0.049278435385728028,-1.4891093785247149,-0.30186502739776311,-0.33614210837113545,-0.33581398338603763,-1.3981067689364637,-0.62263193045648113
-0.33515090033011191,-0.095973663832256501,-0.30292327037719025,-1.2785757020059441,-0.52170798638210814,-0.34279758972181734,-0.37206308977646091,-1.5093504990531705,-0.2990846550867996,-0.41006662003496896,0.32297425970100679,-1.2695349860243574,-0.21176896613267546,-0.19448548631260834,-0.730895189247879,-0.21736006014300691,-0.22044066700104953,-0.099375799854511962,-1.4518628049514366,-0.37896520537959172,-0.42660772042796935,-0.47483857393036638,-1.3248175177381742,-0.65469861384825367
-0.43201787468930619,-0.26160125780872634,-0.20393722206889578,-1.2760758610612266,-0.59081438134932851,-0.46187042275769274,-0.24251411451374053,-1.4841686214124721,-0.43853094475483889,-0.43905336668394346,-1.0415019268448777,-0.47083875138274611,-0.27728790064043451,-0.18561087763965367,-0.73388582067578156,0.057139651780914069,-0.26208338701786293,-0.093755695065726702,-0.66166039079422301,0.020998301381582596,-0.43044575252490258,-0.58764773186760866,-0.42829537681095298,-0.85664391496788039
-0.3208030553125919,-0.31673945049499286,0.77293738260677836,-0.48594497394017966,-0.47066584771373027,-0.45701178321695268,0.7410445153882449,0.0089470695856903593,-0.48989881201710622,-0.64476555352523057,-0.70973680421002072,-1.4883740986835394,-0.23913595489593581,-0.3859308213632146,0.10377157328349276,-1.3418660361873269,-0.40879106158065071,-0.36998081415741352,-0.63237348271718896,-0.0026612737858137774,-0.49708794479756035,-0.7622347328421738,-0.3399812733244944,-0.81384047005252524
-0.30037645701857529,-0.42086494538074781,0.29391944316844298,-0.74395998477709302,-0.45977303844981721,-0.52766122324832931,0.15181807879582385,-0.31391811216873261,-0.35985584782040747,-0.75767596676917359,-0.58230785238761174,-1.4499186080996649,-0.29572395142188562,-0.48693547028887668,0.19376942921575679,-1.2897512231579804,-0.40262188748327843,-0.42020547845592821,-0.1983909156994863,-0.22643085327022794,-0.39899975062034287,-0.7818698443632679,0.42839450784404159,-0.078942713980201695
-0.33984867187283685,-0.59264023451426928,-0.28176361928241167,-1.3399496149579724,-0.46891222601346971,-0.63637059501678994,-0.15807986846995992,-0.69460953773575951,-0.50035984313956972,-0.83888147233131838,-1.4576473549108466,-0.83928356455287223,-0.24066188654642975,-0.46895282040702713,0.29950084698681301,0.022609614420891155,-0.39061778353858784,-0.49360884887100392,-0.14563216739586399,-0.1928653722142909,-0.30284870719879997,-0.81447226225481928,0.46955096600419854,0.021040179514113813
-0.28508830192260037,-0.78041480368505611,-0.17938752134492536,-1.2863484276796893,-0.42072058543983082,-0.72921203238313981,-0.075660786280273506,-0.63450565445169538,-0.37140350508611825,-0.76975117705988838,0.26276902724086937,0.52587522541242082,-0.23400815950984605,-0.5260303322769182,-0.01322967455594138,-0.30152272451149031,-0.41321742456118837,-0.59316381703139986,-0.34294482554849143,-0.65906685466442561,-0.26192332995629902,-0.97361528345211568,0.17891309620812895,-1.0666837656297086
-0.29222150431435068,-0.82609474515138259,-0.35515501008703554,-0.49834017754588533,-0.44957408674989102,-0.69238807114034195,-0.51847398632278863,0.32851250168481716,-0.39436720581395646,-0.82040573992886423,0.27212034004844476,0.61264108717977284,-0.17589265980275243,-0.50653828716741711,0.02524827037905835,-0.24769881002028779,-0.27181908008336131,-0.78219370605673544,0.81980394967922143,-1.3355165634550188,-0.19430510502638634,-0.98891784423940876,0.21878673917202113,-0.23661019368844149
-0.31914997195347178,-0.98642411104566152,-0.29893747844631363,-0.43028736221387243,-0.38694182042877828,-0.94335271060100934,-0.48662285400232652,0.36992068604154626,-0.4852110063850128,-0.95130530710027328,-0.91072715320648434,-0.7458515238729605,-0.052590113609618669,-0.60352540657102349,0.81883248601697656,-0.67755120140823055,-0.26565935347333935,-0.87259385014155533,0.036001006970387037,-0.87125386389935322,-0.15255753301619771,-1.1846829147297342,0.086751569548897955,-1.3724024200608906
-0.23474088554116729,-0.95708056342351799,0.21593468834517987,0.31879420459648306,-0.24187478595616962,-0.96687692273355086,0.67729936473765262,0.12746853029125405,-0.34977571580755329,-0.9958578841397091,0.45122867712174852,-0.27417133207962502,-0.087736855810936029,-0.79131979772341632,-0.18064530255292854,-1.5123678685045854,-0.36909575564462938,-0.84254499497995194,0.10566998625551081,-0.7767753600479731,-0.073404792935750099,-1.0729397373800422,0.16971620629372308,-1.2410685274427531
-0.1298937594480076,-1.1499022692030372,0.22220968246276102,0.42325426217476109,-0.080619934568155971,-0.96413219240704973,0.6909275873743953,0.25704399457480387,-0.36954756302454983,-0.97326525569881961,-0.38033079461516039,0.25549596570931599,-0.025287935070557585,-0.80532518522979202,0.15210913451567981,-0.41586497823111324,-0.26869916497849294,-0.97335234244105839,0.55356109194961289,-0.97797502022101779,-0.078292692778738238,-1.1348691518936285,-0.37805823990082393,-0.68411589777383308
0.014911066995175706,-1.2612165474437709,0.77382579518625438,-0.62578189646578053,-0.042175894403700953,-0.97437819541223503,0.082943936816619296,0.06107273068800384,-0.26869340328267488,-1.1369030012533976,-0.35371198142603621,0.33231668248449941,-0.069471141875518741,-0.80873074980172921,0.17437105770848943,-0.32517682822920246,-0.14867589758471678,-1.0185853113507721,0.71047732802835217,-0.40346725989212667,0.026241909736741308,-1.1024378214640185,0.25563774747528772,0.16105781286373388
0.019932497680186373,-1.1448601829683316,-0.24830021839755201,0.73604560196697655,0.0057845245057573363,-0.9273262396037999,0.0040723616873698815,0.42865451871816607,-0.15635175801922926,-1.040226994572123,0.33237253430104796,1.0073990735588374,-0.040069112262317512,-0.98556085731714671,0.028940479248552739,-1.3873332919266201,-0.13575194471507729,-1.1472666063301773,0.74098231252263702,-0.26376275372695479,0.10846145688157095,-1.0986408378262704,0.24341128641202436,0.28301088253031997
0.011344542549439347,-1.128289605722173,-0.55880501072629307,0.34110974338423433,0.17620938254495305,-1.0396431172244309,0.94974842740068677,-0.61755264267409149,-0.24426999368705443,-1.0032076538459624,0.29583883989655252,1.1216735127831567,0.15674922794485738,-1.0365066835932317,0.1017590060311661,-1.2786935104955508,-0.013436374612255378,-1.0513253649206178,0.63982142350773596,0.83763690870712226,0.30885004435291352,-0.99275618186624159,1.1447189827210924,0.96113435067535813
0.11050179323184264,-1.2298694392891074,-0.57342089833266585,0.42402393034202612,0.2597001584347875,-0.9670577934489426,0.95692042732170868,-0.46250946022983092,-0.071219319306639745,-1.0874363706548684,1.0521402292607229,-0.2149596881064566,0.086194903636827608,-0.9069091034937915,-0.96594308761056258,0.67706808059726775,0.045307769152721576,-1.0225237324800669,0.19654881996194989,0.5033516048477662,0.29476513651780611,-1.1153482553580532,-0.14022400392184373,-0.70993083012062419
0.30137695729385006,-1.0473298519586092,0.81847175689736218,1.5837867758511184,0.31769684623353711,-1.0640347579565121,0.31616765621050136,-0.89387299018602373,-0.045069177050587855,-1.1635485074275445,1.063396188465302,-0.052553807073228653,0.14993481170580353,-1.0026307592663175,-1.0022143040155067,0.71550392207242941,0.097816229360874238,-1.081331858196833,0.079090703943890714,-0.25773943323062753,0.43614102619652256,-1.0047439044313717,0.5539528004470482,0.60944536570670338
0.26109211540555499,-1.059644824290769,-0.48667895765655145,0.24921363108308325,0.3305724852625721,-0.97587378248009782,-0.23999017483678425,0.34381594824790629,0.12563856865044032,-0.99118000971389297,1.0451626001894823,1.4586956367288368,0.19590384797325716,-0.91460108070552437,-0.29298086228283871,0.82076758264974037,0.18029616136162724,-1.0173619375141032,0.081633621822586211,-0.14406709665642567,0.43345710172630414,-0.92782976089360603,0.47657935571330706,0.7336703135818301
0.31259832891583889,-0.96172898384365624,-0.52214903660975098,0.32942276672937598,0.27184738483176801,-0.84823997215314062,-0.28864997475773546,0.42732631980046815,0.17649249210477308,-0.97784595307585176,0.26112029993047625,0.50591045101168608,0.25428533788694629,-0.8694633597561493,-0.015708317082719594,0.52627559219580522,0.3806524972121364,-1.0374003312128617,1.1960974620431719,-0.1453982488221533,0.58631796821047333,-0.87771681037989935,0.89725556714207533,0.47361641477370836
0.44502911872759277,-0.90232010338169277,0.5150435258352255,0.4902800254018384,0.22551954736100255,-0.81259868743866726,-0.77766325117832868,0.27029312893453894,0.13032903774615956,-0.90522837435700176,-0.66408991841605647,0.62204126692822359,0.37612892405084564,-0.88917343023280004,0.56524449407029453,-0.023477191993148683,0.44744110757637878,-1.0570914078971672,1.1578099568648834,0.018729568782050843,0.5864794986179247,-0.70693473774532756,0.80948006504129988,0.60305741644505684
0.66459358969089521,-0.77951071650052028,1.3472165300039747,0.98575002094656039,0.28179158140995186,-0.68814968789678421,-0.14355792230188713,0.93933175048435991,0.23040705549672436,-0.78882276208711344,-0.70391892052780791,0.67566303561039698,0.3206508566710784,-0.97158385131807679,0.52527707557131609,0.093695989911710048,0.46691743717438572,-1.0736424594970642,-0.012012461409505296,-0.242212021300898,0.68537275156691513,-0.48826423773707939,0.56191290241533531,1.6748219018066939
0.65433260988182329,-0.67074761599716348,-0.083376141168091417,0.85541723068969522,0.3110501097255528,-0.75764915864134974,-0.069133549540308675,-0.33324145744264055,0.1283244432188736,-0.69265125426711482,-1.3050857547189814,0.78388827668518812,0.37436013944469398,-0.75258915503735013,0.058287284411497678,1.6679863342944858,0.40511801899134803,-0.88647448852454092,-0.046584176567699372,-0.13393592723853412,0.62349987783227001,-0.45625664210305444,0.40658561830928602,1.7411563657094358
0.59149973147739299,-0.59365949120489359,-0.1908296973841179,0.91301559259561094,0.29628313066840667,-0.73599726897626927,-0.083235725097454166,-0.25883811437561438,0.24419156772302886,-0.56909027964259717,0.19584441568583019,1.113658514258733,0.46678643228360972,-0.68155028185614808,0.35817941751296112,0.88302064708845429,0.49101567903651933,-0.68075615805365486,0.22489523650947379,1.473108846737571,0.68167206162510807,-0.31134477860136045,0.26957961657245971,1.3064397145179831
0.62622448596568292,-0.5055165315848017,-0.060947962633134303,0.68411809422237591,0.27678835955873721,-0.55925324644758578,-0.53094277947314261,1.2296805588127944,0.16731663924013668,-0.43610154513914567,0.11482282516763974,1.1733676483865842,0.4939950515225579,-0.67859536520498398,0.26535642704408108,0.96348579158693126,0.49204374708195442,-0.68300853380856807,-0.21501409152158441,0.22396038692405629,0.61084450194524731,-0.053109013430311006,-0.69404951995857,1.9723813653214055
0.66232828447275505,-0.35793565657156812,-0.1572117679473844,0.72737606519846965,0.17206907750816272,-0.49986383025169856,-0.61646519543763134,1.2515400015724365,0.18840375712011914,-0.37040596824003957,-0.022685803404448437,0.72165697162059617,0.48810952906346688,-0.53066485875213032,-0.33512457446961602,1.1918124625193494,0.42743675577091167,-0.62546928374905386,-0.81882348117760106,0.30007176204451924,0.54464017238673967,0.051700789144923556,-0.77172907801540769,1.0299113873705981
0.62036059986047143,-0.37092227087326785,-0.52185979729957999,-0.20422451571117084,0.22584648879005192,-0.3359026211196543,0.0095460140168342998,1.5095949766131049,0.33014161558985272,-0.25601411766863463,0.83850349233688271,1.0228528892912363,0.47953687412923635,-0.49341956530211351,-0.38940316595623542,0.42051356405586415,0.47700778340133493,-0.42733971128806675,-0.87138759818187383,0.32002893220461576,0.42658771362419085,0.22502039922491615,-0.87260183305724215,0.97994591145420706
0.43724054044532046,-0.3175936412258763,-0.57048807983246552,-0.19181179805640497,0.2733084545091547,-0.2148558837772695,-0.088170121510855501,1.5342536599748382,0.34076430084743214,-0.17264181352174879,0.14777052606438362,0.78225014773090662,0.54026414601037809,-0.44119667381368682,0.12306918129044764,0.35371819186007242,0.36203977352216254,-0.41256374909506682,-1.2735571276485147,-0.042150960449201913,0.45767741911789983,0.27160725299683541,0.10458940432880294,0.4020304109997187
0.3536052515175413,-0.085240821288202123,-0.99724653772112593,1.5648931175044369,0.081055156556340602,-0.064174564933870373,-1.6773008662477753,1.3299562263272653,0.096031816848104079,-0.070219311154256753,0.073872115486770668,0.80198873403996096,0.40585938605932143,-0.33242633363251844,0.050685551035656334,0.40175405599833475,0.29371576257564658,-0.2150945493860075,-1.0676193955971911,1.2767410827251915,0.40184658564926307,0.3475265110088851,-0.33269775085275843,0.4665052211564783
0.34155916416262661,0.085425853599452886,-0.47800579680155914,1.5166061253093761,-0.015495930040571745,0.0017570252652941432,-1.2153344608408694,0.74811843102869924,0.10640631609232601,-0.041897853904115892,0.047031122838648569,0.36065982741088326,0.52795215822431751,-0.21087542867190162,0.77337672421508552,0.93834656840405684,0.28619097929001425,-0.11656744565563598,-1.1538308296006894,1.2372025471385737,0.29864253320250145,0.51628447786972798,-0.39400862415147253,0.41230074559562929
0.23480946141183098,0.054017465137874116,-0.89677087341550354,-0.0069191756002977556,-0.12687022012547083,0.087068680470197543,-1.1731557177198262,0.76925698514797214,-0.11484614239850233,0.082970679406929218,0.018161863080054075,0.36494119082180737,0.39845935331920518,-0.11702839966248717,0.66909871006395849,0.99204721070574742,0.24928149578842396,-0.0048017395247563592,-0.64487876216273743,1.002723481529237,0.063300505028108467,0.56394400742751094,-1.754817046550293,0.23206643518536088
0.06832574931647406,0.16239880469478407,-0.91431994161053687,-0.056874133318131855,-0.12004634503757275,0.09381641382837827,-1.1914138224404898,0.69741595416263968,-0.26759559350595835,0.27111309076162027,-1.2247237150877812,1.5234350097282046,0.40657237708064214,0.031109910508877146,0.081832109819958643,1.2273057683445874,0.16717511378345426,0.14176771414398415,-0.84727444890177428,1.2066030697800856,-0.0081436266182810246,0.68258322331932542,-0.82804992097122054,0.83598116327196148
0.059497039116564655,0.22867228515537036,-0.22645301904582221,0.46231046829158673,-0.18091897514187594,0.029820361101742632,-0.66985154136695657,-0.3471549963748688,-0.29732884837787077,0.1837354850096776,-1.2660931583111144,1.4259257754366321,0.30641850137547044,0.19137924869458128,-0.020368816400258637,1.2206169252705474,0.11586854882013034,0.051351037065562377,-0.53417078977815957,-0.44410623285284112,-0.18220852327815534,0.75740106295915388,-1.2827473294758438,0.67006329693256994
-0.092747816415750167,0.33574454743238863,-1.1384539508280915,0.81627384802004643,-0.16630686643146173,0.15474663610718797,-0.092247155904886274,0.88457940487326625,-0.41734089821996179,0.35747161899011581,-1.2099551460862938,1.7063313915518172,0.12018062230811394,0.18276825421638382,-1.3959010830312153,0.0029534548223053569,0.044071408122017111,0.17184396849000677,-0.52034386331582583,-0.47303836544352978,-0.32047677254559576,0.7640708452856404,-1.289855845340421,0.52635712415117919
-0.20888935943202325,0.47027748436879874,-1.1626786668334881,0.72099798289586126,-0.35130065097859098,0.068411254341983307,-0.11903172025251421,0.85900547628095303,-0.46720523042379875,0.36413962313591985,-0.56444833275367001,0.60280320337155446,0.022477993035644774,0.26658001484196864,-1.0507496942946373,0.50809023984089907,-0.1872343326581743,0.34225575280805881,-1.9176246294420707,1.1161598457483255,-0.40881765089937072,0.71612522150357305,-0.64445331065907763,-0.21298677116716652
-0.31093670189217532,0.41373547994518917,-0.84186011502569114,-0.27461481660670595,-0.43491138961705256,0.24228019499956069,-0.71767138031175925,1.6399523308978532,-0.70194278866299797,0.26642276497863437,-1.691059896662761,-0.49642810123628889,-0.066576891119934395,0.33866180534692869,-0.86409514758985151,0.59671180641694399,-0.16880632217904049,0.37750166270637292,-1.9424589736971751,0.97961618858979083,-0.62084338362508984,0.52840371257373542,-0.58896413960378835,-0.31532076912414897
-0.431654040052944,0.53984027375499477,-0.98551304064569545,0.89221564369983242,-0.41804852102805973,0.27518283697970919,0.004654261564243152,0.81622819998439222,-0.69014522957341129,0.27403802559469037,-1.5856412868311425,-0.6040733667250564,-0.30157076528000371,0.33931659837953609,-0.88172769053223476,0.51615614424029188,-0.32788343668626324,0.44742783111770468,-1.5444295487483395,0.72537417835867579,-0.80718502729320685,0.58841319961358374,-1.3727121394564286,0.54061624406911002
-0.46642486802869598,0.51450025023107371,-0.30289260268307816,0.15800821735209758,-0.62234117791796562,0.35222078374895227,-1.4207975509695243,0.84417873690780776,-0.81681771066308972,0.38389270297362532,-1.2347605382682458,0.92503362145101264,-0.33187734311237976,0.41901381949537753,-0.31888252622244961,0.81761599489417958,-0.58250500281305051,0.43966392530737097,-1.5380906331261186,0.59930725618628411,-0.93670124310070946,0.39777781354416075,-1.3103250438509182,0.41014150279422407
-0.628329338008912,0.42189040340498762,-0.2622205212044259,0.090510822613967312,-0.63965695391840682,0.29783352867389667,-1.3916913517940213,0.73304045388838901,-0.86073937608698514,0.33564267762947719,-0.47072805848624749,0.1382549913211002,-0.41134892437881182,0.54088678476111085,-0.55698830404311228,1.177761422463647,-0.70940570091273902,0.39097406183433658,-1.1199451107009764,-0.1041008467598819,-1.2238848245896401,0.43036210312607109,-2.3479966478112533,0.56267470783211371
-0.69672355755360427,0.48660043068835712,-0.43394553404482944,0.72600415734938006,-0.76563665311539464,0.28986121020515027,-1.1487952563069248,0.26606423753073311,-0.96961281766892682,0.26148384014005405,-0.38859641547644336,0.080419996372342151,-0.60789431526692894,0.41857327304139758,-0.57095276761561542,1.0886351283642139,-0.68812256282157869,0.38593407487725878,0.029285853670092035,0.1702020039489745,-1.3112868009611847,0.15231387606074037,-0.96433879891790009,-1.5170875384957327
-0.82115068511378664,0.39986323562663456,-0.39767337175881989,0.65124030722348614,-0.81512480249215358,0.16981839893600412,-1.0783047830532375,0.17829079568735609,-0.97208828337497755,0.24266568744972036,0.036255837320931621,0.23087443828919132,-0.87629209167297795,0.48005648786021204,-2.0719800544333165,0.82214911888744824,-0.68865076186776542,0.48343715393991515,0.13040874134472266,0.9945919240501595,-1.312011745644476,0.17391824831483235,-0.14242828117571502,0.21937167634799803
-0.75150705425559439,0.33752074056014914,0.65232319111872383,-0.018179044743676265,-0.73884496431699542,0.29563115294721687,0.39987130056019937,1.3419364172594015,-1.1513326833091,0.15280439167810855,-1.1484680393569173,-0.31913919244741629,-0.9198388319082581,0.42749211315783164,-0.64867016773729913,0.087553870622965158,-0.83691761939577181,0.41550069276911017,0.14900028451735026,0.94653610943168176,-1.403076767341656,0.0021206425954154728,-0.02124896447546494,0.19353000025291481
-0.82224546561515466,0.21558786290121626,0.7243133070204455,-0.019377879178861065,-0.86927564343373354,0.35990451702376314,0.40452983370028295,1.3238972416636499,-1.1498215387418338,0.15436264230942998,-0.18768530680375373,0.32550847597773813,-0.9741060375198064,0.32411343739083581,-0.34204831040757289,-0.44566272558075559,-1.0209601635347441,0.42354714885791628,-1.2356280824182206,0.50257236582463038,-1.3497328519137342,-0.15631486458368812,0.51862555628141338,-0.63633748518487854
-0.89673517346525389,0.2147676608668235,-0.31032763061638546,0.27668215544957792,-0.97114308333451893,0.33690132520009014,-0.54160298031342202,0.39651734252122772,-1.290404938895453,0.045923089124276034,-0.087721186260015002,0.29871039374746988,-1.1546199174336222,0.19535945832123675,-0.22034363708592286,-0.49230716853710155,-1.0192061161059334,0.26611875935810081,-0.069339498590404419,-0.68240106421939961,-1.369752859812787,-0.26854493962114906,0.030912774653374143,-0.49472640243599808
-1.0372131351977678,0.099027822832780402,-0.95815473738354984,-0.51113591741942255,-0.92392722863918164,0.22597625246527148,0.3933652763509492,-0.3565030010518726,-1.2921850715995382,0.078980999302388832,0.010176082580752095,0.81808945953043544,-1.2085754407981946,0.1310998600759416,-0.32634267399267014,-0.18977317650002856,-1.1082902683491669,0.10556412152832469,0.066948904876669671,-0.70820913880004233,-1.3123185400845716,-0.30037724341060013,0.19229813802429779,-0.46325197389553857
-0.98996940607788253,0.038537917406464402,0.1985821973720806,-0.1997177571154089,-0.9567854761114809,0.14379337108725526,0.011727729888832757,-0.37576068223128628,-1.2141965323723281,-0.096857825433953521,0.098647677892392135,0.80559989147287281,-1.3000962538503409,0.10862847551886487,-0.19401428341485383,-0.21792967216472747,-1.0707391568673184,0.12368568920601905,0.38403311262305018,0.43034023101803631,-1.4348145025317385,-0.42449040088911638,-0.93609859235276049,-0.59759544936125508
-1.0535190787048794,-0.11510957079412681,0.30627371512215956,-0.19245163301375082,-1.0136112712920207,0.24878696539885159,0.1260197434797804,-0.38721543209703535,-1.1264782529484139,-0.2326935956732572,0.74911126659530747,-0.37652699023648073,-1.3978715956396066,-0.039887081300268988,-0.65814377319323059,-0.74572397242431732,-1.169447439469951,-0.039531251492133046,-0.48344022845119639,-0.72920341632955765,-1.4073631126724375,-0.7250119959958562,-0.028570911194983742,-1.82284392552362
-1.0062053230368517,-0.10884693987805399,0.42347888908509829,0.44161992042243758,-0.92520675161399946,0.087033427631147325,0.91473622107244257,-0.92792031013747533,-1.1662357375983063,-0.27514552079406834,0.87581602226798239,-0.31365825966712579,-1.3606250478918624,-0.13746853785083465,-0.47717093426694301,-0.76981807383010847,-1.0812284292350907,-0.046698472365800783,0.56085514011100357,0.20867151313675525,-1.2176242844992902,-0.85099830758088746,1.2417890639100229,-0.79337076903825343
-1.0902551972326591,-0.2672282877128665,-0.45517429713068974,-0.70111226385481451,-0.97147629929534607,-0.026351201984013008,0.019356278210488465,-0.74630078798940513,-1.1176080737231204,-0.32452632877450349,0.52294814829848801,0.033011703201541398,-1.3501204713297137,-0.23715098117116182,0.015927813960420676,-0.41613575388573393,-1.123633274313093,-0.026587492921605484,0.65510607694015854,0.23993239538197253,-1.0809514481648483,-0.91074968073809515,1.3952681413989385,-0.64157339200274688
-0.95982657942306926,-0.46394638856117909,-0.30844633893128792,-0.69265656893073302,-0.97458447331572828,0.010110017820367273,0.15349676246022026,-0.7380528743390018,-1.0139113786283978,-0.41411418934605526,0.85061382343590064,-0.18533890623325255,-1.4473896402912598,-0.37363687970918158,-0.68641318042933364,-0.64558191268626985,-1.0985479310111073,-0.19220933734417384,0.42218607560686644,-0.79399020260595576,-1.1332916993199715,-0.99470848958426727,-0.39438704730434937,-0.35123933003277896
-0.84567278141032409,-0.46408201202627319,0.68468913530427788,0.27791896661118121,-0.86425913766085805,-0.08973770152307689,0.97600622508823776,-0.51632053966454983,-0.88631181212859866,-0.45715861101422911,1.0619054620976207,0.076272631258287191,-1.3249009068263919,-0.42715904071424693,0.66377222513926881,0.013075074735241721,-1.0474660650542069,-0.12033655110489896,0.56889527641254567,-0.74882663705672792,-1.0139000799967526,-1.0597266126534386,-0.26113335033657459,-0.26919273217341488
-0.797811492152395,-0.46755159345384134,0.39028007381391944,0.39651521884951768,-0.92772774775011346,0.082065402901945472,-0.26512015297161812,1.4259761272834881,-0.87445283815360719,-0.51587782690491735,1.1401268704249774,0.17432168824167285,-1.3645714500588211,-0.45167670235720886,0.79147612363347286,0.088718833762071625,-1.0553069777491979,-0.21240782451256907,0.093767701131472439,-0.46846157930124915,-0.87585756468194553,-1.1798694900348639,0.69157122427885853,-0.51759887578515951
-0.75497250856866516,-0.67146575603518321,0.34480223764314077,-1.0650496891671763,-0.88697271815133194,0.068195288947393434,0.27943052033576132,0.6145449372014179,-0.82952869310136568,-0.41003248540445542,0.37677450337757418,1.249985147809926,-1.196472728987809,-0.48713708160245678,1.3645623017876993,0.35762204402667497,-1.126304993937894,-0.36211684870362293,0.22201067931491897,-0.43963874958311933,-0.67331361075572793,-1.1149633687753759,0.8005879340169868,-0.36199499497273202
-0.62549520185153185,-0.6513810412906349,0.47111583611044816,-0.97411979731344822,-0.9104162277497897,0.10599714143330444,0.33582540125918003,0.61779222403137457,-0.72846439800832763,-0.38845032036070593,0.69583134348774023,0.84203304806188495,-1.1280537937502668,-0.55516908996133285,0.74529765751436439,0.088976060674663071,-0.89033422011080576,-0.41699454222993548,1.8028923501295366,0.01602343387330829,-0.5178720574908362,-1.1157075894140716,0.97898834003586532,0.2786565478981794
-0.58195097926067962,-0.75218695869108332,0.25778508544623863,-0.70988001541643408,-0.74989345302950272,-0.052266000381370331,1.4531746420022742,-0.69376381668962328,-0.54103819402833775,-0.25032270666448786,0.72246783385948532,0.91023498629794886,-0.97484892804194345,-0.59408083758065477,0.84903431038531785,0.18100213643714788,-0.86667796041495404,-0.32195683263112473,0.49617115241827564,1.0661674258768623,-0.31597475118645546,-1.1280050509705533,1.3489925783871584,0.29787563416095653
-0.41311278691163345,-0.84663952264079623,0.34967618369381692,-0.61741842316044504,-0.7910741860998679,0.019148861747106449,1.5536100465853793,-0.61194813972492457,-0.47026768842619771,-0.2271721544474401,0.60837143429207796,0.62671065934652703,-0.90668466270105064,-0.56330514334605697,0.50096938129290436,0.70964588262779393,-0.85284662029498171,-0.30102038408591358,0.12383389217679337,0.76859947301913012,-0.12527020412726753,-1.1223277280869259,1.346470020451918,0.36200972860033515
-0.36275432944295072,-0.80224834169122039,0.14469733311257973,0.42057189354565361,-0.77383501111901953,0.052781727667026324,0.49691656029903836,0.45556727473935854,-0.2749686609145624,-0.25750481312907153,1.5256694946194638,0.20033540601173416,-0.70715232230980529,-0.64814679075765713,1.4416336965191534,-0.0064700794202749989,-0.73910208614438788,-0.38903000051319098,0.17012457098139086,0.8000706076275601,0.10368692599066685,-0.91211879553642838,1.3326044657322706,0.5389466338773633
-0.047247452890642028,-0.64589127696369153,0.15915615826999599,0.50537192454600111,-0.54547966104745305,-0.11897141032743164,0.54854845575011979,0.47216206783163245,-0.23397718560907632,-0.21714902635965683,0.59727846052112787,0.49194342230430782,-0.69965010727675225,-0.65644302471385485,0.22442741631163116,0.23864000782630285,-0.63925247681416209,-0.40991840490109455,0.69039988149615195,0.34426519702414116,0.21400992656799267,-0.93301178239342708,0.79091511510078694,-0.0039831787176796141
-0.02629114981467584,-0.6137757262256377,-0.066825376826579963,0.40817547370933838,-0.5632971521665131,-0.058622343260443986,-0.075262792717832525,0.78317369579448315,0.0035538501512480669,-0.10373203729686363,0.59249023474759077,0.54029561805129001,-0.59621266051118504,-0.79715314260254466,0.28112647487253933,0.31395809533520297,-0.53806890789080242,-0.50374680728260379,0.82609218903117776,-0.30455449568902193,0.27945031786928648,-0.74594472170579951,0.27232094845747545,1.3590005976408226
0.10231805594769337,-0.61652739105274512,0.69584703008781357,0.16567085204715759,-0.47206626558074111,-0.054812830717497783,0.63326467650945695,0.47226915247330781,-0.0012692016103919707,-0.055354924931675022,0.022155056944211774,0.49893776101976167,-0.56112749185115263,-0.74545769243325355,0.020834354503772863,0.74368501924849362,-0.35099590846183265,-0.47815351764449299,0.88989715585634088,-0.21120065155405898,0.37947529783648615,-0.54419882359644212,0.17509611992003093,1.4386696173968874
0.25605071022080239,-0.48951332715061119,1.0325392911587887,1.0248586206004351,-0.45528917259371815,-0.02822395356634377,0.26938138871008466,0.50544391539675759,0.031889851910006629,0.053408466680710566,-0.0026681955380735631,0.50246613612530522,-0.26360894655257971,-0.66803354988630637,0.039833904581192424,0.81463297078235819,-0.32312081649085789,-0.42258275496033515,0.21440118455650645,0.55999798513962373,0.50270915985783848,-0.5285190197522206,0.7559565288213993,0.34976672747433479
0.37202143288354295,-0.45359085983881842,0.94953434195025888,1.1187721237413046,-0.3427172843912587,0.043949619748173414,0.28809611363721149,0.51851319383561933,0.19810495782709098,0.11817052911792213,1.2800227077195889,0.66278616753719033,-0.16792023377584259,-0.65511128607813562,0.49035829616806592,0.43730669184293214,-0.10263148511070436,-0.42200951514517848,1.5200774534478083,0.36677612728487291,0.75564459083848634,-0.37278390573743703,1.7772779564395671,1.1706268401415392
0.37924275364158239,-0.24859189061854853,-0.022870334739072868,1.7242904667399133,-0.26869090821605268,0.058566356724217061,0.65707462203458344,0.3869810054444186,0.17540599375503735,0.27483247650197595,1.2192760885416398,0.71049468673003424,-0.044714849421557443,-0.64985138925842745,0.48234767482411378,0.52447842708202341,-0.056283499219138777,-0.29099877095235077,0.53384144606332939,1.1453817368740564,0.7365706547982912,-0.055068208028162036,0.029075127571524827,2.390357760117567
0.55675980001608605,-0.0040924570807910482,1.0776925171973206,2.1776491795935633,-0.24315490906773352,0.087257064408263488,0.37424059846953406,0.42435519196879196,0.277566143551713,0.32126755232783227,1.1322352808141132,0.49190730102000813,0.032630334760353263,-0.43368053131441819,0.36783237506837463,1.8649425723185531,0.056452876907634696,-0.20396548063656014,0.47918370701965302,1.1938926101852174,0.91556711590191309,0.20704109516170488,-0.16363535508389415,2.3824161410144948
0.55278037944690994,0.14025698962926431,0.90700715089980943,2.2180830110933973,-0.018699193145503917,0.10629104292086686,0.3751210520410011,0.43159627100989234,0.32793674294305875,0.49308789581507967,0.7031528805560654,1.3050400681380883,0.29671060720336717,-0.24054345363304316,1.7709889853105174,2.0070690189797351,0.1007726911126786,-0.11876309425525945,0.32132127195765131,0.9257864498041013,0.90743718759558978,0.34051683662896254,-0.12448289927588263,1.181386356888414
0.59292284259230554,0.30610974711519068,0.45462661881407251,1.5749321984179283,-0.0068097909043415422,0.17081341569193209,0.18451888867445174,0.60817569852526132,0.32916889028324914,0.52693608192575925,0.32973020854668728,0.46147748628653373,0.29087761500768372,-0.097194346580570148,0.24247122132656054,1.4963111628190329,0.32559986286293041,0.044706015009652697,0.26320258041281797,0.9478734489942735,0.82714803281343019,0.60879494805718448,-0.27320118848814601,1.133782920722942
0.64002060756210721,0.28742042189924288,0.53903748982267119,0.074598734466235328,-0.051198271038183078,0.24792880814663626,-0.25039534330499524,0.70601837792741129,0.44149016663064994,0.70800643592848078,0.27180953836322475,0.42230585657157904,0.35845906793263949,-0.0041452796028512984,0.13746121652907795,1.5087651370056352,0.33495494550999466,0.18441315783733825,0.071783521617709373,1.1710656133301827,0.72882436645679316,0.713788981113056,-0.66928142772503407,0.68306462108035437
0.78406117499548755,0.42345658808735498,1.2267418663833474,0.83447319239050299,0.035100934759821012,0.1686361143532801,0.67907635212892636,-0.35941031935590773,0.28769005471543857,0.86479461775027522,-0.95304087523357761,1.0660550131821653,0.41050116345151738,0.12193611599049969,0.35821039666409055,1.1884493792585746,0.50433209222057385,0.20296274632826966,-0.020396231314137002,1.1488971630659186,0.75374347706256895,1.021261382490517,-0.77196230017414225,0.57414624223503274
0.78035302508178095,0.52241627939406665,1.0991936400208862,0.84793367097541228,0.15116009155053287,0.28695012800443714,0.68920836581432743,-0.34026404353283257,0.27761042145162285,0.91999541206742397,-0.054982420666621221,0.53158731269409842,0.49785950961817638,0.32018827470538719,0.67431907068036412,1.6461091677326012,0.44907574914507015,0.3636093729494056,-0.44655543356329186,1.2751398856501872,0.67362340777363205,1.0893479069853169,-0.45534276092092479,0.29180848790941094
0.6878302896464108,0.73754511271622381,-0.40876282892627713,1.5200580739937588,0.28860744868594018,0.2416664864894694,1.3491125968642326,-0.43276735620228091,0.22274639819620826,1.0698003354919625,-0.10883665023372001,0.43354117450155694,0.46177125489158477,0.43653646141603347,0.53847058835221429,1.6373672362656213,0.53994333013872176,0.40095244326351542,0.62912676681081892,0.46152951352913052,0.52426907168546266,1.330294571794516,-0.93349315505305297,1.4918057445235531
0.59129570382295793,0.79080839195932962,-0.55059118718990141,1.4165043308910026,0.28892513432964401,0.3322604642410491,1.3333669943661735,-0.38714619472668338,0.2544538317469569,1.1360533108561917,0.59957627163063376,0.50077215330929059,0.5079652516241413,0.45607746200543248,0.60397974221138273,0.3329435382987147,0.57903129051593905,0.51612933861590227,0.52805632380088019,0.77708708563339979,0.46286166250989813,1.428214848861834,-0.28597820228331178,0.83416040421388027
0.62412885155486575,1.0377155446556232,0.30917537064192929,1.9799046556150175,0.41198528559447012,0.36929713251822266,1.3532797444341522,0.14460915969607474,0.1600952846363525,1.1060181024073441,-0.126885919381379,-0.24795817278428783,0.43766331603025938,0.63556763738889388,-0.27919559241884295,1.1820644416966501,0.62153695400977116,0.54724609605432262,0.42821840796416993,0.74689230129193418,0.24376534516464249,1.4717691091203691,-0.37196514827664523,0.67191958907786198
0.63273812568505217,1.1028377114766608,0.14637555227468751,1.8791715542351963,0.25802487642485056,0.5308742088222892,1.2964575169940362,0.1740768494229418,0.14551367517548022,1.2463470934956091,0.20674707885974089,0.85938954246166455,0.41343295466862617,0.76449755379280226,-0.098620681556437009,1.0592885938413452,0.74236719201223778,0.68889662313244882,1.1651112736736962,1.0605870983849948,0.20942080532219326,1.6034419941542859,0.15583181242123192,1.0142833593862712
0.43568948660730888,1.2346893111338049,-1.1662459568014074,1.0792787078213548,0.25466704839851223,0.62185637765402602,0.41442348066813212,0.6405628783999201,-0.056681268630790274,1.2705709207680629,0.14817011327631435,0.7396814783003236,0.31394329860156589,0.81918886593186535,-0.19202778534361431,0.97133400338279163,0.70863075121370533,0.88655454779915177,0.19405928350067247,1.4339407577366123,-0.034324948071203204,1.6686211498982639,-1.2081840653799456,0.52160569945188173
0.26147957619700268,1.3382128455935858,-1.2018713496651923,0.75940417214682077,0.3284769322486536,0.56973621744634984,0.87343846622824783,-0.29295879971911121,-0.15340119239736935,1.1775320054304408,-0.20402813877027737,-0.62742856718331685,0.2942092613739859,0.87509183518194877,0.079914586640328383,0.48518322608009729,0.63377943878222165,0.94157233686395181,0.050677293853936767,1.3460009513601552,-0.19114867547560005,1.733243227716138,-1.2231627620882013,0.291410581402612
0.16617855060325232,1.284234893076486,-0.52677693401000891,-0.39126296685685658,0.28583864856347818,0.64911702302520713,0.084468745429796765,0.36166987730745481,-0.28198548416028774,1.2105678558367108,-0.15621475897941062,-0.75141855388008061,0.31379991759108961,1.0306004574117242,0.025867598984834657,0.39862500444355764,0.68371777927086319,0.9453364548198796,0.72799037996440374,0.061481462989887659,-0.45617717098383137,1.6821376325437325,-1.6380976892067121,-0.43513207647874358
-0.02685696070083133,1.3861843822142585,-0.52065496922520038,-0.54344505750276195,0.20764429394634815,0.74323161210275746,0.037372748364975603,0.29870522787870851,-0.32000123925223101,1.1152786024229642,0.18993850803201126,-0.85051577879671236,0.15926414051058169,1.2755559594315469,-0.90927222111926653,1.7764752112184388,0.63252036942997603,1.0144392683774233,0.10746237413365564,0.23095648920391648,-0.52947959887481355,1.6809595443981498,-0.33547490857543188,-0.067282635626271681
-0.097648031817149761,1.3350531770412895,-0.10099187644955201,-0.58169877274628023,0.3164934937604561,0.89588630126513247,1.0783319748153037,1.1974788950269497,-0.34174811805615873,1.0658446615026227,0.2630511869715636,-0.94729844508678007,0.087402655972264626,1.1889880374487862,-1.0078768831463789,1.5926323638378159,0.5957277078370482,1.1916087993154658,0.034973027924664585,1.0813260489443839,-0.79573161044064578,1.5382245595742299,-1.3581719411424917,-1.0349168824682724
-0.12665607051310424,1.1084485477256616,0.33834120719730398,-1.8359775013915209,0.10853412816719155,0.83993252761590886,-0.92262194967050681,-0.30512106026038222,-0.49491545260083353,1.1796544734951873,-0.74519757758758176,0.71655552883492413,0.044114849789357494,1.325614532820961,-0.17283075429420219,1.307307611727891,0.43662040692098142,1.1574678361575865,-0.078591895509039666,0.95716661952942406,-0.98877195254733508,1.4954771646182881,-1.218669684731142,-1.2498325154344725
-0.30027040239997638,1.1686477588260227,0.4402015819058937,-1.9185566891754666,0.089742172581882412,0.91094154245105219,-0.91255285661367036,-0.43309499748746122,-0.67877549147205429,1.1535443723732304,-1.0948585187368622,0.057402032035042128,0.025783603531194611,1.4291097928387659,0.2418204644492033,1.0273562168669508,0.31040801143755448,1.2236516445946402,-0.60685670182583429,0.46397237249042544,-0.98957428925247082,1.3468884944009183,0.41844436655819944,-1.1048546310409226
-0.33583254726719841,1.0701765816654993,0.33551285459148716,-1.1080859687002949,0.010762796625102371,0.90604953939270538,-0.45585476701528671,-0.23471504731522574,-0.69181836420117881,0.89118317380516698,0.15670746321992191,-1.7229369432069552,-0.18625326124218544,1.447114677120928,-0.99442165951720385,0.26435702680063988,0.21834970554359812,1.1358837365200247,-0.65718947213950418,0.30853726806806903,-1.2415345415245165,1.2427963599678178,0.56973877420995844,-1.2118499256546602
-0.43355528242097491,0.89687615020437272,-0.14966040664923352,-1.5069339096551702,-0.1156210663185329,0.98154773865808631,-0.74137428686965245,0.40152198877839784,-0.83967277620114966,0.9336386222031865,0.31059433404133607,-1.7935265779003731,-0.11765881251756535,1.2647799570876801,-0.9827465300390571,0.068545858070433063,0.20759470868439767,1.3401809548227521,0.12046832582374775,1.5227597408218945,-1.2112978713916542,1.0750747283603166,0.95408625111516321,-1.1112699577700778
-0.47969472662147117,0.84496716732000787,0.0020098467223121086,-0.6673851316776046,-0.025007226930640725,0.89103782041361423,0.85900803392993907,-0.52893170199694184,-0.83419469620038189,0.83107243027747923,0.55537549003398423,-0.8802872897329771,-0.27906889639365184,1.2099691337336969,-0.95708737574146319,-0.48297525539644975,0.0049235016543670573,1.2997215859034137,0.023231527901587154,1.3852441904545063,-1.338530471801574,1.0342476808093823,1.1245344608111978,-1.1644064849380078
-0.59551986023347436,0.79374841471383051,0.083155791414603691,-0.74762341635153595,0.012470375707471346,0.89149892631290273,0.88245998890514599,-0.57202132378095993,-0.89300916802402963,0.62349255832330552,0.13321353834024774,-1.4925073323729723,-0.38279837259374661,1.1512541724516991,-0.53419787321329848,-0.54956888712391605,0.056728611464340266,1.0955014288278766,0.96936754896567445,-1.3062016473908917,-1.3595352939944232,0.84853320958502665,0.60671648030865999,-1.2107549005397977
-0.75852794312654426,0.64739637324331301,-0.86767179144896134,-1.1612899352887744,-0.087019816321430382,0.89793941304482838,-0.24505362135680009,-0.13287157211941181,-0.82161396847246915,0.47794023544242298,0.29590663944479084,-1.5389320649618983,-0.26681903675010343,1.1860938282939011,-0.46525943825076743,-0.68783554235621513,-0.062923069736481152,1.0488493417991533,-0.1895249090521845,-0.77668610351406897,-1.503101422775305,0.63927425001801119,-0.43921489339835496,-1.4316563965907714
-0.73129665845301639,0.50216205285297566,-0.72866169404143122,-1.2619427942676555,-0.1111901913796239,0.82212062010707443,-0.22821701826410584,-0.23402408196887875,-0.8810228500457532,0.40257794842197797,-0.14436707368021956,-0.63444887703441444,-0.50423920106266351,1.107383563170538,-1.4486147196759251,-0.79368484863971378,-0.22880919117072049,0.88552449314568493,-0.81311384034939582,-1.4780745921744587,-1.4476227371443364,0.31557085392042383,0.71533731524074373,-2.2100419564115961
-0.839066723706685,0.40355756199097048,-0.72692071759583854,-0.82480356185851023,-0.15313828430554385,0.80339413153600991,-0.046293206411915498,-0.19881235944566722,-0.90805824211624653,0.36925990773248185,-0.037662890013317935,-0.11818312195880143,-0.44921662446184174,0.85685273142510976,0.54265908427250831,-1.8971943306503913,-0.28171380374947791,0.92257953379817337,-0.71166190094108694,-1.5978532136407986,-1.3068396030547365,0.11695240981455332,0.96554747883225622,-2.1922545964366709
-0.82001009863179086,0.21056739359169513,-0.59746719662941394,-0.89616965279546901,-0.23993905755636905,0.72477105352241489,-0.020804005920478333,-0.28021512806356619,-0.90311966927692167,0.10393522670566849,0.29183539738103731,-1.6591478540428244,-0.49047124527583363,0.73256802684580979,0.23592456551530494,-1.281798437859643,-0.35013877394055393,0.75433438602164649,-0.23702052188481174,-1.6087034780483582,-1.2623021410057131,-0.098203509187835297,0.74632182216983611,-1.6170693514865748
-0.79631188048113954,0.029035149901803996,0.24119381315536614,-1.293445203019006,-0.30251529921252684,0.75835485249538648,-0.21437385461040498,0.24353812177709305,-0.70053839516007987,0.06719394762912137,0.4628381904763712,-1.6446902652276572,-0.53489610088989292,0.68628826619443817,0.34724534854678646,-1.3353358376721789,-0.31222627883276666,0.71040837429011472,0.53820214777830744,-0.63245086073860368,-1.1253885193838364,-0.17823412758176607,1.2582184144757154,-0.48897510130106703
-0.67730331962059376,-0.16582111681612741,1.059598814464308,-1.4306435998459137,-0.15090678698493226,0.5658614428666997,1.4007985907922009,-1.2059232597965821,-0.57969401220661088,-0.19529017223894266,1.2122438161450821,-2.0807776446536321,-0.55802320924757343,0.46680050507459259,0.27469440265256773,-1.8202782442554666,-0.37193976763026532,0.47044938330712738,0.59752295018299573,-0.67278615300493527,-1.0221243036296661,-0.52594322868548093,1.387233978222332,-0.40553380545016821
-0.71523691269353429,-0.37257415885338324,0.057155700460226694,-1.6373238867424988,-0.14977371423346053,0.54849226412950713,0.60613058995703595,-0.38885576300428981,-0.4789075674864065,-0.36496152809060567,1.3661365758823709,-1.9879985188674623,-0.47088290039323399,0.32290436822348578,0.41930735307608646,-1.8419555984970883,-0.30918381786009991,0.39477336090049259,0.84739091830673141,-0.57477124184668504,-0.90974957995260008,-0.66651624168924206,1.0617858552784925,-0.71409445774713864
-0.57392892741261481,-0.61777558400206911,0.20974720556675469,-1.587021941784756,-0.14366463166494306,0.37827062114572957,0.63666891342705645,-0.41113921304097384,-0.44579494531042463,-0.44339536793668555,0.48058510007488281,-0.81680267152163255,-0.42981066929609502,0.32953104409306072,0.56660408230149639,-0.15653881737829956,-0.36388293266215044,0.31818181865191847,0.0118892672478105,-0.62242538174462692,-0.75487443184422187,-0.65553984261158227,1.2087372478482239,0.31635416091523538
-0.36932252567609647,-0.71276100772828377,1.4795331015947504,-0.75408070514901904,-0.14417109277933821,0.40683309321138161,0.27424935299360914,0.18716692309911848,-0.27849409752590498,-0.39391039288857577,0.56278957851828249,-0.74347418037489588,-0.33511271907658258,0.20259974859194596,0.61383929347324195,-0.16033936362146484,-0.18601072078848932,0.17264775370749239,1.4971966488308681,-1.0434562348280998,-0.47404430762982702,-0.94288305250169269,2.2650214269288891,-1.6084287739110881
-0.30017312332750273,-0.73854745595416915,0.66828447383238487,-0.18204342172254212,-0.14635072025567136,0.41060985750181506,0.20438009421066347,0.11686914326469164,-0.1730094277464026,-0.56811477930814114,0.87477367156368724,-1.3469872744540687,-0.36806330193737746,0.065408149728562931,0.021636596386101263,-0.9835304625284611,-0.11618434056685066,0.068452974615650933,1.5583596465564353,-0.97976378660710173,-0.31758929406289493,-1.0528055728776118,2.3782994868364287,-1.3914790460555069
-0.076857394154963052,-0.86079930334689447,0.70319070012907292,-0.073820641887751504,-0.21773914287900675,0.25732697920439829,0.21192978132773177,0.085243745664481285,0.11636392830915993,-0.65770884286581066,2.1941754608371147,-0.80930069744048261,-0.24231151293240136,-0.059195355173681484,1.018554956124069,-0.99239851116332201,-0.17523825383157862,-0.037509606598120547,-0.052077535929313981,-1.0001179301338499,0.0034540811660541439,-1.0035470262420854,2.6131309919008445,0.39973709895638132
0.12339181611802455,-0.82331113641741838,1.3697603799300286,0.41985857809799587,-0.048304430814364585,0.22246843706200611,1.487051353250358,-0.10975988654228958,0.33035794999239482,-0.65120834178927778,1.9064859825370037,-0.074690526039973171,-0.22660950767496585,-0.11661752602620687,0.40202749111745045,-0.5707357757764755,-0.067785337544898336,-0.20139914883181673,0.015506548529831299,-0.99272503519378752,0.34157301020591879,-1.0886463155976509,2.576624253041182,0.62755177597891509
0.40266134200617132,-0.96068779731610066,2.1445290514056454,-0.78894520962573478,0.0016115175029455669,0.14664586747525948,0.86670647053285166,-0.53608292007412262,0.35538838123464839,-0.69040586252348157,1.8652852062717069,0.085705060798709876,-0.089290083100608056,-0.34409643575979248,0.45056603705088527,-0.53552497636333307,0.070149623512529125,-0.23165181823167319,1.0226906569342549,-0.36381131387398946,0.64759415298934686,-1.1619470862453409,2.5289848173969829,-0.38287253717433156
0.47226795422820167,-1.0108594812437612,0.73522287642878736,-0.63117918953424423,-0.0094687218436535908,0.073432520890963804,0.23151922291622098,-0.6751257889981177,0.54845390952099904,-0.64403698023728606,1.6073269382870361,0.36085614749016548,0.086027280968570347,-0.33749335094904742,1.3405511725386339,0.057807294948395094,0.090357389433759719,-0.37340726041878436,1.0273955985510748,-0.28752091721580042,0.8165200007824307,-1.0112577514350245,2.4675074842138094,-0.13852598624990026
0.65447861850676636,-1.0626348639170609,0.71480337653241088,-0.48959779746402488,0.092750741587879409,-0.055827172421511036,0.26459743354599324,-0.66674889813856697,0.55390237282817567,-0.61318549921142951,0.19173862456429513,0.16823030931593569,0.2230016780785328,-0.41054899417719437,1.254371368088347,-0.47083597154746931,0.19215798561796169,-0.44698781524465764,0.89931754309333467,-0.60537813054293699,0.98300406741436719,-1.1087088826287887,1.4545656206859228,-0.97509220293860732
0.98753542890209411,-1.084971135829883,2.3406320044414115,-0.35958030489552051,0.23955839977215054,-0.22480992571190922,1.2540690121086513,-1.4375482631694647,0.72006434499184446,-0.6456753543089544,0.1267875852168007,0.23803575746789929,0.33658993194791392,-0.43961250237058264,1.2476698246415081,-0.36446752713035208,0.25071899730939851,-0.53627970918880286,0.53732838361572988,-0.83110731144673189,1.1724683402071767,-0.96825704585536732,1.2926926279172688,0.54129355791522638
1.1754751884213461,-0.91328071409719525,2.2451758512386832,-0.13244324951116787,0.32444398537253683,-0.24852208610952792,1.2937881846967623,-1.3437451679606069,0.96356972586841105,-0.5064475597363145,1.5992567770580226,0.97705636372032711,0.42710139128046865,-0.61285100160925321,0.86362582933167864,-1.4974663231064187,0.21466836547646878,-0.50666113244426314,-0.3274449470956361,-0.077311613907021237,1.3115159176628788,-0.72661103696510254,0.86757094561224346,1.590508412224882
1.3194022561759351,-0.82058917236316065,1.1816182487066405,0.34997122193078906,0.23436864470019605,-0.14308134337874265,-0.55211814498246459,0.39076535709051852,1.0188991500595155,-0.48094417350142205,0.5843107776740889,0.15437080273212123,0.54523513472921226,-0.63199839559977111,0.88030645495406812,-0.61066943582425182,0.42594418565023595,-0.56178690953269905,-0.34302677239795049,-0.042447574732711352,1.554409370877593,-0.56995510593591192,0.65191768723422994,1.6964032579799491
1.321055947893476,-0.70576966207054992,1.0249113132662349,0.4886112214962221,0.40850841688324946,-0.21344458403026237,-0.59154747758878989,0.37518184935859145,1.1217015487978739,-0.44302628293418894,0.67906545096981819,0.011739388327795169,0.71679954398589729,-0.61338877111479895,1.239769635945273,-0.12300745249922451,0.46371268651071296,-0.75081520099653876,0.067102592065400368,-1.6250455481122956,1.6920249626315744,-0.51779159006439746,0.90680736933042905,0.24321631484238693
1.6103332824097001,-0.56654126415473272,2.0950190948191594,0.82649961960384677,0.44024295782467243,-0.10249198377727822,-0.024901554884459137,0.79874445001199113,1.3277068831817747,-0.34459276235075492,0.56208023276151442,0.089738724837668302,0.77295938432891309,-0.53201232874569593,1.1664818119704432,0.00075150417515869317,0.57640809295361595,-0.78166948467030839,0.58672962527017769,-0.74963435551440505,1.7863816832474624,-0.31492053652312035,0.60205077000319751,1.0018061466972759
1.6812681302111616,-0.4901939367839081,0.76946307992805996,0.26904839955738891,0.56702777358993972,-0.14599888293050817,0.87067509986620251,-0.21533663769318134,1.4081785475935589,-0.31512159538990192,0.56062160526669624,-0.21571916465050447,0.90974228354324249,-0.52801410889076705,1.0849125951864065,-0.18488002993043071,0.74629495516605626,-0.84603031157246011,0.56271213772286099,-0.637618422329849,1.8010807315553095,-0.08017591471672586,0.3698414974315597,1.056995860290687
1.6138515087061389,-0.34079873632148738,-0.5900390352997531,0.55921089198681595,0.52751742392332868,-0.1905095953386983,-0.11676262656391746,-0.5856698750567837,1.3430132236396828,-0.21471524476152809,0.42703820245467528,-0.15498320094138171,0.96695313272511829,-0.55164647151629664,0.99637232983421276,-0.076974035849560224,0.81284575365549516,-0.62304429578027742,0.20886728743175506,1.3763496410312719,1.9341897794699334,0.036876386124596358,0.97266968313759683,0.50259454883952737
1.7653505328141046,-0.17473885573547826,-0.77555714960939526,0.56046373590418608,0.72452927173529691,-0.33096506931754072,-0.13966151689037321,-0.56877619406351998,1.3725413208938486,-0.025523350380568188,0.12432939479822847,0.94398595392551488,1.2163952483607408,-0.35771018140715016,1.8367599217680559,1.2447404669017272,0.77898732918095515,-0.67668482732829216,-0.44582755967952464,-0.31177553610609965,1.9599279533442866,0.21157764034303919,0.31624823309998601,0.73135011585593324
1.6493269082350048,0.048259195919857042,-1.2888750248218235,1.1330862808472606,0.76470782533581971,-0.2748366527594549,0.11815331500459623,0.064095656541486634,1.3759921260055534,0.08540668824093349,-0.060643762134519566,0.94683919126664084,1.2911851713478784,-0.32531458547124792,1.6417747090731107,1.3640973797655525,0.88908956036353581,-0.65904822419295783,0.41542201726194389,-0.17518917209316445,1.870743194912843,0.46951398491161422,-0.66970929103439469,1.3353850975557338
1.5273100178932459,0.14617664210293702,-1.3234579521758272,0.35338280006867706,0.76470411280086925,-0.33774973688917442,-0.073977863453339676,-0.70891423042793,1.3461324315007002,0.22422192743091385,-0.32087029780062409,0.74074088941580896,1.4250539731089691,-0.21725526978427973,1.1730612684654147,0.72097001207869127,1.0015183475443288,-0.57810954354908273,0.3326367013567324,-0.0875338487369723,1.888660239274258,0.70494090024685852,-0.91901921260029173,1.2468083255637192
1.6162800792417953,0.3568602334054905,-1.485516166572274,0.27074777418808327,0.96757474143849354,-0.24921223981549839,-0.11473308589589633,-0.67440091639050326,1.2325343663790327,0.26698017227457183,-0.90705707253122991,-0.031491582746880353,1.3274049287750884,-0.18818809245318843,-0.55268883582832606,-0.12340209019523407,1.0018525715231481,-0.50727388473917356,-0.20961953061934643,0.17066119064365914,1.719540596162366,0.91335278146440235,-1.3998894085283409,1.0655193611083518
1.473624064442981,0.55582429426007285,-1.4247404445025063,0.90456976928368449,1.0355858674085425,-0.20334140212980972,0.3688257656220244,-0.12549920598027292,1.1568201429933691,0.40056893755095901,-0.78787838286014267,0.47527556882784944,1.2786865763895301,-0.10686626985507348,-0.64551735695109325,0.06478314559635312,1.1687480964124046,-0.4610736241891169,-0.3169856110876938,0.20990083003705814,1.5277306918136282,0.9198274953416099,-1.616108914744939,0.89792846191697051
1.4232247140369918,0.71283381831801329,-0.66442543747728655,0.7957749283600245,1.0305422423360047,-0.22937195074126365,-0.039900053039788941,-0.58716719325581956,1.1168301607941855,0.37648265880830978,-0.92228652607878059,0.3930761157612957,1.2204795573108203,-0.14033097836156866,-0.77258545002389256,0.042964595554966532,1.0547557582821745,-0.36821377072594241,-1.2077023045048669,0.28536377475035779,1.4562956275310965,1.039189181212635,-0.65736822509395609,0.46044586448233982
1.1698975606867155,0.7170878942728991,-1.8355196879307121,-0.40446878418044829,1.0985942747861701,-0.22018925322916028,0.37257384330485993,-0.42634717108482595,0.9860697771103476,0.54230114011329211,-1.1771313377120192,0.87621784818730553,1.2704810278989584,-0.01820720846792357,0.087466856123244216,0.50898222074817612,1.0673128220028643,-0.29553897150697805,-1.3198437878338956,0.26034813451504518,1.3517131970508431,1.1212236167440854,-0.82179964747061485,0.32096704735905462
1.0114215569907667,0.84000878409844126,-1.920958112014429,-0.56493753324500784,0.89541457496613808,-0.1484458073806742,0.28159510497072282,-0.38314361260665641,0.84096176416200308,0.59428770895007788,-1.2403417867871189,0.16499429302157209,1.1322005130574235,0.1407220457757784,-1.106784202087796,0.78817565764338671,1.0888424682217479,-0.11820168447759735,-0.3400830566617456,1.0269341517463895,1.2100717847999882,1.3137238637584456,-0.97008696153532015,0.94499252948567558
0.85088641118395503,0.92878861021149539,-1.3976901241341093,0.07498028882775154,1.0101304467576555,-0.13835858250908512,0.87188365612748486,-0.29561285038573915,0.70484878173702215,0.70058517423408129,-1.3249145314289339,0.042855369156249989,1.1434298647873529,0.1963036140456173,-1.2523037666282819,0.71415205637864632,0.93933792394497451,-0.070707910535008162,-1.293672279004938,0.17053827072228367,0.88098685929233478,1.3516729210483711,-2.2538326281091967,-0.090445676109596196
0.7929531174754374,0.85178606378078892,-1.4777985071234132,-0.087872764199085893,0.97306988718294785,-0.099570917331156403,0.78013869173596173,-0.23657633955937288,0.50425286381063161,0.69423094353760428,-1.598567320860631,-0.42732116193762926,1.0977316566719157,0.2651589403052162,-0.61876729958782795,0.21104168104951182,0.90998940368377967,0.1796730843189171,-0.70606015663951782,1.5143873312379712,0.66782110178972931,1.4546103525796203,-1.7289892933344548,0.25543616387232415
0.58993450602037445,0.97000556138033156,-1.6413326952701659,0.47274599114348848,0.79679224175874186,-0.013693079879050912,-1.3014039700745106,0.18555735248474475,0.37467049173023292,0.63657486844383149,-1.1079007028768872,-0.80959314016822881,1.050371093178347,0.24831779054606923,-0.449324580490573,-0.49951899456459192,0.77967666050656836,0.2209089019715266,-0.8679699584448517,1.4518715600264058,0.46570023797454957,1.4263342083066806,-1.7977008691327325,0.022401039630293523
0.39690810131266274,0.86490897177341575,-1.7136085962277046,0.29117644053252467,0.83059999976968113,-0.022735277271867485,-1.3822018822191537,0.12105176329799409,0.080359582875450003,0.6812110479176462,-2.235265275864426,-0.16482128094303861,0.83192427170289907,0.37203088918818278,-1.7055323384476195,0.30136436086793861,0.73232262615068389,0.21928770301025882,-0.50759706814376426,-0.043263804241531201,0.27765115269363355,1.4701225196173184,-1.3315209705801421,0.029518060830121651
0.28412960432005485,0.88225694715730441,-0.9395344451581954,-0.044587717722454512,0.72665149104902726,0.11842959218074725,-1.1993991534061701,0.74846877207292817,-0.11695539205413689,0.72535540532534226,-2.2211767283573471,-0.34307489887908432,0.78574315369342296,0.25985209592823666,-1.7930843965012595,0.17746751698085667,0.63163465863098756,0.39501247540350071,-0.88088785379982137,0.95864583234580492,-0.057060553526723679,1.3609252899081632,-2.2373023635933809,-1.0852960878259656
0.03317299778951914,0.85704491671435945,-1.76151533809634,-0.43428139851518965,0.68998643284837347,0.053092498661394788,-0.55422276634044776,-0.57436808676967088,-0.19830305521276617,0.67498727604613673,-0.79723351768017248,-0.49974831235194001,0.61859511351657748,0.4461298698620938,-1.6859179663622192,1.0993756231709937,0.56956552058781496,0.38176993608757359,-0.98623585930451896,0.86936478899520053,-0.24516895043273401,1.325977588699806,-2.163683990384512,-1.3258869470805419
-0.11675985860411306,0.62108288179582338,-1.1568912764731005,-1.9637550346376975,0.66711107099802069,0.078827623032084612,-0.31981571640756773,-0.22862028007719037,-0.2729677214270062,0.60973595071887399,-0.74758320904080933,-0.60377944589454913,0.64054107959292261,0.38973764390373067,-1.7919443448884949,0.96407188572180835,0.58029464455327051,0.30300691211584524,0.024390062396008799,-0.66812882134243179,-0.54957818641511547,1.1389357391204289,-2.2309527068232864,-1.8325209976726309
-0.29403588102629075,0.60066784867171619,-1.0403493506355406,-2.0711592320502166,0.52717450524848164,0.036746232772320246,-0.37316478590124585,-0.25098291035549736,-0.52476224256938109,0.44388296708747188,-1.8047543896406166,-1.4405694270584406,0.52161438598724608,0.39198092233954501,-1.1946946864067034,-0.097976585698038132,0.44115464946463112,0.35715963563376008,-0.93365046655974393,-0.050666037988691848,-0.71446887194676778,0.96095555528343812,-1.2707172423109372,-1.7148620134368298
-0.57959696175457909,0.42821559226695871,-2.1241940040143201,-1.8149391717427228,0.47720776504380408,0.21302439291292444,-0.53883603158357174,1.0988564084523826,-0.54185293614977104,0.34383765083820184,-1.6693933506756453,-1.565731774500108,0.19960664304787998,0.51841146077926359,-1.2345396053171578,-0.19597623085168736,0.18061731012445692,0.32804120509765072,-2.028706824397732,-0.50719594764702636,-0.88708150241914241,0.66880608796921548,-1.0931974007405982,-2.4445711277229125
-0.69354867407414955,0.22248571364983552,-1.1151391360052965,-1.8564266004134957,0.3546274876111688,0.26755986441986973,-1.0129259016042849,0.45453233633641832,-0.68248988897752072,0.25056519984665149,-1.2522707365868575,-0.94101626310377373,0.16912996019781917,0.37360019302956049,-0.25479107148444174,-1.2848464843691798,-0.0079111993463780311,0.49878457154963807,-2.0089048600340869,-0.63772711012951167,-1.0723438541904486,0.52632311738093196,-0.87610925137346574,-2.5505841859347007
-0.6520350520701137,0.12139372850524281,-0.94651591819958658,-1.9225635154479574,0.11083152455439071,0.33456357843273887,-1.064680946294305,0.3745714517177412,-0.83352695279769984,0.055879284911940538,-1.2340712181590514,-1.5036950494135133,0.030724068367872254,0.44168027642673618,-0.95634415535312389,0.028651164148440378,-0.081131327985955237,0.44045549264807066,-0.77377621601397373,-0.65375794550602584,-1.1467895614491663,0.34807763254172519,-0.43312509556973561,-1.5733124903044087
-0.85033461321513759,-0.15519722183073456,-1.5537001113311883,-2.4089255549072193,0.081678454903181014,0.30133131142928565,-0.31981137869569864,-0.25589420810531782,-0.92508238476678051,-0.12110736877993113,-0.85805033244943396,-1.4392019821268045,-0.23652027931072589,0.44275571855891549,-2.050155093073688,-0.12221878154402348,-0.15579178523279419,0.23045237369108987,-0.7283303594555427,-0.73220973567672742,-1.3932083889245361,0.06292712112263775,-0.23750666086733169,-1.6198561951302455
-0.77506281368125829,-0.32271826822332489,0.21026335034174087,-1.5373220861503198,-0.00062991625508741766,0.313815306760307,-0.58111726905436345,-0.050638230229983205,-0.97578301199834006,-0.27356027045419956,-0.68862420420959269,-1.4607943192114585,-0.41151574015412362,0.28882902237686869,-2.0076506004064019,-0.26768681228551017,-0.42189156035393027,0.19128649113373011,-2.1090777656534474,-0.52196399997375453,-1.3247495757143057,-0.19963031620199476,0.66932998297071034,-1.8342722304407084
-0.85884141836564332,-0.57045793907296094,-0.53751928530346771,-1.9525364771087701,-0.18501947899145205,0.20387023784036429,-1.3486447092647278,-0.90564121194747849,-0.9609928337707635,-0.44777647004495835,-0.020499366131152785,-1.2871983795964701,-0.47789092908545205,0.17747825058708921,-0.77145805492865593,-0.82546099350286151,-0.54279598975793431,0.12492414114842619,-2.0277897077560532,-0.64272450980039797,-1.3626110861130245,-0.58770628831972749,0.88885251207431237,-1.769594117827207
-0.78293426298513702,-0.61302382270789535,-0.35118641354672275,-1.9100551878704723,-0.24187506011391197,0.23092308035791098,-1.2767018968725583,-0.98745314112648963,-0.97779899976057982,-0.53772151087708486,-0.20580882316477797,-0.63792087310989276,-0.58001215166820497,0.18340794471739064,-0.85934951997024256,-0.053703701376472179,-0.58721890526872222,0.035116933890119821,-0.67918482927810464,-0.67211697708761453,-1.3763896222080674,-0.76793705438839155,-0.0052125344897278394,-1.2381436852268524
-0.79192747442673517,-0.91702680134006076,-0.21754448633896351,-2.467812629840048,-0.28550430374612884,0.095453992260466525,-0.45010870855869628,-1.2131568883151369,-0.8159767411307679,-0.72301387976582498,-0.075022785041114592,-0.59040868205187602,-0.54632184574881937,0.041396001253586362,-0.79332300914708342,-0.11444523222138422,-0.79241851510748584,-0.19713034749124225,-1.5487288963115931,-1.7453484928200154,-1.5208724907431954,-0.90128614133217499,-1.2170994877812986,-0.82865298094659234
-0.66846914654069411,-1.1386051323801556,-0.014272144388794636,-2.3715514488609815,-0.35699167885579952,0.16872103218504347,-0.35842347699265947,-1.2375269553695778,-0.87479972900700287,-0.93455514887347091,-0.63926590506965975,-1.4633230059543267,-0.56533051603829843,-0.15475508173885022,-0.20609431712044302,-1.3623395403398337,-0.87708990328400815,-0.21476388079049771,-1.0380755620776527,-0.34152067550220888,-1.4654965803148716,-1.2579220184838631,-0.041456796598958942,-2.2423409151373894
-0.73578931611061948,-1.2491573715959952,-0.87331191114645823,-1.1057762767487123,-0.43145740954015566,0.050905911831219924,-0.52081490020416732,-1.0848510206720618,-0.78760207890299017,-0.96812819300079878,0.19531911870974822,-0.25612333510197849,-0.7300699540721598,-0.2361473931752705,-1.2465447107719332,-0.80589767665146028,-0.90417359487622428,-0.3191386239241546,-0.92691452310157207,-0.36953966090539386,-1.3451618068377891,-1.498155598607815,0.21686256694861447,-2.1046383056565978
-0.62267940500325669,-1.3449791765535279,-0.73930122143113519,-1.0174001480892569,-0.52534526647335267,-0.041014381847184783,-0.42047442471324492,-1.1090819665242944,-0.75883959766846631,-1.2002720857604012,0.027914779976495968,-1.4354364088170626,-0.72549717366064748,-0.3938458852389371,-0.28213805947270543,-1.1077700989957673,-0.95388815488934864,-0.5490047010575656,-0.58544044210892721,-1.5471456547516216,-1.146604938987553,-1.5509733628392115,1.1063544014136422,-0.20882975826723382
-0.46881528505196862,-1.4624695747928129,0.59385236699747024,-0.799331170181523,-0.55292560108722555,-0.010128068137273072,-0.30423908462680621,0.18543064206774851,-0.57326703596061468,-1.1865192836060396,0.17500891028622151,-1.3050767812453745,-0.75338694712902865,-0.6323204944491595,-0.15274104161601698,-1.0755136806022625,-0.96571154333823128,-0.67736003831958969,-0.33660317489834385,-0.99161685376262676,-1.0170583563361801,-1.7699656691518473,0.80125362604243844,-1.1249097771318324
-0.31449943341224929,-1.6299770068620596,0.84422575343743744,-1.146793439380585,-0.7124776190266402,-0.27748859282593102,-1.1327235767201675,-1.7639803072175986,-0.55087933662824673,-1.3731867588438158,-0.14188405483077873,-1.4666224955894975,-0.73085303205005225,-0.83439677211735519,0.014003060426084724,-1.4901922269160375,-0.77021087084842343,-0.84164821195662587,-0.18862163626231934,-0.93444131647747697,-0.77962920668354396,-1.8142681276657173,0.95390849248762266,-0.90105762280030288
-0.24350337238451186,-1.5768794402765092,0.1569635124914297,0.29993834153155363,-0.74714733569882052,-0.34253262486577873,-0.57744248806623266,-0.69618098821265151,-0.32097720138949193,-1.2681749349245122,-0.012977051662438926,-1.3272211585553775,-0.65490627031123128,-0.91048022766376679,0.16110821949144019,-1.3967707754269902,-0.66859315532732844,-0.89092625435556172,0.48230908535523798,-0.22201232727944398,-0.57605495771789661,-1.9993920658560014,1.1994348522918075,-1.188912815230315
-0.022604749877168179,-1.705221458306768,0.16541990544679872,0.46356314789071612,-0.71283842596981717,-0.40013030331442528,-0.4645086938805747,-0.68630597106304347,-0.18424747792892104,-1.4485539238336651,0.66762522235494692,-1.4721323418616319,-0.53962001290910988,-0.89925875179759751,0.61306442965127106,0.112099903938357,-0.75329141647076725,-1.0049875807631121,-0.74584162048709379,-0.64313125789681003,-0.2603092946842418,-2.1577453407851874,1.9957008291168254,-1.0581530674383486
0.08596994976821877,-1.7050019869547295,0.22093183407451528,0.20650447883894524,-0.75827989283550579,-0.42300107958497479,-0.56974892240172426,-0.057839012525977895,-0.15295027974596775,-1.4769158388056023,0.75509898298190004,-1.2849031420757342,-0.58081551627427697,-0.98330258378590885,0.65763170403407645,0.2318149163167611,-0.67653900468678152,-1.0516291932382091,0.056940477747562182,-0.18192627253276117,-0.10206262143054146,-2.2344189918470043,0.94976666199312598,-0.58166294536263674
0.36376379350521826,-1.6929455399295776,1.464333259024966,0.27753258540845349,-0.738644203199324,-0.58975162685215943,-0.069141585618612084,-0.94645826501886154,0.15871557267274083,-1.4044608043861468,2.0072041966848215,0.5178361680511161,-0.48541560486663665,-1.1786187865693387,0.59855197838866758,-1.1661725076641596,-0.50769556189584431,-1.0304371909415344,0.13328675729225969,-0.072798123549274854,0.13169059811302899,-2.229010348550565,0.98298095796195817,-0.30736489651975463
0.47495768356883811,-1.586743072269277,1.4050309367998051,0.51791897726726999,-0.73719997696869444,-0.75166183646830587,0.05222093089988987,-0.88502411487183563,0.16287907100452831,-1.3014544927651528,0.0042512374108550372,0.91023642945623751,-0.25775592867552433,-1.1655126394539919,1.4223682443561576,0.096347439635402932,-0.36298018824463246,-1.1056149435942222,0.80888641635981051,-0.3167706315913974,0.50318710207622674,-2.2698143318589965,2.2686786274461559,-0.20860559712592897
0.70223898205011093,-1.5934690362109121,1.4435359890258659,0.028932075564914395,-0.77627008394591712,-0.81999372657729663,-0.52432083127189122,-0.42827735125174715,0.2331063437975944,-1.260982650030251,0.011840811341192886,0.54780559762877057,-0.19960097239767485,-1.2754500237253645,0.42338081372717329,-0.60538486834129857,-0.30175398952596411,-1.2154669462986147,0.85589722758654996,-0.16400949568871717,0.78616329085240655,-2.181789529578217,2.2145976927134079,0.13249681999041721
0.90343417092570832,-1.3799752912539371,1.1704077232625372,1.4653598011622164,-0.5522157879761026,-0.92076313784868613,1.2751031115783165,-0.46397369195199933,0.42456989132986639,-1.0379088716104694,-0.038785920308139148,0.67107932408323667,-0.10139083006169955,-1.35525848676247,0.47080854919898668,-0.45301302058899084,-0.27218581831617927,-1.2372799361154441,-0.031628799759586518,-0.029199513247165222,0.99301208431108545,-1.9588947755515242,1.1358580623339716,1.6337890523477734
1.0325534559382659,-1.2598659495783089,0.65589880021143965,1.0475276421014326,-0.55911729397935017,-1.0394142152004935,0.017515248186597613,-0.74346049799080005,0.6021227961829102,-1.0197694778904083,0.95292502592687145,0.22121302786210251,0.047746210170352028,-1.386592243221423,0.76286986065191764,-0.19518222552382081,-0.21196957220222484,-1.2607104266464644,-0.0027610494552419039,0.093137527055813407,1.1736025263939487,-1.8236927529218545,0.94823114605782255,1.8759844822026119
1.1255359272750507,-1.0865489045801469,0.49646309817955275,1.1996048639322956,-0.36298764429155195,-1.112009253610361,0.11029005563523475,-0.63401553411747746,0.69563402895218973,-0.83817106810787123,0.4738425739628962,1.2530530302507998,0.12156796832269118,-1.343826012864084,0.22362794478509809,0.33188900355425194,-0.09843613375354518,-1.3149529253058481,0.42378951690436789,-0.23445214094877834,1.269623741769238,-1.6529132928434058,0.12765281733748679,1.3904315698284893
1.2240408634035649,-1.0672650372175876,0.39959044468139698,0.04649047467745171,-0.17674165846920487,-1.1839692441907577,1.0977575789152563,-0.44719653210493315,0.74622825471458842,-0.71371881473353416,0.33901245242045963,1.3526264950932727,0.39903013894889483,-1.3229331280630263,0.19357291337781762,0.47532459750273914,0.074640241884193159,-1.3030050766032881,0.90286565594676671,0.17732935959356971,1.4136434661941257,-1.3989770693658152,0.33118886209155873,1.8766243763243566
1.1688458098393388,-0.79779201015057477,0.2723845384687098,0.17279888914939034,-0.14210599525944861,-1.2175305780689742,1.1308306446829715,-0.27142174735153979,0.74381205932005601,-0.58456778685923816,-0.31076252745935901,1.0339850730351472,0.44877749073406586,-1.3729973864661469,-0.079053242461014944,-0.37992962703988753,0.17328160158803374,-1.2083435102446551,0.44676351808623671,0.80805088668660907,1.5699584481276274,-1.2317679247655855,0.58855351540015843,1.3150900378685688
1.1453973011006544,-0.56707198453440699,-0.55890401771886555,1.4011326029407503,-0.07637156123616215,-1.1650153693306915,0.27531266345379879,0.48097725727781637,0.74590086248249199,-0.41395084860376002,-0.38052207797186621,1.2681560326208747,0.50334171091216739,-1.1107316811185666,-0.22515732538541872,1.7246338147990612,0.23283249721924421,-1.083808796636812,0.38646728114675605,0.94606777021657273,1.8081034950519754,-0.95230536039692049,0.36249109194436957,1.4593411990415592
1.1602594548608283,-0.40394273550475551,-0.73963939472027951,1.4213150905727214,0.015327201699579128,-1.1731250226146539,0.25731539346134741,0.60817309211288362,0.87771766200957657,-0.26029953785502075,0.61753674373400547,1.2450813572273471,0.59739077001530061,-1.0788043880686164,0.17609180619268405,0.57272050103498318,0.34137402975087877,-1.04779588490054,0.48050664163159135,0.4722084699110386,1.6947675254788708,-0.63348737638177144,-1.3773622380272448,2.093986040279562
1.1731303126304338,-0.25656801295392651,-0.32643457421398037,1.0182714135740969,0.31729956487786476,-0.97031044439644698,1.8633093364852062,1.8582171402427456,0.86464682187726449,-0.1660571975456325,0.46399932938608979,1.2940632365331177,0.85283427936817202,-0.97489166414081219,0.086774166345847614,0.68578934141774828,0.44148336371715707,-0.86648668899352554,0.39460241242315502,1.4082016732882368,1.7693816446873807,-0.42722817448469902,-0.20776628094086522,1.4770729866380976
1.1608861366727086,0.0043760894018416985,-0.41949689326076922,1.7503234799472482,0.32080047730946171,-0.89055847210905148,0.10289993568052296,1.0196900904896284,0.81866914645694056,-0.10486027652710478,-0.39159213880333638,0.40940632514486908,0.88791749527806685,-0.84781301365475792,-0.16833344510113565,0.85516820259797477,0.52113018532535971,-0.87039570387892828,0.27796557761114882,1.5056993623029191,1.7396844328213352,-0.23019728370044545,-0.4568645432550914,1.5002599518796356
1.0869046660886887,0.24200302636514698,-0.80198272358209188,1.7449531263070748,0.33323597991367865,-0.85149333128222715,-0.24381370385904044,0.47409570440751281,0.86485874444097555,0.10366406924838859,-0.49137877477054753,0.39786750064115184,0.9281542516319331,-0.75521921838744666,-0.29860373613824176,0.92624973803332533,0.49211794876371207,-0.69915898405422106,-0.60277455443994166,1.4760078239489427,1.6978896405369541,0.25553239169077646,-0.77375808018983183,3.4269935086381209
1.0055081683390235,0.40639257946659091,-0.99245237094040184,1.6699974835263172,0.48610396383552401,-0.74159942046500049,-0.29919482786364276,0.54416611254190805,0.76970543567285377,0.31904562562071204,-0.92206967087272318,1.3822058173720244,1.0634147977391077,-0.56660738250474563,0.58314579990346582,1.3836937286687492,0.60276953732825911,-0.50897527894982642,0.29145135622362583,1.6582737506098184,1.4829774508271776,0.49640749933296247,-1.8770396779840872,1.949383783049087
0.77793179462711248,0.62804194853212547,-1.9703087218767159,1.5858940118670495,0.45379779171144463,-0.73049940014221071,-0.6285168974425337,0.021155798992870234,0.71703841566106941,0.39794316426108278,-1.0620317450120502,1.2958342849861684,1.0037881285369659,-0.40492635578799979,0.40435978293533087,1.460732439523774,0.65040134020883,-0.48513937042576161,0.18865220481319234,0.42807792357546859,1.4098661668259405,0.67290939799475968,-0.98894056272064046,1.1955179998816789
0.72040417994161732,0.73606649830374138,-0.79811320716119882,0.85484625938756897,0.66291666405247929,-0.55900346480988017,1.0225257043264078,1.1915668185905202,0.59941463246499538,0.48185227610581893,-1.0613465226464838,0.58833863700450617,0.98184151356749461,-0.14640571172678202,-0.38619490670340828,1.948189957389193,0.57508787751671231,-0.33456260249091851,0.10114830463488834,0.48330615829663259,1.1439278657053848,1.0254033325219243,-1.1832180711859734,1.0715978608913264
0.52742286440209618,0.83184295327040247,-0.90769199229874431,0.73622296436697454,0.50985493837717433,-0.40549479222826917,0.89060617230569705,1.2908926004602517,0.64564976859494083,0.6111631367724254,0.15372971600376228,0.86802232603308349,0.9996895639233363,0.073388645226042062,-0.16636377478700926,1.7710216024950125,0.5706213529795805,-0.12952121437370126,-0.24682058861579836,1.4948416400029276,0.86358901923920395,1.2486639038848162,-2.1828229069750056,1.3765458594945899
0.37761017281591336,1.0851237047300983,-1.1657217737131864,1.8361573064477144,0.59421128207104612,-0.30556841854390948,0.62278636256606856,0.91380196559950289,0.47444122477837258,0.79365771979402366,-1.0950353066488525,1.2473071724136593,0.9672006923493669,0.098598006950255945,-0.32337433432994128,0.2677753143892192,0.42884884153506464,0.05167743240250379,-0.37668310610891009,1.4862050255182884,0.56637340483165743,1.3999204664905678,-2.3240361044118401,1.1345506350158505
0.06135919940085896,1.0429357428150619,-2.2488684523674869,-0.13333479015994887,0.63711175070942605,-0.19059217646485116,0.29116364025267893,0.9008757851954321,0.35226439927328324,0.9953010723705078,-1.1976847128622328,1.1057134214131505,0.87672665779525405,0.30938571860685271,-0.43139589505328446,0.24016563007781275,0.32953296918498814,0.26153482167290243,-0.94513433941863678,1.7437754048291676,0.1770531571609166,1.6251992188320112,-3.1095608585068817,1.5572801230336093
-0.17083383107012434,1.1363479561182481,-1.9452793555394208,0.47579767425561831,0.47436866040435688,-0.088131305594237583,-1.2587557884923144,0.70609381012448957,0.1452435202608735,1.0181495672382639,-1.5201023502430622,0.15022734976536234,0.68817265326309762,0.46657392394090624,-1.5396477227303276,0.85399352609823631,0.2111939143222922,0.25857367239242129,-1.058916269209736,1.6597550055524311,0.018189886603002442,1.6361846516308727,-3.1853338522053183,1.2304186253217091
-0.29751227651936957,1.2042788993570774,-1.9397362872392625,0.26245963234153324,0.40462784726264511,0.041999490865288959,-1.3334633086810437,0.64790946545633499,0.040745187517324186,0.84288686408936631,-0.73752915053607082,-1.3912107821408735,0.64746675386929664,0.66624564335132475,-0.64140280759650825,1.3842750134851523,0.3039925681413056,0.50106334931942342,0.46932336534867453,2.1782065101007233,-0.34238533959180351,1.7241471245235667,-2.9124871663122986,0.71595136997936115
-0.62209496867158265,1.1909697190202071,-2.4725011736583768,-0.11963392714489769,0.30379896986879934,0.21839544302064323,-1.1430533728916434,1.306340132211147,-0.069705071885335798,0.91169843471476575,-0.66782334668917431,-1.5035080709677722,0.50018221484584124,0.8749748294015488,-0.7709927523778729,1.2771281204484684,0.13928592952110472,0.62624534540930554,-0.98245226493320059,1.307080770798112,-0.59352120719155654,1.7022769154644555,-1.96916703183959,-0.03984979633957908
-0.71408480018546694,1.0910609541088903,-2.3889361135650109,-0.36094269269592105,0.18573424248457618,0.33629977041111464,-1.2312750554972716,1.2195168409351889,-0.24751001216177126,0.93018579848844174,-1.1677256058102667,-0.25462489098594365,0.2817092716980365,0.93466793163353323,-1.5853287059101957,0.42355684001169003,0.069895196334895437,0.60557295527889676,-0.55248676536031049,0.078007949481855743,-0.95780039541630757,1.5263057785012326,-2.4805472537991697,-1.3059949760133152
-1.1131318987434344,1.0903010878913029,-3.172437414917149,-0.026098649449255107,0.099087822974999296,0.46141505146602962,-0.87879453369358262,1.107287495071003,-0.40747809476993152,0.89627919942509393,-1.1154538256209656,-0.33292712342746988,-0.031288751078185309,1.0965344944029218,-2.4422400449174644,1.0238257067091232,-0.078502667221347869,0.71807747012674483,-0.55991306192159407,-0.010510525784118069,-1.1964073452584161,1.5075291249943932,-2.3043639008265915,-1.5738452510381966
-1.16013560382764,0.93001770780700976,-3.0400588514822426,-0.29273112934165763,0.10726555906350824,0.71713130835148398,-0.93829283341370928,1.0105441069575065,-0.54997499775275571,0.85537290842727964,-0.97664048477823051,-0.33818586560600694,-0.15385848024544946,1.0506597967506726,-1.1331188121976536,-0.17461504329112798,-0.34425960114900755,0.7918553447701947,-1.9475083954459744,0.47309393837088209,-1.4580134620762906,1.4122787357081101,-1.858829305348219,-0.78909748899354715
-1.4269273675175598,0.90418253064125798,-2.3250457125613067,0.013769083794295645,-0.15664649418128673,0.75400708500394686,-2.0059105329044247,0.32928248350660561,-0.81168152713317276,0.88348966919692318,-0.89873957902138202,-0.47018415007033432,-0.25857141740426393,1.1848994207106787,-1.101988900972356,-0.33494287956829938,-0.47055836105462734,0.84259322454421071,-1.1601587894671044,0.51936528913670799,-1.7303258450533388,1.287800372709925,-1.8603658044067968,-0.76549566340384478
-1.7074133859960099,0.62015734277580958,-2.1791914431250232,-1.7199713594838049,-0.21149736888910553,0.7549734239333501,-0.65740594858576717,0.076550118702292808,-0.96617029509923025,0.75453335776285968,-0.97599263384895485,-0.89282365552321563,-0.61518140864409487,1.0549413120664402,-2.5035194675454306,-1.1771258260763822,-0.66235224113569247,1.0385469396889306,-1.131701975037454,0.37417521656933217,-1.9144794334001953,0.96069381384893404,-1.6376732385204074,-0.98202169364106906
-1.6903336745291186,0.47463352973714346,-0.081019319657978345,-0.94128501739577142,-0.3165083258766585,0.88532162582722995,-0.70886225014806392,0.97767017793160571,-1.0065056376739927,0.72257666139968413,-0.82889415365457142,-1.0112498136438886,-0.79510009980796981,1.1504544152050411,-2.3678635232581495,-1.3997850448085873,-0.78953126016565889,0.83804214328325555,-0.73780101664235243,-1.3252037545474957,-2.1879762051801812,0.82582244519309966,-1.9892862465723504,-0.67847320599825345
-1.7668810602621725,0.32497690577768901,0.13532889014504021,-0.98691229703910821,-0.61962600866903317,0.92138247442825871,-0.72141392828737738,0.8477944939869364,-1.1327414777261788,0.59743908366477227,-0.79101601434481383,-0.88638086483026779,-0.93474674994315421,1.1699837201469663,-1.1231362486507053,0.036861776412865588,-0.90714747797274198,0.92582567606130461,-0.73701822507921588,0.49628333523863755,-2.3769852852617825,0.67727725740569134,-1.4633626747256385,-0.59889765272805262
-1.8682386659253547,0.1319127209212784,-0.49734976238554846,-1.0846264512336052,-0.60661916994269527,0.7961482813407138,0.36622891726435847,-0.59403576978361772,-1.1989536849420945,0.36957894951324993,-0.62873340621492224,-0.97993887194596174,-1.0543153859179266,0.92431176716001673,-1.0244964319281658,-0.13621973462864506,-1.0524538756570718,0.79620591748252989,-0.84816870390978161,-0.58869219135409123,-2.4729116422927437,0.33044369603856355,-0.61843554650478527,-1.9164934128162514
-1.9170216292931308,-0.12380792227096224,-0.26410532701040268,-1.509150422406486,-0.88308306285376359,0.83085309632833515,-1.6229170889866571,0.1927385491307021,-1.2590804919793179,0.28418740224087768,-0.37917992913153487,-0.45850780724017004,-1.246153687571937,0.88754489143799375,-1.3073878654805737,-0.026252797618071977,-1.1556387439268683,0.80660837037794875,-0.7083627646332209,-0.70682398060842777,-2.589151781770771,0.01938066740498846,-0.27198387864105233,-1.9683508301486778
-1.8943066164885201,-0.35855113604356942,0.0042923782480088768,-1.5005000298140101,-1.0977633807633893,0.69913670430881203,-1.5340812377121318,0.027744780568482952,-1.31859000845079,0.045284788751624838,-0.29278243601850379,-1.4471500219986004,-1.3821174872028583,0.88170219077096534,-0.96956295576891194,0.30046752861237769,-1.3480548106594101,0.80222847361996785,-1.2980462941758655,0.15553770513085674,-2.5945052634890433,-0.23606830209150026,0.11125317272531607,-1.4187030384895312
-1.8415939643051882,-0.4460736713780793,0.38479714816941257,-0.23990212552753687,-1.0910152070521784,0.63901027260145371,0.05400061784461499,-0.076005971484084583,-1.1602134620840054,-0.12752655483108394,1.2307904003727701,-1.1138064244604426,-1.4637239395156478,0.69731811540593147,-0.41804378007384302,-0.84691962970185786,-1.3618820635867608,0.71239160300078319,-1.162887546627031,0.0097939893831124891,-2.5459963099102874,-0.52574726008920625,0.44056244028453878,-1.3807236462258961
-1.5987092899972142,-0.62061119710640689,1.8496989684467087,-0.56369858713441656,-1.1976803470518549,0.43854775541467883,-0.42101742854666213,-1.15307820288969,-1.2387835357554986,-0.15967195184972344,1.3945321609972037,-1.0329065480725392,-1.5530377674884104,0.49829414308298359,-0.2269493223770534,-0.9321635520513335,-1.4661915555450944,0.5875843842364501,-0.69661402427670915,-0.52092209704455683,-2.4125242554004953,-0.90514174257361302,1.1753858685646481,-2.1961338891694018
-1.5069720650508562,-0.72891742803501336,1.0344643873628132,-0.28155465896899556,-1.4225189413489843,0.40492556923257605,-1.5287632185125561,-0.21680687216877037,-1.1803095314335756,-0.37337483492520079,0.82383304208028252,-1.3690243865598706,-1.8305608205261659,0.39916488408498674,-1.9303121671055066,-0.49859980157655226,-1.4702398592075656,0.52071565770702311,-0.51974885524007464,-0.61107721005049931,-2.3442164477873533,-1.0868148743427517,1.5185279710367547,-2.0334837617225525
-1.4336247719959532,-1.0206917160247759,1.1927175220734549,-0.15546473645213055,-1.5115025849951289,0.30288716218385758,-1.3662038002842187,-0.33197374354844028,-1.0874011608003988,-0.57885368621788258,0.89657059916749893,-1.3771808204598317,-1.7710570213442285,0.25099616332604097,0.2017620636178577,-0.57085103491329081,-1.4623279950818946,0.39727427896458162,0.24993442702977833,-0.54661756250849836,-2.1541186351662276,-1.329542302660585,1.5813345485491452,-1.3020030170304979
-1.3391330722921821,-1.1794463164639979,0.70557159765888222,-0.63916166804825691,-1.44935370677411,0.17689104097733593,0.416856203502461,-0.47132480548407973,-0.97532579495979199,-0.6745818136617534,1.0682112385211535,-1.2661278588107552,-1.7980379315403896,0.061961105456030403,0.40599895016925708,-0.58236006602479318,-1.3749648312128533,0.27023686902585847,0.95340876777402717,-0.52327449822375516,-2.0084147630495828,-1.6203455895273327,1.2032608037743728,-1.566438809306224
-1.1929017952309373,-1.2057954361537062,0.86687392748755165,-0.48214640847056917,-1.4811800416169192,0.19197694449344374,0.58263307524102781,-0.46534686345152665,-0.79531288728674365,-0.74625245912638882,1.4453752025057607,-0.34965241536676284,-1.865842981588967,-0.26521802844172437,-0.22762797159512022,-2.0090194438890459,-1.4237512314266174,0.18411481057081958,0.076954127293572344,-0.28487719415860879,-1.6085939681842254,-1.9435787944345246,2.8689732626794484,-1.8294242519184587
-0.97379544363860127,-1.3903327924619375,1.5429280908413046,-0.94696438028175489,-1.5441752271274582,-0.058246187601236926,-0.13953159805182644,-1.5009396154939558,-0.55854652212806355,-0.95992307643586572,1.9527316931111434,-1.2342086012160403,-1.7995266319322649,-0.48037929006183167,0.50209105196192805,-1.3956116523625437,-1.2221473960321074,-0.066098631469796332,0.23301666390223796,-0.29768668180707047,-1.3016498823504297,-2.0057145270962917,3.1029331425612625,-1.4809934602843209
-0.79461836604860636,-1.4901970991536522,1.6777860784248704,-0.72530089761741923,-1.5624435497938081,-0.21396426968009197,0.090396923871108953,-1.49270151914466,-0.35543915971371526,-0.94571515150965868,1.6812145448796925,0.11957348406072588,-1.5454288099707494,-0.54426099744489376,1.9263704366494663,-0.062889674865238554,-1.2126204782304415,-0.25789017952451748,0.2151758595163234,-1.0833779528926764,-1.0852190750765911,-2.096829162725482,1.6649792425604637,-0.34065330891337264
-0.61227755420904173,-1.4988475148772344,1.2459153985223406,0.21680804732449688,-1.4455189171743457,-0.28856427819373442,0.94062358793777168,-0.25168166040770767,-0.18714897068968156,-1.0774409094717095,1.7003364193276238,0.29700656542420195,-1.4861954408535325,-0.79358331797110249,2.0720375828915381,0.087726498097109543,-1.0870212957765835,-0.32088900273043724,0.96357724749629736,-0.24790699672063676,-0.72547428809803516,-2.2618034111302223,2.414836871743494,-0.67480598486030074
-0.35647259687045357,-1.4463809023476901,1.6552768991150659,0.82517638176771113,-1.3182076389569295,-0.46220301625049243,1.1926049937367262,-0.74267995070915971,-0.0058906085384141937,-1.1594460289145385,1.3956291748585705,-0.3840327796607097,-1.4340788096395047,-0.8613018499976024,0.6103229714860301,0.13076589053789148,-1.0126554888775643,-0.4455386616867319,1.0786037085052029,-0.1663547863398098,-0.35958473096090782,-2.2602636254066719,2.5058954617843452,-0.32433132587840552
-0.084535229587408944,-1.3983225494305969,1.8854803972205356,0.87011921603493814,-1.1047205770094821,-0.47077168439141437,1.768825230898468,0.33155983138712719,0.079712750572112009,-1.1494140608525318,1.4066199675650704,-0.1962907661704977,-1.1213997962952764,-1.1007603773088031,0.74342495086871208,0.24643257231260401,-0.95105067090505335,-0.37560419808323764,0.54556565490955222,0.95116021425047825,0.14098844714247441,-2.1598375290732665,3.5457250000851235,1.1482535416607993
0.10260361531062669,-1.3404673199180597,1.8389145326705976,1.0982944998060793,-1.0913431361707278,-0.50900001047805465,1.8517872852074411,0.46453454704577124,0.38215628835668575,-1.1180399431407573,2.201067293073411,0.34061219521768649,-0.94104962639046219,-1.1638889674458301,1.1979123320835845,0.1071334001719686,-0.89388436563479978,-0.40964244573348563,0.45993946084175552,0.38615631794059535,0.33738695056749013,-2.1137462001556022,1.5493796450526109,0.78423093041334879
0.47266718039705014,-1.3724422712852657,2.7643083653836538,0.14820383584779417,-0.9500354470973591,-0.55885864016552578,1.3489748796047845,0.22080631472004603,0.48916360014264804,-1.1371453430190366,2.1321981816116735,0.559752685951596,-0.72277085994984536,-1.1209499751915399,1.2792253588161191,0.2824268075988412,-0.7917235786961615,-0.57738483040049715,0.80921555912139087,-0.74713862110627161,0.77399312425914013,-1.865872023175843,2.7257069568355159,2.1561586878325669
0.63971744278254983,-1.1837121224375551,1.3617273242992738,1.3964014552827668,-0.79689572381682527,-0.57435042450341833,1.3090840003264332,0.38205014026902034,0.76828445623970243,-1.0581436896344549,2.1416145371477895,0.71576887393480515,-0.60436802289545499,-1.2965343687292548,0.85607177653720568,-0.92746107646481901,-0.58759058124419494,-0.51284728757014064,0.92050081540944828,-0.6445025015686886,1.0253102320217908,-1.806433058599519,2.5240981834190745,2.464859976247296
