0.89337754199999997,0.078106231999999998,0.965400755,0.012544212900000001,0.89800787000000004,0.113835432,1.0889781700000001,0.018878064999999999,0.99668782899999997,0.12906573700000001,0.94308018699999996,0.019792744899999999
1.0081453300000001,0.11759607499999999,0.90907001499999995,0.15389528899999999,1.0013383600000001,0.162518471,0.89123499399999995,0.080909170200000005,1.1582623700000001,0.117590666,0.92400079999999996,-0.010728960900000001
0.96728152000000001,0.281835318,0.92672962000000003,0.14268851299999999,0.99267756900000004,0.081258907899999996,0.84208202399999998,0.19793638599999999,1.09412968,-0.0024413242900000001,0.85341054199999999,-0.0128192082
0.77269601799999998,0.34142109799999998,0.99802964900000002,0.28281849599999997,0.93199890900000004,0.24197217800000001,0.87488770500000002,0.25631940399999997,1.0743250799999999,0.060588572200000003,0.91332060100000001,0.0903873444
0.89710438299999995,0.33918431399999999,0.91108852600000001,0.22758263300000001,0.89153659299999999,0.141210958,0.91500246500000004,0.21914771199999999,0.93494814599999998,0.18090198900000001,0.84402745999999995,0.111380205
0.88722956200000003,0.35032817700000002,0.80341428500000001,0.28397151799999998,0.71793943599999999,0.238882437,0.94016981099999997,0.18623225400000001,0.87213224199999995,0.206476837,0.73157620400000001,0.026723198600000001
0.70152193299999999,0.41665321599999999,0.69168347100000005,0.350390851,0.64588272599999996,0.27873194200000001,0.77966743699999996,0.30100107199999998,0.87622827299999995,0.25937601900000001,0.74764448400000005,0.12822078200000001
0.76974540899999999,0.35790741399999998,0.58637553499999995,0.31286698600000001,0.66498351099999997,0.148703486,0.67920058999999999,0.29013308900000001,0.81163072599999997,0.28087613,0.66010487100000004,0.058232471299999998
0.69875067499999999,0.53245019900000001,0.45075252700000001,0.30225753799999999,0.42541056900000002,0.22861608899999999,0.70478642000000002,0.33913990900000002,0.63048076600000003,0.213623852,0.57532602499999996,0.014126308299999999
0.59443497700000003,0.41403907499999998,0.39494353500000001,0.37506914099999999,0.45285958100000001,0.072288513200000001,0.59250611099999995,0.37620300099999998,0.61569124500000005,0.32575869600000001,0.54927867699999999,0.141910806
0.48537421200000003,0.45869636499999999,0.28125384399999998,0.37097424299999998,0.383692741,0.192716256,0.48985543799999998,0.29649180200000003,0.51498293900000003,0.17353576400000001,0.48461708399999998,0.095994137199999996
0.39146071700000001,0.53040874000000005,0.27523595099999998,0.34876960499999998,0.19955715500000001,0.15369254399999999,0.49428918999999999,0.33983743199999999,0.33487314000000001,0.34255266200000001,0.365349233,0.083465829500000005
0.27260857799999999,0.47971460199999999,0.094120062899999996,0.37148687200000002,0.19788768900000001,0.11950435500000001,0.33936727,0.35592216300000001,0.27662205699999998,0.211303085,0.093260846999999994,0.044391192500000003
0.084969520600000001,0.447292984,-0.072332948399999999,0.27707988,0.165278912,0.036531798499999997,0.13268366500000001,0.25628015399999998,0.32899498900000002,0.25327295100000002,0.084437683200000002,0.051894683400000002
0.10566780000000001,0.37665447600000002,-0.235261634,0.10790503,0.165660739,0.024169102299999998,0.12557300900000001,0.087436594100000001,0.17301839599999999,0.147176951,-0.060455590500000003,0.0151578691
-0.0025635780800000001,0.223258391,-0.34780639400000002,0.060552194699999999,-0.0311992299,-0.042313799300000003,0.16802129099999999,0.17449659100000001,0.20602089200000001,0.189878613,-0.0854941756,-0.194691002
-0.15264333799999999,0.113077603,-0.44655954799999997,-0.091262288400000002,-0.15560305099999999,-0.18337084400000001,0.029439240700000001,0.088474392900000004,-0.0101879984,0.0203100368,-0.13212990799999999,-0.26443427800000002
-0.119683653,0.082924261700000002,-0.40425106900000002,-0.00773067027,-0.092309311000000005,-0.29836910999999999,0.0152538568,-0.0138921216,0.106260806,0.089458309099999994,-0.169827849,-0.24642972599999999
-0.35460907200000003,0.092034660300000001,-0.49129369899999997,-0.15890346499999999,-0.35074335299999998,-0.247085527,-0.13237743099999999,-0.18927305899999999,-0.147774607,0.047646243099999999,-0.34609353500000001,-0.34118029500000002
-0.31924334199999999,-0.106177218,-0.5192312,-0.34565722900000001,-0.298261255,-0.41325548299999998,-0.21850204500000001,-0.18943707600000001,-0.21770392399999999,-0.104499206,-0.42520666099999999,-0.47768822300000002
-0.43541717499999999,-0.26260578600000001,-0.59323060500000002,-0.45929345500000002,-0.453938752,-0.43029433499999997,-0.27755957799999997,-0.182439566,-0.25504547399999999,-0.089857012,-0.42303550200000001,-0.58975291299999999
-0.31232771300000001,-0.30998858800000001,-0.462055773,-0.44386604400000002,-0.48771333700000002,-0.655574977,-0.23134526599999999,-0.40091085399999998,-0.412826896,-0.38233762999999998,-0.49967750900000002,-0.76554280500000005
-0.30628007699999998,-0.42415240399999998,-0.46680441499999997,-0.53169512699999999,-0.35224777499999999,-0.75509536300000002,-0.29974341399999999,-0.484978676,-0.39901846600000002,-0.42258009299999999,-0.39222696400000001,-0.77579331399999996
-0.346946806,-0.59922719000000002,-0.47304931300000003,-0.64084178199999997,-0.50920432800000004,-0.83331102099999999,-0.239965066,-0.457471132,-0.39022320500000002,-0.49516871600000001,-0.30229020099999998,-0.81492763800000001
-0.28273350000000003,-0.78227543799999999,-0.41937086000000001,-0.72939670099999998,-0.35324418499999999,-0.75610798599999995,-0.237809047,-0.53000307099999999,-0.41583570800000003,-0.59794306799999997,-0.26554375899999999,-0.98492521
-0.294377208,-0.81941574800000005,-0.45392972199999998,-0.68394404600000003,-0.39852559599999998,-0.82455182100000002,-0.17441968599999999,-0.50385332100000002,-0.26041251399999998,-0.790633857,-0.194330752,-0.98110872500000001
-0.32074481199999999,-0.99112331899999995,-0.38335174300000002,-0.95570474900000002,-0.49700641600000001,-0.96429640100000003,-0.045680716599999997,-0.60839724500000003,-0.27467620399999998,-0.86858201000000002,-0.154921532,-1.1977422200000001
-0.23003701900000001,-0.95097595499999998,-0.23113703699999999,-0.97038304799999997,-0.33583691700000001,-0.99204164699999997,-0.099396616199999996,-0.80090773100000001,-0.37607032099999999,-0.83681494000000001,-0.072918094700000005,-1.06151211
-0.12829464700000001,-1.16014314,-0.078565359099999996,-0.96431917,-0.378576368,-0.96852630399999995,-0.022142939300000001,-0.79474258399999997,-0.26539644600000001,-0.97624933700000005,-0.083770006899999999,-1.1305884100000001
0.019740507000000001,-1.2727570500000001,-0.048090055600000001,-0.97721564800000005,-0.26464924200000001,-1.1450145199999999,-0.074038855700000003,-0.80715221199999998,-0.14752353700000001,-1.0138566499999999,0.032989129399999997,-1.09472299
0.0092114750299999992,-1.13133192,0.0050655584800000002,-0.92438995800000001,-0.14987319700000001,-1.0351800900000001,-0.0421455726,-0.99612170499999997,-0.14083010000000001,-1.1513071100000001,0.108553812,-1.09958899
0.0082023516300000002,-1.1333365399999999,0.18580909100000001,-1.0521327300000001,-0.252350301,-1.0061089999999999,0.16347256299999999,-1.0326194799999999,-0.0141443387,-1.04241037,0.31777733600000002,-0.98797810100000005
0.11504181500000001,-1.2364404200000001,0.25685286499999999,-0.961595953,-0.064374238299999997,-1.1016016,0.076431736400000005,-0.88882416500000005,0.040750227899999998,-1.0273376700000001,0.28084012899999999,-1.1343565
0.31496596300000002,-1.0381391,0.311604679,-1.0690772500000001,-0.051316164400000003,-1.1662538099999999,0.155348703,-1.01073802,0.096444532299999997,-1.0904512399999999,0.44402152299999997,-0.99235510800000004
0.24747867900000001,-1.0748277900000001,0.32506859300000002,-0.963620484,0.12610395299999999,-0.97827345099999996,0.20317634900000001,-0.91439354399999995,0.181277841,-1.0137783300000001,0.428626746,-0.92837917800000003
0.31487137100000001,-0.95925676800000004,0.26808884700000002,-0.84496581599999998,0.16837790599999999,-0.98935890199999998,0.25773361299999997,-0.87362348999999995,0.39098361100000001,-1.0389158700000001,0.59078872199999999,-0.88137888900000005
0.45517599600000003,-0.90195971699999999,0.221282005,-0.81449222600000004,0.12104952300000001,-0.90467405300000003,0.38246175599999999,-0.89617550400000001,0.442698747,-1.0585110200000001,0.58045810499999995,-0.70280796300000004
0.67455941399999997,-0.77586907100000002,0.28931045500000002,-0.68172991299999997,0.236014843,-0.78689301,0.313594133,-0.97636735399999997,0.45605474699999998,-1.0771567799999999,0.68436473600000003,-0.47898474299999999
0.64042472800000005,-0.67289406100000004,0.31191340099999998,-0.77172178000000002,0.123295233,-0.69176590400000004,0.37109309400000001,-0.73900878400000003,0.39992344400000002,-0.87798780200000004,0.61704295899999995,-0.46432811000000002
0.58765780899999998,-0.59573113899999997,0.29428392599999997,-0.734401941,0.260995686,-0.56636702999999999,0.47085487799999998,-0.69095563900000001,0.49467915299999998,-0.666292369,0.68157553699999995,-0.316059321
0.62824916799999997,-0.50814217299999997,0.273463964,-0.54598438699999996,0.16161198900000001,-0.43582689800000002,0.49216225699999999,-0.68381714800000004,0.48789349199999998,-0.69716334300000005,0.60218584500000005,-0.045821879099999997
0.663302481,-0.35584995200000002,0.16845734400000001,-0.50362038600000003,0.1875965,-0.37498918199999998,0.48349630799999999,-0.52899861299999995,0.42170458999999999,-0.62497216499999997,0.54497832099999999,0.042163148499999997
0.61739224199999998,-0.37991160200000001,0.232660532,-0.33388486499999998,0.34017068099999997,-0.25359714,0.47966277600000001,-0.50208431499999995,0.48173186200000001,-0.420783252,0.424986541,0.22701829700000001
0.430435717,-0.31569552400000001,0.274767965,-0.216877818,0.33426731799999998,-0.175501198,0.54631322599999999,-0.442493737,0.35870242099999999,-0.41572034400000002,0.46724596600000001,0.26645234200000001
0.35064014799999998,-0.068207211800000001,0.0666679144,-0.065496094500000004,0.083834253299999995,-0.069936096700000006,0.39827930900000003,-0.33041846800000002,0.29693636299999998,-0.20078821499999999,0.39790239900000002,0.348683625
0.34836107500000002,0.085113048600000005,-0.010056119400000001,-0.0039212182199999997,0.106413096,-0.0460303985,0.53540945100000004,-0.20659592700000001,0.29037418999999998,-0.11865481,0.29632121300000003,0.52111196500000001
0.23073740300000001,0.038563288699999997,-0.12608404500000001,0.087942488499999999,-0.12541365600000001,0.086839795100000006,0.38851222400000002,-0.118309118,0.25472614199999999,-0.0067696757599999997,0.050986390600000001,0.56356340599999999
0.064993731700000001,0.16688077200000001,-0.11419107000000001,0.090912312300000006,-0.27883523700000001,0.28285252999999999,0.40195220700000001,0.033220872300000003,0.165885165,0.14444749100000001,0.0023377388699999998,0.69016265899999996
0.066091254399999994,0.23370814300000001,-0.17641791700000001,0.020614802799999998,-0.292439491,0.173226506,0.301543057,0.19219826200000001,0.119083092,0.034430868900000001,-0.18665066399999999,0.75708186600000005
-0.10205766600000001,0.34042939500000002,-0.15983317799999999,0.16808256499999999,-0.41630294899999998,0.36099141800000001,0.107262149,0.171947554,0.043378714499999999,0.17915692899999999,-0.31925979300000001,0.76193577099999998
-0.20824952399999999,0.47303679599999998,-0.35912865399999999,0.060747630900000002,-0.46035051300000002,0.35294246699999998,0.026586115399999999,0.272828817,-0.19957254799999999,0.357934117,-0.40326964900000001,0.71034282400000004
-0.30828195800000002,0.40530282299999998,-0.440066069,0.25002121900000002,-0.71457546900000002,0.25616031900000003,-0.064298361499999998,0.34035158199999999,-0.15830071300000001,0.37448415200000001,-0.62616556899999998,0.52182132000000003
-0.43306976600000002,0.553417563,-0.41029739399999998,0.266641617,-0.681442082,0.27834081599999999,-0.30763143300000001,0.33685874900000001,-0.323950619,0.446142286,-0.81499534799999995,0.59776067700000002
-0.45961543900000001,0.50755184900000005,-0.63733869799999998,0.35360837000000001,-0.81383424999999998,0.39882406599999998,-0.32660362100000001,0.42228490099999999,-0.58624476199999997,0.43680161200000001,-0.93520539999999996,0.38838344800000002
-0.63332516000000005,0.41812941399999998,-0.63330978199999999,0.29298785300000002,-0.85334914900000003,0.32792183800000002,-0.41362500200000002,0.54556524799999995,-0.70603030899999997,0.38522320999999998,-1.2345176899999999,0.43340009499999999
-0.69854092599999995,0.49308144999999998,-0.763898313,0.286414891,-0.97194915999999998,0.25948929799999998,-0.61328756799999995,0.40856257099999999,-0.67634427500000005,0.389355958,-1.29848611,0.1308088
-0.82399386200000002,0.39420908700000001,-0.811637461,0.16485625500000001,-0.96891874099999997,0.244346604,-0.890497804,0.47899317699999999,-0.68776404899999999,0.492507845,-1.3046447000000001,0.192466781
-0.74227327099999996,0.33126428699999999,-0.72490453700000002,0.306753516,-1.1653255199999999,0.147812426,-0.905434191,0.42051306399999999,-0.84340935900000003,0.40953269599999997,-1.40657806,-0.0037220688499999999
-0.828038037,0.211816847,-0.87677282099999998,0.35843914700000001,-1.14077842,0.16146190499999999,-0.97208285299999997,0.31917873000000002,-1.0342415599999999,0.420478344,-1.34634316,-0.16413196899999999
-0.90730202199999999,0.21800905500000001,-0.98085123299999999,0.328682423,-1.2959679399999999,0.042123645500000001,-1.16086888,0.19381277299999999,-1.0081456900000001,0.25393220799999999,-1.3767094600000001,-0.26715847799999998
-1.0455009900000001,0.091286160099999999,-0.91502571099999996,0.21801956,-1.29209566,0.083877511299999999,-1.2107036099999999,0.13425642300000001,-1.11177433,0.10371387,-1.31081629,-0.29648500700000002
-0.97900778099999997,0.041854672099999997,-0.96195286499999999,0.14385706200000001,-1.2108109,-0.105822816,-1.30288005,0.111297362,-1.0686039899999999,0.13426753899999999,-1.44686794,-0.42554321899999997
-1.05753911,-0.118971139,-1.01621652,0.25754824300000001,-1.12160993,-0.24433940600000001,-1.40390003,-0.044452093499999998,-1.18033671,-0.051575653300000003,-1.40016246,-0.73862463199999995
-1.00588703,-0.103260487,-0.91928178100000002,0.0818889961,-1.17246747,-0.272818059,-1.3563056,-0.13530531500000001,-1.0713701200000001,-0.037122570000000001,-1.2061815300000001,-0.841569126
-1.10116255,-0.27932864400000001,-0.98247051200000002,-0.024300538,-1.12208712,-0.32166504899999998,-1.3469122600000001,-0.23385310200000001,-1.12856555,-0.024169631300000001,-1.08266723,-0.90731769799999995
-0.95261174400000004,-0.467374295,-0.97515881100000001,0.017481084899999999,-1.0116637900000001,-0.417238057,-1.45684624,-0.37595668399999999,-1.1020766500000001,-0.20190197200000001,-1.1509461400000001,-0.99266147599999999
-0.83719462200000005,-0.45574822999999998,-0.85772162699999999,-0.088093444699999995,-0.88510143799999996,-0.45535150200000002,-1.3122345200000001,-0.42090940500000001,-1.0478165100000001,-0.11082270700000001,-1.0091455,-1.05878472
-0.80168479699999995,-0.46692639600000002,-0.94125044300000005,0.10309947999999999,-0.88007468,-0.51702976199999995,-1.3707875,-0.44996154300000002,-1.0610505299999999,-0.20986834200000001,-0.86803966799999999,-1.1835432100000001
-0.75686281899999996,-0.68747967499999996,-0.88189548299999998,0.059691302500000001,-0.83678060799999998,-0.40071821200000002,-1.1922756400000001,-0.48563784399999999,-1.1308651000000001,-0.36453482500000001,-0.670074999,-1.1078145500000001
-0.62288570399999998,-0.644045651,-0.91287076499999997,0.10695476800000001,-0.72547632500000003,-0.39356264499999999,-1.13593078,-0.55890774700000001,-0.87622171599999998,-0.413791299,-0.516695142,-1.1110724199999999
-0.58483612500000004,-0.75047481100000002,-0.74073386200000002,-0.064868859900000006,-0.53668761300000001,-0.24626171599999999,-0.97281044699999997,-0.59385728800000004,-0.88120561799999997,-0.31122589099999998,-0.31237793000000003,-1.1297016099999999
-0.408370972,-0.84660285700000004,-0.80007982300000002,0.027410313499999998,-0.47153240400000002,-0.23028180000000001,-0.91051310299999999,-0.55910408499999997,-0.857276857,-0.304473877,-0.12544518700000001,-1.1235225200000001
-0.36493203000000002,-0.793221116,-0.78440123799999995,0.062767088400000004,-0.26545590200000002,-0.26312482399999998,-0.69799256300000001,-0.657184243,-0.73538392799999996,-0.39473184900000002,0.105416574,-0.904173911
-0.035141169999999999,-0.639936328,-0.53722739200000003,-0.12731867999999999,-0.243741348,-0.21464075099999999,-0.71306961800000002,-0.65462493899999996,-0.63499033500000002,-0.41473633100000001,0.20911332999999999,-0.93920952099999999
-0.028337910800000001,-0.61527836300000005,-0.56942743100000004,-0.055667538199999998,0.0111458749,-0.10031519799999999,-0.59419524700000004,-0.80329251300000004,-0.53745472400000005,-0.51156860599999998,0.27481216200000003,-0.73243623999999996
0.11062596700000001,-0.62018764000000004,-0.46473309400000001,-0.058534570000000001,-0.0062789097399999997,-0.055823661400000002,-0.563761234,-0.74220162599999995,-0.34747514099999999,-0.47446572799999998,0.38120830100000003,-0.54200929399999997
0.26024305800000003,-0.48165023299999998,-0.45933365799999998,-0.028030606,0.033199675400000003,0.056131388999999997,-0.25176376099999997,-0.66681051300000005,-0.329488277,-0.41591650200000002,0.50863391199999997,-0.53952014400000003
0.37156140799999998,-0.45736724099999998,-0.338984638,0.045971781000000003,0.21069654800000001,0.11915669600000001,-0.163693592,-0.65954261999999997,-0.088704988400000004,-0.42533177100000003,0.767843783,-0.36546817399999998
0.37142777399999999,-0.24339535800000001,-0.26541447600000001,0.0571247265,0.16869115800000001,0.278632879,-0.0428188257,-0.65145081299999996,-0.066139906600000006,-0.28350246000000001,0.72026032200000001,-0.042620327299999997
0.57017314399999997,-1.15558505e-05,-0.24623034899999999,0.087550878499999998,0.27719175800000001,0.31890294000000002,0.032369740299999998,-0.42157533800000002,0.058495048399999999,-0.20518165799999999,0.92372751200000003,0.20640367300000001
0.54775875799999996,0.135575801,-0.0099108666200000001,0.105792701,0.324351102,0.50189006300000005,0.31306621400000001,-0.24035936599999999,0.099803447700000006,-0.121532947,0.90919143000000002,0.32973086800000001
0.589987814,0.30007198499999999,-0.0083053782599999994,0.17249192299999999,0.32587558,0.51842433200000004,0.27592513000000002,-0.102896027,0.33431023399999998,0.047733411199999999,0.82504487000000004,0.61377412099999995
0.64164668300000005,0.27129915399999999,-0.0555013865,0.24932926899999999,0.446424812,0.71359378100000004,0.36030781299999998,-0.0074312426100000004,0.33400961800000001,0.186570019,0.72617912299999998,0.71038895800000001
0.792456567,0.43108698699999998,0.0446525142,0.15734577199999999,0.27733814699999998,0.87181651599999999,0.41341978299999999,0.118849307,0.51244360200000005,0.19762861700000001,0.75991094100000001,1.03095877
0.77574688199999997,0.52146053299999995,0.153762966,0.29399246000000001,0.28788131500000003,0.91523033399999998,0.502611637,0.32490831599999997,0.44608634699999999,0.365249932,0.677553356,1.08781898
0.67540889999999998,0.74440610399999996,0.29466891299999998,0.240436912,0.222659156,1.07390034,0.457860023,0.43324869900000001,0.55236518400000001,0.39219716199999999,0.52065938700000003,1.34499192
0.59061276900000004,0.78484308700000005,0.28331190299999998,0.33788517099999998,0.261559814,1.1374051599999999,0.50920343400000001,0.44405335200000001,0.57899093599999996,0.51958936499999997,0.47071289999999999,1.42286706
0.63386261499999996,1.04372215,0.412583649,0.37401542100000001,0.152481332,1.0992386300000001,0.42936742300000003,0.64536064900000001,0.62240713800000003,0.543936372,0.238418624,1.4692935899999999
0.63429004,1.0954752000000001,0.24547550100000001,0.53690344099999998,0.14970344299999999,1.25905073,0.41637727600000002,0.76394921500000001,0.75026357200000005,0.69175291100000003,0.215034753,1.60789549
0.42425707000000001,1.2286583200000001,0.24681645599999999,0.62664550500000005,-0.064018115400000006,1.26776493,0.31169462199999998,0.81611466399999999,0.69983386999999997,0.89121305900000003,-0.0484081767,1.6657242800000001
0.261998236,1.3367532499999999,0.33362975700000003,0.55981117499999999,-0.15692672099999999,1.16622019,0.29726126800000002,0.87134671200000002,0.63166153400000002,0.93610590699999996,-0.188984126,1.7343803600000001
0.17338694599999999,1.2738106300000001,0.278123856,0.65654438699999995,-0.28433617900000002,1.2157148099999999,0.31644675100000003,1.0351463599999999,0.69071143899999998,0.93389385899999999,-0.46039697499999999,1.6777546400000001
-0.030317395899999999,1.39264202,0.20523302299999999,0.74542266099999999,-0.31732061499999997,1.1153841,0.15153715000000001,1.29012346,0.62676650300000003,1.0171960600000001,-0.51592522900000004,1.6869331599999999
-0.094025984399999998,1.3360076000000001,0.326870412,0.90436124799999995,-0.34115290599999998,1.0685794399999999,0.091307036600000002,1.1766335999999999,0.59625816300000001,1.20159328,-0.80753350300000004,1.53054285
-0.122953303,1.0961841299999999,0.087263889600000005,0.82525104299999996,-0.50453078699999998,1.19701445,0.052875943500000001,1.3241509199999999,0.43205115199999999,1.1499249899999999,-0.98811548900000001,1.5005172499999999
-0.30735799699999999,1.18054426,0.095107875800000005,0.91563332099999994,-0.68304520800000001,1.14831817,0.030957885099999999,1.4274284800000001,0.30620443800000002,1.2204642299999999,-0.97587358999999996,1.3494136299999999
-0.337538958,1.07862937,0.015013814,0.90894740799999996,-0.68023258399999997,0.87358844300000005,-0.199032605,1.4411422,0.21980968100000001,1.1292852200000001,-1.2523629700000001,1.2457706900000001
-0.43989637500000001,0.89378082800000003,-0.11844350400000001,0.98978239300000004,-0.845337212,0.945319295,-0.10670571,1.2560441499999999,0.21598321200000001,1.35279679,-1.20926559,1.07678115
-0.47886410400000001,0.85471886399999997,-0.0085256621199999993,0.88183879899999995,-0.83306437700000002,0.840073705,-0.27913919100000001,1.2064997,-0.0019403807799999999,1.2906162699999999,-1.34679484,1.04066539
-0.59905087899999998,0.79579561899999995,0.012274652699999999,0.89425742600000002,-0.89918804200000002,0.61773490900000005,-0.37881618700000003,1.1521230899999999,0.065263517199999996,1.07046139,-1.3662920000000001,0.84881252100000004
-0.76834064700000004,0.64471602400000005,-0.097394451500000007,0.90290343799999995,-0.81774807000000005,0.480346948,-0.256437898,1.1914637100000001,-0.075770005599999996,1.0558363200000001,-1.51664376,0.63806015299999996
-0.72472184900000003,0.50274997899999996,-0.109124467,0.81967556500000005,-0.88616704899999998,0.41152569700000002,-0.51400625700000002,1.1081683600000001,-0.23618039499999999,0.87963849299999997,-1.43818665,0.30768543500000001
-0.84014403800000004,0.40854597100000001,-0.15157194399999999,0.80453389900000005,-0.90790539999999997,0.37530839399999999,-0.42929363300000001,0.84584051400000004,-0.27845695599999998,0.93183207499999998,-1.3033578400000001,0.12137060600000001
-0.81502556800000003,0.20746841999999999,-0.24195799200000001,0.72261428800000005,-0.90146177999999999,0.087979853199999999,-0.49478504099999998,0.73977828000000001,-0.346746624,0.75515216600000001,-1.26623559,-0.093152284599999996
-0.78967171899999999,0.025309756400000001,-0.30445545899999998,0.76419097199999997,-0.69260734300000004,0.075207278099999997,-0.53648483800000002,0.69137215600000002,-0.30456826100000001,0.72139286999999996,-1.1214758199999999,-0.16687192000000001
-0.67004644899999999,-0.167864665,-0.13431765100000001,0.55020916499999994,-0.57437097999999998,-0.19983300600000001,-0.55998164399999995,0.46281367499999998,-0.37564989900000001,0.46319302899999998,-1.02390337,-0.53723585600000001
-0.72734790999999999,-0.37497836400000001,-0.15842916100000001,0.55734187400000001,-0.48047667700000002,-0.36189329599999998,-0.46719235199999998,0.326101482,-0.30742293599999998,0.39572617399999999,-0.91405445299999999,-0.670352697
-0.56876480600000001,-0.61998701099999998,-0.14495606699999999,0.37274593099999997,-0.455062568,-0.43284332800000003,-0.42889863299999997,0.34561112500000002,-0.37351423500000003,0.31808063399999997,-0.75409257399999996,-0.64577072899999999
-0.35851371300000001,-0.70636194900000004,-0.14751920099999999,0.41256400900000001,-0.27407890600000001,-0.38686907300000001,-0.33269283199999999,0.19849155800000001,-0.171279505,0.16775283199999999,-0.46454665099999998,-0.96499264200000001
-0.30937978599999999,-0.73352771999999999,-0.14716206500000001,0.41019630400000001,-0.170924723,-0.57472914500000005,-0.374519557,0.057689554999999997,-0.119507685,0.068933449699999996,-0.32308751299999999,-1.04965866
-0.071400374200000005,-0.86513763700000001,-0.22108674,0.25014594200000001,0.130069405,-0.653724372,-0.23241972899999999,-0.059794127900000001,-0.19059920299999999,-0.037638586000000002,0.0055444799400000003,-0.98924070600000003
0.12972736400000001,-0.820142865,-0.036628209100000003,0.22020521800000001,0.32746061700000001,-0.64520198100000004,-0.23362755800000001,-0.112473719,-0.062686771200000005,-0.20397377,0.342824191,-1.0947578
0.41074085199999999,-0.975770056,-0.0053530298199999998,0.141815037,0.346402496,-0.69280040300000001,-0.085167080199999995,-0.35142764399999998,0.079514786599999998,-0.226362273,0.64732265499999997,-1.1738314599999999
0.45754656199999999,-1.0106494399999999,-0.016472600399999999,0.071978949,0.54660224899999998,-0.64289170500000004,0.094176761799999995,-0.33297306300000001,0.086001604800000006,-0.37856560900000003,0.81007963400000005,-1.00426507
0.65729266399999997,-1.06348062,0.096541576099999998,-0.058616340199999999,0.53937601999999996,-0.61607044899999996,0.221948847,-0.417280555,0.19074141999999999,-0.45084962200000001,0.97362267999999996,-1.1184668499999999
1.0029398199999999,-1.0858792100000001,0.248110741,-0.23257461199999999,0.72561657400000001,-0.64940995000000001,0.33516070199999998,-0.43941012000000002,0.24655713100000001,-0.539543569,1.17207098,-0.95378893600000003
1.17110991,-0.90622669499999997,0.32211050400000002,-0.24356177400000001,0.97842836399999999,-0.50092011700000005,0.42315134399999998,-0.62427771099999996,0.205769435,-0.49915415000000002,1.3091095699999999,-0.717070282
1.3105771500000001,-0.81748181600000003,0.21728172900000001,-0.126563966,1.00910604,-0.49069759200000002,0.54554808099999996,-0.62364816700000003,0.43604067000000002,-0.56459474600000004,1.56028736,-0.57326358600000005
1.3140837000000001,-0.70534431900000005,0.418969333,-0.21914914299999999,1.1237770300000001,-0.44544115699999998,0.72109734999999997,-0.60962355099999999,0.46709919,-0.76597642899999996,1.6959165300000001,-0.53214669199999998
1.6222906100000001,-0.56502538899999999,0.44643548100000002,-0.098619654799999998,1.3333503,-0.34281718700000002,0.76865518099999997,-0.52952629299999998,0.58205896599999996,-0.77346122299999998,1.7854708399999999,-0.30771806800000001
1.6688221700000001,-0.49733510600000003,0.57710808499999999,-0.15758757300000001,1.4092932899999999,-0.31857269999999999,0.90963327900000002,-0.53075254000000005,0.74980986100000002,-0.84709185399999998,1.79876459,-0.078150048900000005
1.6015930199999999,-0.33802375200000001,0.51742452400000005,-0.194543883,1.3370585399999999,-0.212392092,0.96361291400000004,-0.55414110400000005,0.81086099099999998,-0.60517603200000003,1.94174767,0.031120646700000001
1.77468801,-0.173465863,0.73381584899999996,-0.33597791199999999,1.37138987,-0.015368647900000001,1.2259426099999999,-0.34654825900000003,0.77260530000000005,-0.69532358599999999,1.9553673300000001,0.21383129100000001
1.6467098,0.053910084099999998,0.76776230300000003,-0.26941442500000001,1.3759126699999999,0.082980394400000004,1.2856158,-0.33255356600000002,0.89883768600000002,-0.65859454900000003,1.8631486900000001,0.47637882799999998
1.52885413,0.13850554800000001,0.76306724500000001,-0.346365005,1.3453118799999999,0.22244504100000001,1.4221797,-0.224327683,1.00352025,-0.57581025399999997,1.8941585999999999,0.70548123100000004
1.6273016899999999,0.36150321400000002,0.97675102899999999,-0.24369010299999999,1.2276123800000001,0.25928723799999998,1.31017995,-0.197341561,0.99783962999999998,-0.50537872299999997,1.7173405900000001,0.912932992
1.4760892400000001,0.562678397,1.04093254,-0.19868788100000001,1.1596045500000001,0.40654137699999998,1.2791097199999999,-0.10481541599999999,1.1765966400000001,-0.462182015,1.52793121,0.91146653899999996
1.4334229199999999,0.71257531600000001,1.02693558,-0.23461332900000001,1.1198535000000001,0.37067472899999998,1.22089219,-0.14510943000000001,1.0474730699999999,-0.367405117,1.4671101600000001,1.0361647599999999
1.1588578199999999,0.70611852399999997,1.10378683,-0.21901057700000001,0.98513966799999997,0.54760783899999999,1.2797374699999999,-0.0141351949,1.0729987599999999,-0.29603508099999998,1.35273767,1.11982274
1.0145412700000001,0.84503769900000003,0.88419979800000004,-0.14576879100000001,0.84141343800000001,0.58786612699999996,1.1211402399999999,0.14425592100000001,1.09971917,-0.11099501000000001,1.2104246599999999,1.3212136000000001
0.85665094900000005,0.93604236799999996,1.01626539,-0.13814520799999999,0.70590025199999995,0.70297741899999999,1.14972341,0.19266232799999999,0.93023699500000001,-0.079450994699999999,0.86834251900000003,1.34305239
0.799149573,0.84616118699999998,0.96726805000000005,-0.098769061300000002,0.50214165399999999,0.69120907799999998,1.10478199,0.26090329899999998,0.91791743000000003,0.194093302,0.67439907799999999,1.46054292
0.58934420300000001,0.97691202200000005,0.77796620100000002,-0.0091925878099999997,0.380045831,0.63375234599999997,1.05310404,0.24112725300000001,0.77760833500000004,0.213831097,0.467868328,1.4227586999999999
0.39798465399999999,0.85669422100000003,0.83846718099999995,-0.025882843900000001,0.068780727700000002,0.68980091799999999,0.81995117699999998,0.38155368000000001,0.73632430999999998,0.20595488000000001,0.28239598900000001,1.4720968000000001
0.291910797,0.88030403899999998,0.72951644699999996,0.124980435,-0.114176765,0.72814714899999999,0.79253309999999999,0.25153446200000001,0.62891256799999995,0.406466365,-0.067070558700000005,1.3516992299999999
0.024328729100000002,0.85471105599999997,0.69742762999999997,0.039147432900000001,-0.18555498100000001,0.67457288500000001,0.62076514999999999,0.45561784500000002,0.571861446,0.375379354,-0.24040368200000001,1.32990754
-0.111411832,0.60645586299999998,0.67016953199999996,0.082637660200000004,-0.27122998199999998,0.60967975900000004,0.65060675099999998,0.38070678699999999,0.589938462,0.28899347800000003,-0.55130588999999997,1.1364496900000001
-0.29547715200000002,0.609181046,0.52259415399999998,0.034365966900000003,-0.53579813200000004,0.43733191500000002,0.52783376000000004,0.38279101300000001,0.43143141299999999,0.36459642599999997,-0.70565354800000002,0.96409648699999995
-0.59070640799999996,0.43205383400000003,0.47666215899999997,0.225719109,-0.53333306300000005,0.34724551399999998,0.19119873600000001,0.52368318999999997,0.16926050200000001,0.324652255,-0.88725221200000004,0.66267746699999996
-0.68437355799999999,0.22305885,0.35027265499999999,0.26141783600000001,-0.67949718199999998,0.25747323,0.17810256799999999,0.36373719599999998,-0.0064537078099999997,0.508622766,-1.0745548,0.53321391299999998
-0.64463937299999996,0.12696823500000001,0.104953319,0.334821969,-0.83492493599999995,0.050710286899999998,0.023314504,0.45680868600000002,-0.070097893499999994,0.44110298199999998,-1.14442563,0.35773533600000001
-0.85776919100000004,-0.15893758799999999,0.088598951699999998,0.29591178899999998,-0.92280232900000003,-0.119931415,-0.24809634699999999,0.44271191999999998,-0.154670998,0.22404575299999999,-1.4021755499999999,0.059737913300000001
-0.75784462699999999,-0.31364405200000001,-0.00338585861,0.31665480099999999,-0.97471368300000005,-0.27187645399999999,-0.40919688300000001,0.28299644600000001,-0.43548256200000002,0.194501638,-1.31830585,-0.20192766200000001
-0.86857372499999996,-0.57490849499999996,-0.19358968700000001,0.195902571,-0.95636278399999997,-0.44642409700000002,-0.46730971300000002,0.17296767199999999,-0.53826516899999999,0.12529856,-1.3683619499999999,-0.59425383799999998
-0.77853447200000003,-0.60422581399999997,-0.23788545999999999,0.23679725800000001,-0.98119664200000001,-0.53110390900000004,-0.58152306099999995,0.19236154899999999,-0.57516688100000002,0.035284183900000002,-1.3868860000000001,-0.76338881300000005
-0.79259622100000005,-0.92266434399999997,-0.27869877199999998,0.093770556199999994,-0.80905324199999995,-0.72654229400000003,-0.54052954900000005,0.036459006400000001,-0.80347353200000005,-0.20790109000000001,-1.5360204,-0.89698719999999998
-0.66406905699999996,-1.1358690300000001,-0.35808426100000001,0.178451955,-0.88155329199999999,-0.94306850399999997,-0.56101793099999997,-0.16625568299999999,-0.87279415100000002,-0.19965380399999999,-1.4559858999999999,-1.2737039299999999
-0.74520909800000001,-1.23779905,-0.43387088200000001,0.052745688700000001,-0.77975368499999997,-0.95622563400000005,-0.74236089000000005,-0.229660377,-0.90139550000000002,-0.32042008599999999,-1.34274077,-1.4959065899999999
-0.61642539500000004,-1.3429420000000001,-0.52730763000000003,-0.039221532599999998,-0.76223295899999999,-1.2136990999999999,-0.71675205200000003,-0.397119373,-0.95233398700000005,-0.55985713000000004,-1.13980222,-1.5353966999999999
-0.45707413600000002,-1.46195853,-0.55224114700000004,0.00240831822,-0.56783884799999995,-1.17791796,-0.75447761999999996,-0.63663470700000002,-0.96464711400000003,-0.67180091099999995,-1.0222215699999999,-1.78187406
-0.312968105,-1.63580441,-0.723046839,-0.29801672699999998,-0.55505532000000002,-1.37572348,-0.73073226199999997,-0.83881223199999999,-0.76144093300000004,-0.84263521399999997,-0.776715457,-1.80928099
-0.25097358199999997,-1.5634593999999999,-0.74247181399999995,-0.33129715900000001,-0.31296616799999999,-1.2556026,-0.65358179800000005,-0.90564292700000004,-0.66319489499999995,-0.88527947699999998,-0.57509690499999999,-2.0043315900000001
-0.016860082700000001,-1.7123779100000001,-0.70961159500000004,-0.39797300099999999,-0.17882220400000001,-1.4514982700000001,-0.53591573199999998,-0.88603830299999997,-0.76764357100000002,-1.01006401,-0.25296843099999999,-2.1595866699999999
0.0864832252,-1.7090290800000001,-0.75996857900000003,-0.417303592,-0.158031166,-1.4713514999999999,-0.58785742500000004,-0.98676413299999999,-0.66905373300000004,-1.0478448899999999,-0.11369726099999999,-2.2322011000000002
0.377306849,-1.69480133,-0.73462742599999997,-0.599696279,0.170810193,-1.38955534,-0.48712649899999999,-1.1932544700000001,-0.50280517300000005,-1.0273885700000001,0.13292989099999999,-2.2265005100000002
0.46953427800000003,-1.5844373700000001,-0.73838371000000003,-0.75324523399999999,0.141799599,-1.2987082000000001,-0.249323934,-1.15387583,-0.357407957,-1.1091669799999999,0.51499831699999998,-2.2720224899999999
0.70303082500000003,-1.60019803,-0.78257799100000003,-0.81618058699999996,0.23357850299999999,-1.2661536900000001,-0.210727409,-1.28428125,-0.30532828000000001,-1.2185814399999999,0.78367060399999999,-2.1785492899999999
0.90200799700000001,-1.36686146,-0.53394961399999996,-0.92269736499999999,0.43048682799999999,-1.03108299,-0.10179437700000001,-1.35605145,-0.28098589200000001,-1.2371296899999999,0.98422199499999996,-1.9472239
1.02861059,-1.2660571300000001,-0.57333767400000002,-1.0433269700000001,0.61171042900000006,-1.0253101600000001,0.050209134799999999,-1.38582754,-0.21196240199999999,-1.26139712,1.1724697399999999,-1.82789052
1.12421393,-1.08611941,-0.35660368199999998,-1.1109508299999999,0.69178372600000004,-0.82844078499999996,0.11594978,-1.3397760400000001,-0.094713017299999994,-1.31950426,1.2634789900000001,-1.6593843699999999
1.2241739,-1.07909429,-0.16822511000000001,-1.1837836500000001,0.74464803899999998,-0.71560138500000003,0.40778017,-1.32416975,0.079778164600000007,-1.30045605,1.41816783,-1.3956846000000001
1.1623112,-0.78862220000000005,-0.148385823,-1.2169463599999999,0.73890113800000001,-0.58805340500000003,0.44637083999999999,-1.3821876,0.16894574500000001,-1.2033013100000001,1.57479429,-1.2394725099999999
1.13921976,-0.55589276600000004,-0.084460392600000003,-1.15913081,0.74659150799999996,-0.41184738300000001,0.50310331600000002,-1.08941829,0.23080842200000001,-1.08254385,1.81396508,-0.94945269799999998
1.1625831099999999,-0.40569534899999998,0.015596352500000001,-1.1759153600000001,0.88963735099999997,-0.26129359000000002,0.60238259999999999,-1.09216106,0.34263691299999999,-1.0533638000000001,1.6813281799999999,-0.627911687
1.17866158,-0.260678411,0.33359935899999998,-0.96029675000000003,0.86087250699999995,-0.169521332,0.86145180499999996,-0.97442340900000002,0.44164758900000001,-0.85775142900000001,1.7845014299999999,-0.43444553000000002
1.16207349,0.012253034899999999,0.302604437,-0.90071612599999995,0.81177455200000004,-0.11298506,0.88670420599999999,-0.84708815800000004,0.52112311099999997,-0.87836134399999999,1.73879838,-0.23211041099999999
1.0850007500000001,0.242381871,0.33012667299999998,-0.85803109399999999,0.868820131,0.109530166,0.92910426899999998,-0.75718802200000002,0.48503637300000002,-0.69993936999999995,1.69812977,0.27364867900000001
1.00631571,0.403519511,0.49238583400000002,-0.73973721299999995,0.76706785,0.32895249100000001,1.07333028,-0.56325203199999996,0.61378490900000005,-0.50788712499999999,1.4739382299999999,0.48179686100000002
0.77055943000000005,0.62856149699999997,0.45117491500000001,-0.73571884600000004,0.71985369899999996,0.39347195600000001,0.99726492200000005,-0.40647435199999998,0.65016370999999995,-0.49870127400000003,1.4213668100000001,0.66601055899999995
0.73427397000000005,0.72932541399999995,0.68175411200000002,-0.54776585099999997,0.60037446000000005,0.47595638000000001,0.97613912800000002,-0.14191901700000001,0.56984823900000003,-0.33124223400000002,1.13820469,1.03306305
0.52408647500000005,0.83087331099999995,0.49694096999999998,-0.40559190499999997,0.65995103099999997,0.61463153400000003,1.0040819599999999,0.071421861599999997,0.56862091999999997,-0.12039865600000001,0.85606843200000005,1.2534126000000001
0.37655797600000002,1.09672177,0.59262508199999997,-0.30973961900000002,0.462655127,0.79887765600000005,0.96673798600000005,0.083017766500000006,0.42327284799999998,0.051795039299999998,0.56584095999999995,1.39891827
0.050016555900000002,1.02411973,0.63466924400000002,-0.191213891,0.35362878399999997,0.99797302499999996,0.87456178699999998,0.315646708,0.32533875099999998,0.26452642700000001,0.17082418499999999,1.6320685100000001
-0.167353794,1.1448807700000001,0.45908543499999999,-0.089718557899999996,0.14266958800000001,1.0109810800000001,0.67915654199999997,0.47319671499999999,0.21078397300000001,0.249590486,0.029133429799999999,1.62947774
-0.291857898,1.2059265400000001,0.40713676799999998,0.043622121200000002,0.048569373800000003,0.82778626700000002,0.658584952,0.67279863399999995,0.31990864899999999,0.506119549,-0.33943647100000002,1.7222188700000001
-0.62734830399999997,1.1897206300000001,0.30648645800000002,0.225036442,-0.069451719499999995,0.92147284699999998,0.49805393799999997,0.876930773,0.12460663900000001,0.61793512100000003,-0.58369505399999999,1.69705927
-0.70429646999999995,1.0887563200000001,0.18615226400000001,0.33506923900000002,-0.25234469799999998,0.94320040900000002,0.27478137600000002,0.92827403500000005,0.0746095851,0.59361338600000002,-0.96449309599999999,1.51609218
-1.1213369399999999,1.09607458,0.103130132,0.46111929400000001,-0.40735781199999999,0.89704352600000004,-0.039693415199999998,1.1053423899999999,-0.081373400999999998,0.72289276099999999,-1.1927669000000001,1.5152777399999999
-1.14528692,0.92555063999999998,0.11285948799999999,0.72381550100000003,-0.54911690999999996,0.85678494000000005,-0.14023065600000001,1.03982902,-0.35689321200000002,0.79787790800000002,-1.4553828200000001,1.4217623500000001
-1.42122722,0.90918666100000001,-0.166647196,0.74914365999999999,-0.81741094599999997,0.88782876700000002,-0.25582486399999999,1.19250762,-0.46220993999999999,0.84460616099999997,-1.73232293,1.2906234299999999
-1.7083591199999999,0.60357350099999996,-0.19702188700000001,0.75342679000000001,-0.96803325399999995,0.75192254800000002,-0.62886935499999996,1.0494239299999999,-0.66405606299999997,1.0465396600000001,-1.9119268700000001,0.95345026300000002
-1.67056692,0.48356008499999997,-0.31674405900000002,0.89600396199999999,-1.0023801299999999,0.72769248499999994,-0.78956657600000002,1.1620916100000001,-0.78708088399999998,0.82352656099999999,-2.1933786899999999,0.83054053800000005
-1.7694205000000001,0.32642099299999999,-0.62834739699999997,0.91952747099999999,-1.1337590200000001,0.59971022600000001,-0.92363780699999998,1.1853176400000001,-0.90770763200000004,0.94677537700000003,-2.3740298700000002,0.679908395
-1.8761816,0.13158837000000001,-0.59741908300000002,0.78359329700000002,-1.19729161,0.36587673399999998,-1.0522061599999999,0.91516554400000005,-1.0548710800000001,0.78626578999999996,-2.4675469400000001,0.31770431999999998
-1.91734779,-0.12803630499999999,-0.90498572600000005,0.84106183099999998,-1.2580595000000001,0.28975999400000002,-1.24989164,0.89016526900000004,-1.1549659999999999,0.81241297700000004,-2.5915994599999999,0.019638538399999999
-1.89287055,-0.35805428,-1.0985305299999999,0.69441991999999997,-1.3198055,0.035065814899999999,-1.37964368,0.88680773999999996,-1.35447311,0.81155162999999997,-2.59402204,-0.23098210999999999
-1.8399378099999999,-0.43477657400000003,-1.0772621600000001,0.63872122799999997,-1.14614046,-0.124601886,-1.45980585,0.68645846799999999,-1.3550281500000001,0.710841477,-2.5455558300000001,-0.52668863499999996
-1.58520007,-0.62549632799999999,-1.2045704100000001,0.42789650000000001,-1.24865341,-0.153428748,-1.5540444899999999,0.49658834899999998,-1.46329749,0.58359718299999996,-2.4089991999999998,-0.91391497899999996
-1.5173528199999999,-0.72708219299999999,-1.4355583199999999,0.41607460400000001,-1.1873042599999999,-0.37697955999999999,-1.84791219,0.40455174399999999,-1.4662322999999999,0.52360558499999998,-2.3493266099999999,-1.07969391
-1.43709815,-1.0295528199999999,-1.5080554500000001,0.30256187899999998,-1.0886174399999999,-0.57981789100000003,-1.7504415499999999,0.25061795100000001,-1.456599,0.39832299900000001,-2.15639234,-1.3242764499999999
-1.34524763,-1.18511224,-1.43455708,0.175751358,-0.975934207,-0.67030191400000005,-1.8001538500000001,0.060002528100000001,-1.3691659,0.27046093300000001,-2.0157191800000001,-1.6252509399999999
-1.19249856,-1.2012959700000001,-1.4846074600000001,0.198269635,-0.79285836200000004,-0.73899573100000004,-1.87436366,-0.27831712400000003,-1.4345374099999999,0.18692383200000001,-1.5941561500000001,-1.94952798
-0.96896052399999999,-1.3966170499999999,-1.5531681799999999,-0.067826017700000005,-0.55457776800000003,-0.97130066199999998,-1.7944421800000001,-0.47429695700000002,-1.2132418199999999,-0.072967246200000002,-1.3056227,-1.99706125
-0.79697173799999999,-1.48857927,-1.56323075,-0.210653171,-0.358798534,-0.93337011299999995,-1.5323587700000001,-0.53170281600000002,-1.2144066099999999,-0.26524817899999997,-1.09981942,-2.08892393
-0.61709999999999998,-1.4918108000000001,-1.4389758100000001,-0.27727112199999998,-0.18939963000000001,-1.0834898900000001,-1.4939962600000001,-0.80135989200000002,-1.0804095300000001,-0.31267094600000001,-0.71898031200000001,-2.2689132700000001
-0.35227429900000001,-1.4422593100000001,-1.3174220299999999,-0.468428344,-0.0090410113299999994,-1.16734421,-1.4488319199999999,-0.86184674500000003,-1.0147256899999999,-0.44775134300000002,-0.35924190299999997,-2.2560510599999999
-0.082036495200000004,-1.4003166,-1.0998387300000001,-0.46082839399999997,0.074523463799999995,-1.1474851399999999,-1.1121102599999999,-1.1094321,-0.956514478,-0.36579468799999998,0.150884777,-2.1498448799999998
0.0993258432,-1.3420112099999999,-1.1002306900000001,-0.50988876800000005,0.38997268699999998,-1.11507475,-0.93775707500000005,-1.1667787999999999,-0.89562457799999995,-0.41630414100000002,0.31644398000000001,-2.1208038299999998
0.48136368400000001,-1.3836799900000001,-0.95553517300000002,-0.56213104700000005,0.48138591600000002,-1.1408461299999999,-0.72114610700000004,-1.1175936500000001,-0.78938305399999997,-0.59011966000000005,0.78782725300000001,-1.85506964
0.62591844799999996,-1.17250681,-0.79811769700000001,-0.57386141999999996,0.76921153099999995,-1.05877066,-0.60958462999999996,-1.30960941,-0.58348310000000003,-0.50482052600000005,1.0203013400000001,-1.81589377
