0.96741455799999998,0.036656960799999999,-0.099575802699999993,0.020488321800000001,0.94882333299999999,0.036681734000000001,-0.072523713099999998,0.0056188525600000001,0.94541829799999999,0.063654497300000001,-0.124954894,-0.0077622234800000002,1.00283802,0.083423256900000006,-0.126492411,0.048084594299999998,1.0298576399999999,0.032417442599999999,-0.081739731100000004,0.0031459093999999998,0.96536320399999997,0.0101833194,-0.142945498,-0.018111933
0.94621837099999995,0.13602075,-0.15921099499999999,0.032883882500000003,0.97960764199999995,0.13169916000000001,-0.20173780599999999,-0.0144634051,0.94248276900000005,0.075851663900000005,-0.21911208300000001,-0.052903875699999998,0.98900294300000002,0.174766064,-0.245315388,-0.0149288923,1.05876112,0.056829102300000003,-0.151219308,-0.051590289900000003,0.93293303299999997,0.0109907575,-0.25313803600000001,-0.063012093300000002
0.93480777699999995,0.23204192500000001,-0.23111203299999999,0.0099912602499999999,0.93834668399999999,0.142750502,-0.25751298700000003,-0.0128784776,0.92455428799999995,0.124774724,-0.30546516200000001,-0.115831196,0.94176179199999999,0.227701768,-0.29730775999999998,-0.060875155,1.0619319700000001,0.081389851900000004,-0.21248160299999999,-0.0203454234,0.89446508899999999,0.044187389299999998,-0.35637822699999999,-0.12421022399999999
0.86879587199999997,0.305360943,-0.323499918,-0.0132445507,0.90744561000000001,0.23554786999999999,-0.35118609699999997,-0.060104899099999998,0.93074655500000003,0.180327132,-0.37749904400000001,-0.14771753500000001,0.90497368600000005,0.22885894800000001,-0.34267556700000001,-0.065605439200000004,0.98099207899999996,0.101021968,-0.310105354,-0.087153233600000005,0.857264519,0.073491133700000003,-0.44203525799999999,-0.15133790699999999
0.82383614800000005,0.309290648,-0.45512524199999999,-0.053443327499999999,0.88855910299999996,0.23137603700000001,-0.482672304,-0.054795410500000002,0.85084563499999999,0.19304257599999999,-0.48156401500000001,-0.18999159299999999,0.878715158,0.24892550699999999,-0.45372646999999999,-0.14489308000000001,0.95836472500000003,0.157727331,-0.39960113200000003,-0.11344491700000001,0.79269784700000001,0.051850531300000002,-0.49733051700000003,-0.22140674299999999
0.80626285099999995,0.372911453,-0.55153131499999997,-0.072196923199999999,0.783197641,0.28353866900000002,-0.61193680800000005,-0.14436972100000001,0.75673902000000004,0.23962581199999999,-0.57345682399999998,-0.21541214,0.84965026399999999,0.26835086899999999,-0.49860632399999999,-0.20126223600000001,0.91673016500000004,0.14930680399999999,-0.47803589699999999,-0.16652461900000001,0.73326343299999996,0.031034939000000001,-0.61233484699999996,-0.28869521599999998
0.75227338099999996,0.44055759900000002,-0.63064336799999998,-0.11951386899999999,0.67215216200000005,0.31672808499999999,-0.71567994400000001,-0.15299770200000001,0.66870039699999995,0.23443979000000001,-0.65934282499999997,-0.30689439200000002,0.75446569900000005,0.27631920599999998,-0.52795946599999999,-0.22563715300000001,0.82146900899999997,0.20330955100000001,-0.54474532600000003,-0.20032665099999999,0.65079319499999999,0.067183285999999995,-0.67864251099999995,-0.31892100000000001
0.70737552599999998,0.44760808299999999,-0.69084453599999995,-0.218829095,0.54911076999999997,0.32624605299999998,-0.78230321400000002,-0.207211167,0.592752159,0.21192434399999999,-0.66185474399999999,-0.39965221299999998,0.71276968699999999,0.25070294700000001,-0.55460232499999995,-0.28741329900000001,0.71589529500000004,0.24871198799999999,-0.62894099999999997,-0.220618486,0.59341871700000004,0.055617902400000002,-0.73573744299999999,-0.31694009899999998
0.64479458300000003,0.45164641700000002,-0.74550104100000003,-0.33002042799999998,0.47733110200000001,0.36147162300000002,-0.78481900699999996,-0.27903100800000002,0.49887025400000001,0.22426015099999999,-0.73250937500000002,-0.50067400900000003,0.662067831,0.29408180699999997,-0.63522797799999997,-0.33911302700000001,0.65189147000000003,0.224429235,-0.666964114,-0.294476658,0.55173742800000003,0.101789743,-0.76435524200000005,-0.36195573199999997
0.57721632700000003,0.48267239299999998,-0.75395858299999996,-0.42469912799999998,0.41950356999999999,0.32805347400000001,-0.83608549799999998,-0.3760539,0.445078105,0.14828608900000001,-0.77830195400000002,-0.52008718300000001,0.61106705699999997,0.32000896299999998,-0.66916751900000004,-0.39465370799999999,0.59576243200000001,0.22647245199999999,-0.73707449400000002,-0.336895585,0.45061886299999998,0.12026922399999999,-0.82968836999999995,-0.37542370000000003
0.48172479899999998,0.43319892900000001,-0.819011033,-0.48270270199999998,0.326300323,0.28379333000000001,-0.89816850400000003,-0.40671509500000003,0.34260344500000001,0.167148411,-0.74624288100000002,-0.58342134999999995,0.51641488099999999,0.29362565299999999,-0.70639276500000003,-0.483037889,0.50537496800000004,0.23716098099999999,-0.82250803699999997,-0.374184132,0.39319810300000002,0.060606431199999998,-0.85465502699999996,-0.44858065200000002
0.36564493199999998,0.45386126599999999,-0.80971163499999999,-0.55632960799999998,0.17752183999999999,0.30183845799999998,-0.93311166800000001,-0.45219352800000001,0.275787055,0.0769484639,-0.78597521800000003,-0.67762345099999999,0.39784243699999999,0.26137346,-0.73695439100000004,-0.53374540800000003,0.431898057,0.27336832900000002,-0.89320295999999999,-0.38848349500000001,0.268043429,0.050331138099999999,-0.88415586899999998,-0.51639437700000002
0.24272590899999999,0.39546847299999999,-0.803810358,-0.61361390400000004,0.036814212800000003,0.29376816700000002,-0.88956934200000004,-0.55929100499999995,0.19752471099999999,0.066895365700000001,-0.81919443599999997,-0.67303371400000001,0.301496029,0.27583947800000003,-0.72386682000000002,-0.60743320000000001,0.36252373500000001,0.24439947300000001,-0.92622953699999999,-0.437263966,0.19303864200000001,0.028457680700000001,-0.846996784,-0.58007252200000003
0.13148343600000001,0.36648678800000001,-0.80639940499999996,-0.73310351399999996,-0.045605447100000002,0.200874478,-0.82836019999999999,-0.59421831400000003,0.101601407,-0.0063334312300000004,-0.80746662599999997,-0.68439006800000002,0.22501189999999999,0.23690503800000001,-0.68179881600000003,-0.69240683300000005,0.30340296,0.23259033300000001,-0.90414833999999999,-0.48343491599999999,0.11370010699999999,0.025145895800000002,-0.87060517100000001,-0.59165316800000001
0.071084491900000005,0.33692899300000001,-0.74836969399999997,-0.76012325300000005,-0.13954561900000001,0.148727939,-0.77439045900000003,-0.63569515899999995,0.068227991500000001,-0.075730226900000003,-0.81865441800000005,-0.76139533500000001,0.143704742,0.15540005300000001,-0.63497304899999996,-0.720411837,0.19234831599999999,0.213102609,-0.86295115899999997,-0.55941730700000003,-0.021039277299999999,-0.0074810236699999998,-0.80263590799999995,-0.67369621999999996
0.0105319917,0.27285003699999999,-0.73551016999999996,-0.86899077899999999,-0.26477327899999997,0.098461166000000003,-0.68012929,-0.68272054199999999,-0.057322371800000001,-0.123099864,-0.76728242599999996,-0.77429443600000003,0.100671381,0.11044912,-0.62483537199999994,-0.80449271200000005,0.13297018399999999,0.204331398,-0.81843811300000002,-0.57579189500000005,-0.119557388,-0.12150999899999999,-0.71547263900000002,-0.72740918399999999
-0.060273960199999997,0.20134502600000001,-0.73769807799999998,-0.97456335999999999,-0.36758366199999998,-0.030643388600000002,-0.65260851399999997,-0.76843673000000001,-0.143338725,-0.16973403100000001,-0.69259321699999998,-0.752201974,0.00084285065500000001,0.025675311700000002,-0.56282544099999998,-0.82318830499999995,0.089474268300000007,0.10411762400000001,-0.789087176,-0.64099883999999996,-0.15912744400000001,-0.203166083,-0.62392813000000003,-0.78188067699999997
-0.152607575,0.135237724,-0.63149487999999998,-0.98492318400000001,-0.39551970400000003,-0.102376431,-0.55304986199999995,-0.78066307300000004,-0.18725308800000001,-0.24887056599999999,-0.67049503300000002,-0.76625287500000006,-0.051684267800000003,-0.065118655600000006,-0.53709620199999997,-0.84406650100000002,0.0097572524100000002,0.0437065102,-0.78263479499999999,-0.72546821800000005,-0.24366644000000001,-0.27668091700000003,-0.61346262699999998,-0.83692306299999997
-0.26154264799999999,-0.0061671137799999996,-0.517910659,-1.0238766699999999,-0.45848983500000001,-0.17774730899999999,-0.45309516799999999,-0.80215561400000002,-0.25114607799999999,-0.32978043000000001,-0.63310146300000003,-0.74627465000000004,-0.125358045,-0.102348104,-0.46760871999999998,-0.90357267900000005,-0.056873243300000001,-0.022444825599999999,-0.72387969500000005,-0.79835635400000005,-0.33966320799999999,-0.34732401400000001,-0.51097035400000002,-0.84825813800000005
-0.299147367,-0.094483010500000006,-0.43385875200000001,-1.0530533799999999,-0.48995313000000001,-0.31028038299999999,-0.38779625299999998,-0.83240640200000005,-0.33003282499999997,-0.43035209200000002,-0.56992316200000004,-0.76982021300000003,-0.201319784,-0.15686097700000001,-0.41412472700000003,-0.94141262800000003,-0.154516399,-0.14774236099999999,-0.63157975700000002,-0.81466442299999997,-0.4002271,-0.43460094900000001,-0.424818486,-0.81099116800000004
-0.33642634700000001,-0.191326037,-0.31336191299999999,-1.0826260999999999,-0.52593731899999996,-0.39420044399999998,-0.25016412100000002,-0.84743368600000002,-0.36602550700000003,-0.50141882900000001,-0.46841755499999999,-0.76986891000000002,-0.23621889900000001,-0.24303266400000001,-0.357542902,-0.96135115599999998,-0.24805671000000001,-0.18700406,-0.55530637500000002,-0.84496611399999999,-0.37525641900000001,-0.57190334799999998,-0.383440793,-0.73440569600000005
-0.33386635799999997,-0.36101791300000002,-0.233973503,-1.02241921,-0.53095251300000001,-0.45772924999999998,-0.16215859399999999,-0.833827078,-0.41882553700000003,-0.62233769900000002,-0.41638773699999998,-0.70974040000000005,-0.21584276899999999,-0.35446882200000002,-0.28806412199999998,-0.93363338699999998,-0.323703825,-0.28454446799999999,-0.51932203799999999,-0.89560556400000002,-0.410097033,-0.67806577700000004,-0.32800042600000001,-0.64765292399999996
-0.38034036799999998,-0.454696029,-0.16751627599999999,-0.97258782399999999,-0.56270694700000001,-0.55007660400000002,-0.10978394,-0.79895103000000001,-0.43553859,-0.67277860599999995,-0.33758407800000001,-0.69523072200000002,-0.21718080300000001,-0.41797509799999999,-0.26546025299999998,-0.87807053300000004,-0.35479158199999999,-0.34437626599999999,-0.43212017400000002,-0.92005979999999998,-0.405617177,-0.78430593000000004,-0.29932355900000002,-0.632869601
-0.39013108600000002,-0.59921133500000001,-0.047073651100000002,-0.93939918300000003,-0.50089144699999999,-0.63902473400000004,-0.062911659499999995,-0.74498397100000002,-0.44712734199999998,-0.76862359000000002,-0.29690167299999998,-0.59043252499999999,-0.24528175599999999,-0.481565505,-0.14989709900000001,-0.88882070800000001,-0.35068538799999999,-0.45900154100000001,-0.36610058000000001,-0.87416529700000001,-0.39494392299999997,-0.87897157699999995,-0.24786783800000001,-0.58692145299999998
-0.37628755000000003,-0.68938708299999996,0.082728251799999999,-0.89593994600000004,-0.46364408699999998,-0.69208478900000003,0.049380511000000002,-0.64949971399999995,-0.41044032600000002,-0.81307721099999997,-0.19924834399999999,-0.53511846100000005,-0.20904840499999999,-0.56323653500000004,-0.0685781315,-0.80275070699999995,-0.36463487100000003,-0.58049196000000003,-0.29956370599999999,-0.85222792599999997,-0.35478141899999999,-0.97804158900000004,-0.14807210900000001,-0.49612066100000002
-0.36506545499999998,-0.83884227300000003,0.14153557999999999,-0.79634165800000001,-0.42396897099999997,-0.74671113499999997,0.093040809000000002,-0.55737763600000001,-0.42621672199999999,-0.873747885,-0.151761591,-0.44520473500000002,-0.150068015,-0.602540195,0.040065202899999999,-0.78635966800000001,-0.323939741,-0.72421491100000002,-0.209124014,-0.80322879599999997,-0.28293186399999998,-1.00867975,-0.048077870199999997,-0.387402356
-0.26104471099999998,-0.92018699599999998,0.25496128200000001,-0.65458393100000001,-0.341006488,-0.861202896,0.127270937,-0.51420021100000002,-0.41799670500000002,-0.95370960199999999,-0.078195609200000002,-0.342769027,-0.142243177,-0.68584555400000002,0.047703694599999999,-0.71757322499999998,-0.33847582300000001,-0.80408817499999996,-0.088365733599999996,-0.75552564899999997,-0.19426924000000001,-1.1018562300000001,0.023762662,-0.333516598
-0.21175360700000001,-1.0119838699999999,0.309111625,-0.57409584499999999,-0.243991554,-0.90044164699999996,0.16885772299999999,-0.399277151,-0.38484856499999998,-0.97105771299999999,-0.062461532700000003,-0.259549052,-0.117998853,-0.747225523,0.058454781800000001,-0.63316661100000005,-0.28412347999999998,-0.877762139,0.0108803883,-0.62761825299999996,-0.16927134999999999,-1.1302355500000001,0.053000330900000003,-0.184865892
-0.12932226099999999,-1.0978976499999999,0.31475001600000002,-0.436703801,-0.132497594,-0.98719310800000004,0.219668224,-0.32014408700000002,-0.30827164600000001,-1.05957031,0.0050374912099999999,-0.168612391,-0.093572802799999993,-0.84011417600000005,0.066358223600000002,-0.58283931,-0.25325480099999997,-0.94662404099999997,0.047954734399999997,-0.49618565999999997,-0.062702208800000006,-1.1071527000000001,0.110187933,-0.0670407638
-0.059841863799999999,-1.17629731,0.34014755499999999,-0.288250387,-0.093582764299999996,-0.97736507699999997,0.21336355800000001,-0.20951598900000001,-0.293314874,-1.0505583300000001,-0.0032920055099999999,-0.099798023700000002,-0.082267016200000001,-0.84909087400000005,0.15191954399999999,-0.47059389899999998,-0.17589460300000001,-1.02558482,0.12881936099999999,-0.40199309599999999,0.048320971400000003,-1.1102581,0.13197213399999999,0.082783877800000003
-0.0142540745,-1.1926018,0.34536811699999997,-0.108568341,0.0078221540900000001,-0.96029967100000002,0.18232035599999999,-0.14134466600000001,-0.242368996,-1.0709343,0.021421898200000001,-0.042167879599999999,-0.0069892834900000004,-0.93933266400000004,0.19160917399999999,-0.34461131699999997,-0.061840891799999999,-1.0902899500000001,0.19311007899999999,-0.32165634599999998,0.159020245,-1.13116276,0.13983358400000001,0.21883897499999999
0.0786285922,-1.1585985400000001,0.315096557,0.0101685487,0.117358983,-1.01580381,0.15024210499999999,-0.019040945900000002,-0.19154860100000001,-1.1043436499999999,0.011148679999999999,0.102366,0.073253616699999996,-0.96823042599999998,0.15997925399999999,-0.22615343299999999,-0.018134666599999998,-1.0951979199999999,0.18813516199999999,-0.18009555299999999,0.22285389899999999,-1.0718231199999999,0.15231725600000001,0.33349573599999999
0.18112307799999999,-1.17938232,0.29694071399999999,0.15431003300000001,0.188171431,-0.99146789300000004,0.12714652700000001,0.065324589599999996,-0.085941456299999996,-1.1316673799999999,0.0117895203,0.236381233,0.087693437900000004,-0.967866004,0.153883666,-0.083485998199999994,0.084428012400000002,-1.1236339799999999,0.16386437400000001,-0.074368499199999993,0.328612179,-1.0422931900000001,0.12680667600000001,0.49372675999999999
0.25718382000000001,-1.12674224,0.24284213800000001,0.23751311,0.216137052,-0.99626249099999997,0.058004654900000001,0.194272473,0.019686637399999998,-1.07249737,0.021282076800000001,0.33395046,0.19023512300000001,-0.94488447900000005,0.13268090799999999,0.0536016785,0.175517902,-1.13977313,0.14264880099999999,0.063518866899999998,0.43845203500000002,-1.00754309,0.067666880799999995,0.63796621600000003
0.33013173899999998,-1.05719316,0.198496968,0.36092835699999998,0.22557033600000001,-0.94946050599999998,0.055269740499999997,0.27162942299999998,0.082700222700000006,-1.0386691100000001,-0.024472869899999999,0.43422409899999997,0.29074320199999998,-0.96509128799999999,0.11230406900000001,0.131487936,0.25881204000000002,-1.0677118299999999,0.13724681699999999,0.161197811,0.48529842499999998,-0.93465518999999997,-0.0135021638,0.730482996
0.40244111399999999,-0.99670839300000003,0.120725185,0.48081824200000001,0.25010487399999998,-0.89604020100000004,-0.00086713954800000004,0.41207653300000002,0.15350765,-0.95129990600000003,-0.034606047000000001,0.48866796499999998,0.32373321100000002,-0.96887171299999997,0.058959528800000001,0.27609479399999998,0.29545345899999997,-1.0135414599999999,0.070713698899999997,0.26694786500000001,0.53170609499999999,-0.80856400699999997,-0.112026602,0.80522686200000004
0.495233119,-0.89087206100000005,0.080861829199999999,0.55384480999999997,0.254474431,-0.839339375,-0.061682097599999999,0.51342385999999995,0.14840297399999999,-0.85749566600000005,-0.057123601400000001,0.58658802499999996,0.34287557000000002,-0.94233679800000003,0.058303050699999998,0.39650261399999998,0.35389798900000002,-1.00469232,-0.0016241427499999999,0.387027919,0.58787059799999997,-0.64849179999999995,-0.17296083300000001,0.84352916499999997
0.58685910699999999,-0.78278720400000001,0.0438716039,0.604605854,0.25722175800000002,-0.78166216600000005,-0.15637457399999999,0.59661811600000003,0.19889091,-0.78382128500000003,-0.14996527100000001,0.69108945099999997,0.406873912,-0.91051840799999995,-0.043108716599999999,0.45831650499999999,0.39524108200000002,-0.98951345700000004,-0.066479839400000004,0.43678331399999998,0.63294667000000004,-0.55541956400000003,-0.22873365900000001,0.93494069599999996
0.58621442300000004,-0.720642805,-0.087067276200000002,0.71845859300000003,0.26012533900000001,-0.73624241400000001,-0.259056658,0.69974929100000005,0.174883291,-0.73711341600000002,-0.25144386299999999,0.79222536099999996,0.423446298,-0.79546338299999997,-0.061665359900000001,0.55913871500000001,0.466973007,-0.88649833200000006,-0.135543883,0.56826531899999999,0.61314147699999999,-0.39719042199999999,-0.30262821899999998,0.97154724599999998
0.57759571099999996,-0.64133346099999999,-0.21846462799999999,0.761206567,0.266308606,-0.63985687499999999,-0.36086270199999998,0.78634494499999996,0.183854252,-0.63692033299999995,-0.35412186400000001,0.882567883,0.49828553199999998,-0.73371774000000001,-0.140746966,0.60998207299999996,0.47939848899999998,-0.75759542000000002,-0.17310135099999999,0.65768998899999997,0.59761232099999995,-0.24996233000000001,-0.39651277699999998,0.95183300999999998
0.56170707900000005,-0.50649160100000001,-0.28300017100000002,0.789279222,0.21307754500000001,-0.53420704600000002,-0.458897799,0.85329473,0.22849255800000001,-0.50849610599999995,-0.38960486700000002,0.91650873399999999,0.50235319099999998,-0.68484705700000004,-0.19093225899999999,0.69303440999999999,0.51701295400000002,-0.66575533200000003,-0.265138924,0.68338477600000003,0.60367345800000005,-0.089585825800000005,-0.53055864600000002,0.92355447999999996
0.57620137900000001,-0.40620815799999999,-0.346536756,0.86610794099999999,0.22656275300000001,-0.44545137899999998,-0.52204954599999998,0.86280190899999998,0.25013592800000001,-0.38591533900000002,-0.49138647299999999,0.990014434,0.54999351500000004,-0.55030000199999995,-0.28694504500000001,0.70427924399999997,0.48745110600000002,-0.55761933299999999,-0.38588467199999998,0.71940505499999996,0.56698751400000003,0.069349206999999996,-0.66045552500000004,0.94116038099999999
0.55009383000000001,-0.30542558400000003,-0.41037660799999998,0.89773952999999995,0.22613988800000001,-0.36057573599999998,-0.54502868699999996,0.87911558199999995,0.266350806,-0.31703716500000001,-0.53791129599999998,1.02692771,0.52019798799999994,-0.46774464799999999,-0.36806350900000001,0.77570086699999996,0.43225482100000001,-0.47059488300000002,-0.493288636,0.73312812999999999,0.46427488300000003,0.209285945,-0.79465234299999998,0.85346722600000002
0.51158893100000002,-0.229255393,-0.51029592800000001,0.88818216299999997,0.20416057100000001,-0.23051019,-0.62773233699999997,0.86181789600000003,0.24991507800000001,-0.24393606200000001,-0.599883795,1.0201859499999999,0.54647576799999997,-0.36493641100000002,-0.44127142400000002,0.80028069000000002,0.41500097499999999,-0.32545265600000001,-0.55187171700000004,0.78156817000000001,0.41563418499999999,0.29741153100000001,-0.92841863599999996,0.79922407900000003
0.42725527299999999,-0.13108947900000001,-0.59670412500000003,0.90125495200000005,0.10888500500000001,-0.11767523000000001,-0.70238989600000001,0.83103811699999997,0.15781067300000001,-0.119972512,-0.67728018800000001,1.05545545,0.48112270200000001,-0.28324887199999998,-0.51780462299999996,0.85626930000000001,0.39531174299999999,-0.188074678,-0.60969013000000005,0.78259515800000001,0.35185918199999999,0.38454073700000002,-1.01994944,0.68813574300000002
0.37676063199999998,0.0022461041799999998,-0.65549826600000005,0.83425140399999997,0.041605826499999998,-0.060126073699999998,-0.71635907899999995,0.83511310800000005,0.053514812100000003,-0.0277911983,-0.75371330999999997,0.97996860699999999,0.486954361,-0.21454983899999999,-0.61314463600000002,0.84435844400000004,0.33380523299999998,-0.138982892,-0.63494420100000004,0.78849756699999995,0.23709245000000001,0.50711560200000005,-1.0599043399999999,0.61758858000000005
0.27740678200000002,0.129613116,-0.75666672000000001,0.829701841,-0.069726958899999997,0.0028445348099999999,-0.74587023299999999,0.78586763100000001,-0.065442159799999997,0.096016153699999995,-0.78158914999999995,0.94458520400000001,0.40848100199999998,-0.062935784499999994,-0.74958652299999995,0.78390407600000001,0.29094162600000001,-0.063149660799999993,-0.74491047899999996,0.80111789700000002,0.098979823300000006,0.58202004399999996,-1.11115706,0.50548058699999998
0.150730222,0.23339036099999999,-0.81184661400000002,0.74386697999999996,-0.100418486,0.042353443800000001,-0.74344635000000003,0.72592258499999995,-0.19340497300000001,0.22645805799999999,-0.81585562199999995,0.88331508599999997,0.35844659800000001,0.0153829213,-0.79268884699999997,0.75857943299999997,0.194281489,0.073051601600000002,-0.81413739900000004,0.78762787599999995,-0.091151148099999996,0.65013921299999999,-1.1406897300000001,0.35649514199999999
0.021224822800000001,0.27812299099999999,-0.84867787400000005,0.64894521199999999,-0.20256882900000001,0.107459545,-0.75333058799999997,0.68789798000000002,-0.30218777099999999,0.26830515300000002,-0.82533568099999999,0.77513957,0.22775058400000001,0.114069909,-0.87703657199999996,0.75591134999999998,0.063010372199999998,0.12071290599999999,-0.86007213599999999,0.69802874299999995,-0.23791046399999999,0.66778743299999999,-1.12109685,0.20764923099999999
-0.119223334,0.38747128800000002,-0.89177048199999998,0.57933825299999997,-0.234119102,0.12932258799999999,-0.78295272599999999,0.59631991399999995,-0.423607856,0.305340379,-0.80438292,0.68272066099999995,0.087652176600000006,0.219974488,-0.95968598100000002,0.72312015299999999,0.0086941532800000002,0.20280224099999999,-0.94425427900000003,0.61494064299999995,-0.36899685900000001,0.70364987899999998,-1.12844634,0.050299279400000001
-0.243252411,0.44399496900000002,-0.85481894000000003,0.44404679499999999,-0.29226949800000002,0.13775072999999999,-0.76444363599999998,0.58659964799999997,-0.54439091699999997,0.33347326500000002,-0.75467997799999997,0.57909887999999998,-0.020568288899999999,0.33953082600000001,-1.0413809999999999,0.66648018399999998,-0.124410808,0.30723014500000001,-0.92815226299999998,0.57927072000000002,-0.49059259900000002,0.63863229799999999,-1.136639,-0.034177616199999997
-0.32167488300000002,0.46692240200000001,-0.82521492200000002,0.39501437499999997,-0.38591286499999999,0.16820168499999999,-0.74592137300000005,0.55302286099999998,-0.64266294199999996,0.35197421899999998,-0.71837603999999999,0.53358858799999997,-0.091861970700000004,0.37609785800000001,-1.0816445400000001,0.60079121599999996,-0.22095078200000001,0.30963754700000001,-0.91392892599999997,0.47708505400000001,-0.67913472699999999,0.61266261300000002,-1.10868919,-0.14505218
-0.38567823200000001,0.50993979,-0.81869334000000005,0.324015528,-0.46423083500000001,0.222294196,-0.76854151500000001,0.47439718199999997,-0.72197645899999996,0.34894827,-0.69280379999999997,0.41714590800000001,-0.25642588700000002,0.40348666900000002,-1.14165008,0.49246662899999999,-0.37169167400000003,0.38660723000000002,-0.94495117699999998,0.439272314,-0.84777623400000002,0.56306046200000004,-1.0676505599999999,-0.24562390100000001
-0.48223123000000001,0.50133597900000004,-0.80828952799999998,0.20468726800000001,-0.54185777899999998,0.263523012,-0.698682845,0.43616780599999999,-0.80185902099999995,0.39481297100000001,-0.66040587399999995,0.36161047200000002,-0.36914291999999999,0.45305389200000001,-1.1675915699999999,0.386834383,-0.51587104800000005,0.43179911399999998,-0.96051335299999996,0.34164205199999997,-0.98249030100000001,0.46326425700000001,-0.99215400200000003,-0.401489496
-0.55681282300000001,0.45116061000000002,-0.78046244399999998,0.092439986799999999,-0.63084924200000003,0.28633734599999999,-0.68483877199999998,0.377044618,-0.87530887099999999,0.35825398600000002,-0.63622206400000003,0.305597275,-0.48043158699999999,0.48781359200000002,-1.18032765,0.29059207399999998,-0.60736066099999997,0.47350591400000003,-0.96254724300000005,0.280256063,-1.1445043100000001,0.35849320899999998,-0.87588602299999996,-0.44786357900000001
-0.63595825399999995,0.47854477200000001,-0.74001157299999998,-0.0137314089,-0.67753922899999997,0.29028260700000003,-0.63967216000000005,0.28995791100000001,-0.90187483999999996,0.29648017900000001,-0.53162938400000004,0.18767556499999999,-0.64807796500000003,0.44730901699999998,-1.1265569900000001,0.16666388500000001,-0.69219917099999995,0.45114830099999997,-0.93940770600000001,0.20142453900000001,-1.2463274,0.22467169200000001,-0.71922665799999996,-0.55460172900000004
-0.76195305599999996,0.39418405299999998,-0.66348719599999995,-0.14714139700000001,-0.72500002399999997,0.25664642500000001,-0.553830445,0.26305082400000002,-1.00389302,0.24425788200000001,-0.45971742300000001,0.131637633,-0.82115215100000005,0.41160035099999998,-1.0529176,0.059206783800000003,-0.77888649700000001,0.44342628099999998,-0.87005263600000005,0.103073969,-1.27890897,0.13111726900000001,-0.52863579999999999,-0.57546788500000001
-0.81439459300000006,0.333469719,-0.55018997199999997,-0.197912633,-0.77313703300000003,0.27860069300000001,-0.53892934299999995,0.23972027000000001,-1.07370436,0.21186196800000001,-0.384130627,0.083258308500000003,-0.90828823999999997,0.37440529500000003,-0.99274456499999997,-0.032261345499999997,-0.86243099000000001,0.38316535899999998,-0.79192251000000002,0.054079946099999998,-1.3618835199999999,-0.0112877581,-0.39093998099999999,-0.64410543399999998
-0.90897208500000004,0.24521067699999999,-0.459598124,-0.26481190300000002,-0.85117560599999997,0.26060971599999999,-0.48044911000000001,0.23126705,-1.1522705600000001,0.15893083799999999,-0.27707332400000001,0.073974221899999998,-1.04770696,0.27648109199999998,-0.90852862599999995,-0.16285844099999999,-0.97842079400000004,0.33317932500000003,-0.69704979700000003,-0.030759442599999999,-1.4059555500000001,-0.093695126500000003,-0.25929096299999999,-0.68127375800000001
-0.98142248399999998,0.203922838,-0.35165491700000001,-0.26983010800000001,-0.89030051200000004,0.23083463300000001,-0.371724844,0.214561373,-1.2282989,0.064115434900000004,-0.14700975999999999,0.0089819282300000001,-1.1301228999999999,0.208653897,-0.80217576000000002,-0.265096575,-1.0362297300000001,0.242259696,-0.56135797499999995,-0.103705168,-1.4095174100000001,-0.207690492,-0.13175015200000001,-0.63761633600000001
-1.06999445,0.173648894,-0.254270196,-0.32739910500000002,-0.93798512199999995,0.249065012,-0.27627447199999999,0.15833254199999999,-1.22460759,-0.0068415310199999996,-0.035525560400000003,-0.0070022172299999998,-1.18048167,0.100351915,-0.63258504900000001,-0.295936912,-1.07596052,0.17181712399999999,-0.47760015700000003,-0.201336563,-1.3977231999999999,-0.38472458700000001,0.014030285199999999,-0.61835515500000005
-1.07671213,0.036935702000000001,-0.133286715,-0.37565255199999997,-0.96348798300000005,0.243040115,-0.19486387099999999,0.16208998899999999,-1.1809754400000001,-0.116596751,0.1144014,0.019461426899999999,-1.24158418,0.059306196899999997,-0.50096786000000004,-0.291084856,-1.1282037499999999,0.14540219300000001,-0.327258885,-0.20959897299999999,-1.3922638899999999,-0.51037091000000001,0.16627797499999999,-0.56228607900000005
-1.04050672,-0.065995492000000003,0.0050608702000000004,-0.34766903500000002,-0.99505060899999997,0.191236138,-0.115929775,0.158814117,-1.1360548699999999,-0.176829979,0.27049246399999999,0.028404992099999998,-1.30730736,-0.068431004899999995,-0.397580981,-0.28746876100000002,-1.1293669900000001,0.041650898800000002,-0.214591742,-0.22418913200000001,-1.3347666300000001,-0.67699259499999997,0.33608213100000001,-0.47013810299999997
-1.0462747800000001,-0.17073692400000001,0.089639998999999998,-0.369472831,-0.99055719399999997,0.15243941499999999,-0.029584605199999999,0.119373679,-1.08974397,-0.27359134000000002,0.37876880200000002,0.095874980100000007,-1.37511706,-0.13685423099999999,-0.209808037,-0.30781492599999999,-1.1279249200000001,-0.027127526700000001,-0.110704064,-0.23612119300000001,-1.2681676099999999,-0.75586873300000001,0.49289375499999999,-0.39423343500000002
-1.0316753400000001,-0.29949867699999999,0.22857451400000001,-0.31197905500000001,-0.99250465600000004,0.0706480518,0.0270471051,0.115742475,-1.08003008,-0.30622795200000003,0.45346710099999998,0.14689479799999999,-1.3878977299999999,-0.237857074,-0.10023647500000001,-0.29889970999999999,-1.09944391,-0.119384669,-0.0095176994800000008,-0.208203271,-1.1546118299999999,-0.812193096,0.65855950100000005,-0.27571442699999998
-0.99435031399999996,-0.40675839800000002,0.32461267700000002,-0.29425051800000002,-0.98510885199999998,0.0191659052,0.15820346800000001,0.096933215899999994,-1.03781974,-0.36771970999999998,0.56148016499999998,0.16109585800000001,-1.3601250600000001,-0.32773348699999999,0.0042229704600000003,-0.27196407299999997,-1.0517680599999999,-0.183634937,0.115702823,-0.175326705,-1.0707640599999999,-0.92740178100000004,0.82561856499999997,-0.14973726900000001
-0.91838508799999996,-0.47073736799999999,0.44487270699999998,-0.20529452000000001,-0.92369711399999999,0.0095217786699999998,0.21432214999999999,0.093333013399999998,-0.94432824900000001,-0.39514991599999999,0.68779694999999996,0.20959705100000001,-1.34785545,-0.38198056800000002,0.12545534999999999,-0.26664200399999999,-1.0665715899999999,-0.20423296099999999,0.25736904100000002,-0.12613564699999999,-0.96380066900000005,-1.03955245,0.93795496199999995,0.018095322
-0.84639090299999997,-0.56290143699999995,0.52558779700000002,-0.139725819,-0.85903733999999998,0.0210454762,0.307919204,0.14652335599999999,-0.87903708199999997,-0.41886943599999998,0.77416390199999996,0.28209584999999998,-1.2883963599999999,-0.427722245,0.26571911599999998,-0.21296653199999999,-1.04238689,-0.28490746,0.34696748900000002,-0.114746496,-0.81944626600000003,-1.11782205,1.04741514,0.20817454199999999
-0.78840774300000005,-0.66290396500000004,0.63352328499999999,-0.079115807999999996,-0.855081439,0.037963226400000001,0.37331044699999999,0.138851896,-0.82069492300000002,-0.38768827900000002,0.82752221800000003,0.39984107000000002,-1.19828629,-0.464308679,0.443554699,-0.16104713100000001,-1.03448629,-0.34100109299999998,0.47701942899999999,-0.051892735099999997,-0.65322762700000003,-1.0915843199999999,1.0973599000000001,0.38571736200000001
-0.642334878,-0.70410102600000002,0.70459884399999995,0.040316142100000001,-0.84378522600000005,0.041187006999999998,0.42110440100000002,0.11345785899999999,-0.66808009099999999,-0.34583166199999998,0.92733073200000005,0.513719916,-1.16323709,-0.57727587199999997,0.589381814,-0.120591611,-0.96795052299999995,-0.36131826,0.57287752599999997,0.0138051314,-0.49069175100000001,-1.05734372,1.1516168099999999,0.552512169
-0.55051755899999999,-0.72793638699999996,0.80648320900000003,0.124013901,-0.83424216500000004,0.0057896436199999998,0.48341247399999998,0.173218131,-0.54003584400000004,-0.32928878099999997,0.928835988,0.59795016099999998,-1.0487036700000001,-0.64344018700000005,0.683035791,-0.069778099699999999,-0.90715742099999996,-0.38815027499999999,0.68387508399999997,0.064228750799999998,-0.33562508200000002,-1.05516827,1.1765171299999999,0.67012459000000002
-0.45803502200000001,-0.77077293400000002,0.86573320600000003,0.28213128399999998,-0.810895264,0.019500110300000002,0.53434419600000005,0.23679244499999999,-0.45784717800000002,-0.31346970800000001,0.96646750000000003,0.63804399999999994,-0.91909456300000003,-0.65449315299999999,0.77911382900000004,0.058351743999999997,-0.82512581299999999,-0.38265329599999998,0.79795587099999998,0.15081784100000001,-0.16695953899999999,-1.0482140799999999,1.1915162800000001,0.83784276199999996
-0.28777652999999997,-0.80086731899999997,0.84356832500000001,0.40640333299999998,-0.72920447600000005,-0.00070293434000000005,0.60853827000000005,0.294893444,-0.35888060900000002,-0.30098536599999998,0.92525661000000003,0.69075185100000003,-0.77399426699999996,-0.65845173599999995,0.82778453799999996,0.20180054,-0.74119788399999997,-0.370507419,0.909190893,0.23019051600000001,0.016071669800000001,-0.99711734100000005,1.2041311299999999,0.97423088599999996
-0.116554081,-0.72530472300000004,0.86734342600000003,0.56113207300000001,-0.63350689400000004,-0.0429964215,0.69325894099999996,0.35833209799999999,-0.20547634400000001,-0.21566754599999999,0.91596561700000001,0.72442150100000002,-0.69462317200000001,-0.699801385,0.86588907199999998,0.33336150599999997,-0.58973604400000001,-0.40936073699999997,0.97388863599999997,0.26251640900000001,0.15009176699999999,-0.87123107899999996,1.1331954,1.10502279
0.044166266900000001,-0.66937637299999997,0.83200776600000004,0.64513593899999999,-0.55358022500000004,-0.071651704600000005,0.68522328099999996,0.392289579,-0.084775269,-0.111884356,0.86313557600000002,0.75693374899999999,-0.60271221399999997,-0.73704797,0.95308256099999999,0.41519823700000003,-0.51290011400000002,-0.41754475200000002,1.0516721,0.36102247199999998,0.28466075699999999,-0.77536296800000004,1.0336771,1.2616227900000001
0.176174313,-0.612657428,0.79627674800000003,0.70128357399999997,-0.48258981099999998,-0.091434702300000004,0.74783092699999998,0.471528053,0.048234343499999999,-0.046567596500000003,0.81120884400000004,0.82609009700000002,-0.46971464200000002,-0.70498835999999998,1.02439177,0.55650240200000001,-0.37684008499999999,-0.40736627600000003,1.07619357,0.41507962300000001,0.42153993200000001,-0.581651688,0.95722073299999999,1.37319112
0.27835047200000002,-0.49167752300000001,0.78551536799999999,0.75502163200000005,-0.41289696100000001,-0.054551132000000002,0.74128389400000005,0.53623783599999997,0.090875253099999997,0.0319066904,0.77754956500000005,0.83385849000000001,-0.32578447500000002,-0.63684970100000005,1.06310141,0.72322005,-0.263820469,-0.38437986400000002,1.1075825699999999,0.47869399200000001,0.57175928399999998,-0.44794482000000002,0.84386777899999998,1.50281811
0.39550322300000001,-0.36319643299999999,0.75919288399999996,0.87630319599999995,-0.31379509,0.0055407788599999997,0.78016495699999999,0.54003810900000004,0.14644306900000001,0.13731564600000001,0.74609589600000004,0.89685547399999999,-0.203020543,-0.61816334699999997,1.05799603,0.80355858800000002,-0.125582576,-0.33505448700000001,1.14473987,0.54075455699999997,0.72369742400000003,-0.30619269599999999,0.71026200100000003,1.6229738
0.45026233799999998,-0.23314553499999999,0.715918422,0.94114857900000004,-0.25358295400000003,0.068002253799999995,0.77959710400000004,0.53138405099999997,0.228532121,0.20049513899999999,0.63851046600000005,0.92416101699999997,-0.103767544,-0.57041382799999996,1.0061154400000001,0.942573726,-0.032927122000000003,-0.24417354199999999,1.1139804099999999,0.58746880300000004,0.80633223099999995,-0.060488190499999997,0.53901195499999999,1.66603911
0.512812614,-0.069614425300000005,0.62578761599999999,0.94555914399999996,-0.220800951,0.11851231800000001,0.802801192,0.59973251800000005,0.31483399899999998,0.29202398699999998,0.61291152199999999,0.97159659899999995,0.074631661200000005,-0.449139446,0.97925925300000005,1.0615288000000001,0.068987205600000004,-0.21242925500000001,1.11522806,0.70060056400000004,0.841085792,0.130784974,0.32789364500000001,1.66456318
0.61686193899999997,0.078371360900000006,0.57113492499999996,0.99466371499999995,-0.096843481100000003,0.134412006,0.79078197500000003,0.60522723199999995,0.40253591500000002,0.409266829,0.50647520999999995,1.0017704999999999,0.215522349,-0.29097336499999998,0.88973736800000003,1.1579136800000001,0.17777538300000001,-0.13907834899999999,1.1054650500000001,0.78686791700000003,0.89705741400000005,0.30298101900000002,0.164909318,1.62136364
0.67782294799999998,0.20355796800000001,0.42750105300000002,0.97063082499999997,-0.0429920144,0.14769573499999999,0.75829052900000005,0.62052905599999997,0.39403608400000001,0.52593118000000005,0.41884350799999998,1.0132726400000001,0.33695325300000001,-0.13352397099999999,0.85339367399999999,1.2364501999999999,0.30644893600000001,-0.022606127,1.03687716,0.80613732299999996,0.84575635199999999,0.54402762699999996,-0.0022193668400000001,1.5527995800000001
0.71444791600000002,0.30433410399999999,0.31032916900000002,1.0039628700000001,-0.00135511719,0.20325534000000001,0.68389224999999998,0.66694921299999999,0.39054784199999998,0.66232770699999999,0.28535845900000001,0.96495395900000003,0.39399856300000002,0.0083562638599999992,0.71203076799999998,1.23968601,0.37725439700000002,0.121509857,0.99464857600000001,0.80559688799999996,0.80175268700000002,0.74862122499999995,-0.18282364300000001,1.4753035299999999
0.77417272299999995,0.465968728,0.19952782999999999,0.98082220600000003,0.097371652700000005,0.23037269699999999,0.66254943600000005,0.65479832900000001,0.372304201,0.80890703200000003,0.193651408,0.90607726600000005,0.50518196800000004,0.129759818,0.63630914699999996,1.2803944300000001,0.46769067600000003,0.181292698,0.930395007,0.86275261599999997,0.76078939400000001,0.94696795899999997,-0.31340453000000001,1.3330684900000001
0.77645552200000001,0.60370075700000003,0.107110702,0.96252715600000005,0.200096309,0.25868302599999998,0.61994254599999998,0.62272632100000003,0.36693093199999999,0.95354330499999995,0.113200992,0.81357497000000001,0.52165019499999998,0.23640552200000001,0.47592478999999999,1.28372705,0.50585603700000004,0.27901717999999998,0.82683968500000005,0.91288393700000003,0.67349904800000004,1.1103559700000001,-0.475376189,1.2327442200000001
0.754044414,0.71483659700000002,-0.049801297500000001,0.85917335699999997,0.28866750000000002,0.28201210500000001,0.55464142599999999,0.58132636500000001,0.31300926200000001,1.01794052,0.00072443485299999999,0.76361250899999999,0.51148730499999995,0.34211596799999999,0.38622003799999999,1.2706540799999999,0.58082979899999998,0.43488421999999999,0.73593991999999997,0.88516604899999995,0.56312960400000001,1.26740527,-0.65082651400000002,1.0428590799999999
0.67603206599999999,0.86635816099999996,-0.123335004,0.77235341099999999,0.33326578099999998,0.37072134000000001,0.45135924199999999,0.60237324199999998,0.219568282,1.10959721,-0.118314803,0.66715574300000002,0.48332005700000003,0.44940966399999999,0.24645002199999999,1.19806027,0.65713697699999996,0.51994979399999997,0.64379394099999998,0.838078082,0.38542816000000002,1.3975052800000001,-0.75477540499999995,0.887524486
0.61264622199999996,1.0018369,-0.23239369700000001,0.64170604899999995,0.317108214,0.44553136799999998,0.42678770399999999,0.62746095700000004,0.16613344799999999,1.1476411799999999,-0.19076283299999999,0.50758290299999997,0.46882340300000003,0.63437163799999996,0.16724699700000001,1.14448488,0.69548016800000001,0.60908520200000005,0.52274179499999995,0.80275326999999996,0.26620954299999999,1.48578191,-0.828376114,0.71013593699999999
0.54805302600000005,1.1287543799999999,-0.36401379099999998,0.50576949100000002,0.29916554699999998,0.49207994300000002,0.38496893599999998,0.62377405200000002,0.060568593400000002,1.2244331799999999,-0.25325864599999998,0.39085859099999998,0.45829951800000002,0.74235004199999999,0.089624092000000002,1.0417827399999999,0.68901938200000001,0.74132114599999999,0.438410729,0.79065191700000004,0.148428857,1.5722795700000001,-0.93074494600000002,0.52552342399999996
0.403617114,1.24194574,-0.44540202600000001,0.37290373399999999,0.30355420700000002,0.57829433699999999,0.28109124299999999,0.58599293200000002,-0.032836236099999999,1.2348519600000001,-0.26741972600000002,0.30325174300000002,0.39424172000000002,0.87553703800000005,-0.024027550599999999,0.94702774300000003,0.67149400699999995,0.823911846,0.326967746,0.77584218999999999,-0.026023974599999999,1.6693474100000001,-1.0083398800000001,0.29770725999999997
0.258725345,1.2970058900000001,-0.50598037200000001,0.18982133300000001,0.32500755799999997,0.63158583599999996,0.202108026,0.51896011799999997,-0.095947697799999995,1.2207831099999999,-0.296950459,0.17594504399999999,0.325641334,0.95731759100000002,-0.065469548099999997,0.86336076299999998,0.61084711599999997,0.92225509900000002,0.209357813,0.65965467700000002,-0.24541449500000001,1.7232370400000001,-1.00842261,0.099828995800000001
0.13663251700000001,1.34521723,-0.50378131900000001,-0.0061631053699999997,0.34381753199999998,0.73755967600000005,0.137190074,0.43888828200000002,-0.210694984,1.1760649700000001,-0.246404707,0.040414832499999997,0.27740949399999998,1.1014998,-0.092759281400000004,0.75248694400000005,0.62500315900000003,1.0243445600000001,0.083088167000000004,0.55340629799999996,-0.46231651299999998,1.70493746,-0.97426056900000002,-0.083055779299999993
0.046561449800000002,1.2945818899999999,-0.53890377300000003,-0.116515324,0.30153685800000002,0.81722527700000003,0.040906760799999997,0.41223633300000001,-0.31594571500000002,1.20369792,-0.198072106,-0.086851499999999998,0.22692596900000001,1.1974437200000001,-0.163869813,0.60036826099999996,0.60591489099999996,1.1059519099999999,-0.028195841199999998,0.405228168,-0.59722334099999996,1.6526646599999999,-0.90983176200000004,-0.27504703400000002
-0.068851962700000005,1.2642772200000001,-0.50287842800000004,-0.27390661799999999,0.23897975699999999,0.87286889599999995,0.0375073738,0.28460380400000002,-0.41010704599999998,1.1343594800000001,-0.203546107,-0.17614376500000001,0.13063207299999999,1.21422064,-0.21935682000000001,0.44199037600000002,0.55844175799999995,1.1763102999999999,-0.12995330999999999,0.30842328099999999,-0.813989937,1.5861607799999999,-0.80286085600000001,-0.50762683200000003
-0.14966665200000001,1.1947987099999999,-0.43426680600000001,-0.438954175,0.18026624599999999,0.91215169399999996,-0.0169341844,0.24166776200000001,-0.49611577400000001,1.10186648,-0.14466618000000001,-0.31622517100000003,0.0242441371,1.3068766599999999,-0.207654268,0.33918389700000001,0.47495678099999999,1.2113442400000001,-0.229637012,0.228474542,-0.94469523399999999,1.5146538000000001,-0.67447423900000003,-0.74342489199999995
-0.27195388100000001,1.1482917100000001,-0.353377461,-0.56385958199999997,0.098018296099999999,0.93561220199999995,-0.012722250100000001,0.12622554599999999,-0.59789770799999997,1.0680989000000001,-0.109628558,-0.42351806199999997,-0.0209291279,1.3407247099999999,-0.20211973799999999,0.17664444400000001,0.35507765400000002,1.2487075299999999,-0.29019758099999998,0.126357526,-1.06355584,1.4064874599999999,-0.54904764900000003,-0.95142418100000004
-0.373596549,1.04143322,-0.33116209499999999,-0.72102469199999997,0.041565846699999999,0.98098397299999995,-0.0232439116,0.053543716700000001,-0.68726176000000005,0.97085338799999998,-0.078025460199999994,-0.58234888299999998,-0.099726788699999999,1.3792384900000001,-0.16174334300000001,0.0070838630200000001,0.238998666,1.2218183300000001,-0.34102460699999998,-0.041774727400000003,-1.1720424899999999,1.2687826200000001,-0.40697690800000003,-1.0755430500000001
-0.49900504899999998,0.97080022099999996,-0.248744309,-0.84619724799999996,-0.049165684699999997,1.0026340499999999,0.0043262001100000001,-0.054295811800000003,-0.76598173400000003,0.91187584399999999,-0.0094858557000000003,-0.65655428199999999,-0.206246227,1.3204473299999999,-0.129223481,-0.126295507,0.13487499999999999,1.25573957,-0.36272367799999999,-0.167676613,-1.2508910900000001,1.13828135,-0.25401481999999997,-1.1690353200000001
-0.57318091400000004,0.89299154300000005,-0.174892083,-0.94778358900000004,-0.079152815000000001,0.95570409300000003,0.034569528000000002,-0.158538505,-0.84396934499999998,0.80631864099999995,0.12840025099999999,-0.77832394800000004,-0.25683519199999999,1.3035823099999999,-0.14422248300000001,-0.249030009,0.056681729899999998,1.19195473,-0.32121849099999999,-0.26190316699999999,-1.3725331999999999,0.94763433900000005,-0.0305557698,-1.3381465699999999
-0.59509104499999999,0.745102704,-0.069258682399999993,-1.0369372400000001,-0.085530594000000001,0.95248538299999996,0.0702710748,-0.23448370399999999,-0.87302929200000001,0.672331452,0.22856166999999999,-0.86512112600000002,-0.33236813500000001,1.2505626700000001,-0.064827032399999998,-0.39654696,-0.0308004674,1.12059164,-0.34656283300000001,-0.41521972400000001,-1.4571325799999999,0.75907266100000004,0.160960674,-1.38429797
-0.676727474,0.59122401499999999,0.019971136,-1.1429157299999999,-0.171871528,0.88949155800000002,0.060064673399999997,-0.331003457,-0.83755475300000004,0.54067069300000004,0.40534478400000001,-0.96402186199999995,-0.34981119599999999,1.1721504899999999,-0.0257717259,-0.56945306100000004,-0.16712734100000001,1.0277440499999999,-0.27289482999999998,-0.55639392099999996,-1.4224813000000001,0.58771014200000005,0.40845975299999998,-1.4436676500000001
-0.74624758999999996,0.47685897399999999,0.18375140400000001,-1.2285465,-0.18363094299999999,0.87017375200000002,0.060445081400000003,-0.428869098,-0.83411937999999997,0.43218439800000003,0.520061255,-0.96589136099999995,-0.449096471,1.0610733000000001,0.065443024000000002,-0.69450032699999997,-0.279640377,0.97789526000000004,-0.25454506300000002,-0.61931151200000001,-1.4120475100000001,0.40092509999999998,0.59972333899999997,-1.50345445
-0.79411852400000005,0.32924938199999998,0.33709660200000002,-1.2551873899999999,-0.17907646299999999,0.799846053,0.095630235999999993,-0.46361258599999999,-0.84520912199999998,0.27891513699999998,0.65771138699999998,-1.01264858,-0.44704720399999998,0.94021123600000001,0.13193944099999999,-0.82147890300000004,-0.33253279299999999,0.90646147700000002,-0.18401203999999999,-0.76676446200000004,-1.39105868,0.15595783299999999,0.807752311,-1.49768591
-0.79151391999999998,0.12240335300000001,0.46982842699999999,-1.3128889800000001,-0.23555553000000001,0.72706514600000005,0.18115678399999999,-0.50264036700000003,-0.82152575299999997,0.14923435400000001,0.78691917700000003,-1.0472939000000001,-0.502064764,0.81590467700000002,0.171300232,-0.94522535799999996,-0.34549948600000002,0.77329647499999998,-0.065184108899999996,-0.90079474400000004,-1.26338756,-0.0196950324,0.97030848300000005,-1.4464421300000001
-0.73284757099999998,-0.047446794799999997,0.56885898099999999,-1.2596815800000001,-0.26393976800000002,0.671100378,0.24797522999999999,-0.53657507900000001,-0.74537604999999996,-0.013785140600000001,0.87578964199999998,-1.0009356700000001,-0.495593846,0.69403886800000003,0.225505501,-1.0300546900000001,-0.35827040700000001,0.69658494000000004,0.035643517999999999,-0.93738675100000002,-1.2003746,-0.20330937199999999,1.20010638,-1.4257897100000001
-0.71551299099999999,-0.19332444700000001,0.661141753,-1.26235604,-0.23072490100000001,0.63009083300000002,0.29119276999999999,-0.54615718099999999,-0.62528824800000005,-0.10819981200000001,1.0403426899999999,-0.94530403600000001,-0.46838530900000003,0.55843198299999997,0.34293931700000002,-1.0324981200000001,-0.352367967,0.53891253500000003,0.13125661,-1.0434715699999999,-1.07346809,-0.43806284699999998,1.3576442,-1.3316972300000001
-0.68190211099999998,-0.40029045899999999,0.82948541600000003,-1.1892979100000001,-0.22909170400000001,0.52571857,0.30873972199999999,-0.64119505899999996,-0.48318234100000002,-0.27091103799999999,1.16174328,-0.82867395899999996,-0.49560192199999997,0.41738751499999999,0.44074264200000002,-1.0321666,-0.31524843000000002,0.42679536299999998,0.22643123600000001,-1.11371636,-0.92660522499999998,-0.60788601600000003,1.4848606600000001,-1.17233133
-0.53670769900000004,-0.57232677899999995,0.98524552600000004,-1.06955552,-0.19223073099999999,0.46644902199999999,0.32726797499999999,-0.627459824,-0.38254869000000002,-0.34057712600000001,1.2195122199999999,-0.75670480699999998,-0.47650569700000001,0.319552481,0.56553995599999995,-1.0059587999999999,-0.278792292,0.29032909899999998,0.336078614,-1.1191080799999999,-0.73338061600000004,-0.74227261499999997,1.61327624,-1.02725971
-0.384231985,-0.69610571899999996,1.05998302,-0.98492473400000002,-0.22497876,0.38525858499999999,0.37834698,-0.62079060100000005,-0.26865693899999998,-0.45110541599999998,1.2780969099999999,-0.68429762100000002,-0.398968875,0.215220049,0.64223569599999997,-1.03501523,-0.25381305799999998,0.143255994,0.40002891400000001,-1.1021722599999999,-0.52007555999999999,-0.89033395100000001,1.77151108,-0.89567768599999997
-0.22155159699999999,-0.77228313699999995,1.18761301,-0.90174317400000004,-0.15766429900000001,0.329749972,0.41232127000000002,-0.64092785100000005,-0.138980299,-0.53189766400000005,1.36183393,-0.52387696500000003,-0.33761936399999998,0.10975149300000001,0.69684219400000003,-1.0227192599999999,-0.181338042,0.041004478900000002,0.43870848400000001,-1.1196470300000001,-0.25639033300000003,-0.95815444000000005,1.8763991600000001,-0.71038365400000003
-0.079800695199999994,-0.86132568099999995,1.2553374799999999,-0.76311105499999998,-0.14175990199999999,0.30233281899999997,0.46515750900000002,-0.64482861800000002,0.036932542899999997,-0.554628432,1.34899759,-0.44087630500000002,-0.26485294100000001,-0.016402194299999999,0.73351675299999997,-1.0393649300000001,-0.100589953,-0.048648767199999998,0.46416866800000001,-1.1191266799999999,0.0263836943,-1.0474156100000001,1.91814387,-0.55473691199999997
0.11821944299999999,-0.91795110700000004,1.29101288,-0.63241159899999999,-0.12643711299999999,0.195112646,0.54150986700000003,-0.68514716600000003,0.23766087,-0.60150402800000002,1.3656532800000001,-0.35408961799999999,-0.176487386,-0.132262141,0.75980615600000001,-1.0013129700000001,-0.034762486799999999,-0.18613866000000001,0.55358386000000004,-1.0698229100000001,0.28348994300000002,-1.0799249399999999,1.89054108,-0.30632996600000001
0.324706614,-0.956423044,1.25719476,-0.50085031999999996,-0.041534755399999998,0.10119509,0.56916975999999997,-0.69861769699999998,0.37715354600000001,-0.63133162300000001,1.3945449599999999,-0.24421210600000001,-0.042830124499999997,-0.28324616000000002,0.80725145300000001,-0.90076297500000002,0.010998558300000001,-0.26809948700000003,0.65114265699999996,-1.0339059799999999,0.55488997699999998,-1.10149181,1.8630507000000001,-0.120718427
0.49431255499999999,-0.97806608699999997,1.1980038900000001,-0.32696017599999999,0.053244136300000001,0.067662045399999995,0.58108520500000005,-0.65360832199999996,0.50774222599999996,-0.61798196999999999,1.3496031799999999,-0.12609833500000001,0.086340404999999995,-0.39672669799999999,0.802324712,-0.82745027500000001,0.114655353,-0.34533447,0.71112185699999997,-0.91874390800000005,0.83977425100000003,-1.0704605599999999,1.8162485399999999,0.088394083100000007
0.70345896500000005,-0.98951453,1.1789639000000001,-0.19323164200000001,0.10839425799999999,-0.0232537258,0.61272311199999996,-0.666266739,0.62815117799999998,-0.63321852700000003,1.28239119,0.021315541100000002,0.16369113299999999,-0.48466154900000002,0.85900616600000002,-0.72382765999999998,0.16557933399999999,-0.42807176699999999,0.70598989700000003,-0.86818247999999998,1.03593004,-1.02134466,1.67054868,0.280402243
0.91305065200000002,-0.993461013,1.0649486800000001,-0.04666733,0.165274113,-0.13422086799999999,0.65608107999999998,-0.65217512799999999,0.742693245,-0.60673928300000002,1.1848940800000001,0.17997634400000001,0.277507842,-0.50790387400000003,0.86907523900000005,-0.62633872000000002,0.2181236,-0.52631717899999997,0.68429136300000004,-0.75692749000000004,1.2007807500000001,-0.88676035399999997,1.4959669099999999,0.49963924300000001
1.1097395400000001,-0.92185556899999999,0.98473560800000004,0.13609837,0.25739169099999998,-0.177917361,0.64316695899999998,-0.63315254399999998,0.879781127,-0.55799067000000002,1.04640782,0.32199516900000003,0.41017857200000002,-0.60182535599999998,0.89449644100000003,-0.55606830100000004,0.26497802100000001,-0.59045678400000001,0.68464362599999995,-0.63862818499999996,1.36025584,-0.80407154599999997,1.3123377599999999,0.61959242800000003
1.24748003,-0.82763457299999998,0.81397628799999999,0.22696697699999999,0.286125511,-0.19700804399999999,0.644926369,-0.53777277499999998,1.0428060299999999,-0.52736890300000006,0.90528476199999997,0.41735088799999998,0.56673783099999997,-0.61947375500000001,0.85320389299999999,-0.44343248000000002,0.40412390199999998,-0.66279536500000003,0.64627319599999999,-0.56578355999999996,1.5113207099999999,-0.64475137000000005,1.1679033000000001,0.72014123200000002
1.3964318,-0.704498768,0.69866496300000003,0.37047880900000002,0.382734299,-0.195633054,0.66761136099999996,-0.453108966,1.18507826,-0.47660699499999998,0.74217045299999995,0.54383689199999996,0.71861702199999999,-0.65485858900000005,0.76395666600000001,-0.38451477899999997,0.52944266799999995,-0.71560180200000001,0.62490773200000005,-0.48233541800000002,1.62381935,-0.51858657600000002,0.93090099100000001,0.81368029100000006
1.53239667,-0.58611774400000005,0.53319340900000001,0.50493979499999997,0.46527722500000002,-0.19542047400000001,0.624178648,-0.413258821,1.3058481200000001,-0.40795713700000003,0.56731385000000001,0.60571646700000004,0.85326510700000002,-0.62938952400000003,0.723647296,-0.30653789599999998,0.64306813500000004,-0.71628707599999997,0.61307889199999999,-0.408467472,1.76190114,-0.35544815699999999,0.71090686300000006,0.93014955499999996
1.61012208,-0.46859645799999999,0.34412780399999998,0.54115635200000001,0.50118023199999995,-0.256679147,0.55868250100000005,-0.36581271900000001,1.34430289,-0.26819080099999998,0.41248452699999999,0.70218467699999998,0.998311222,-0.57816761699999997,0.69096749999999996,-0.244451106,0.72033298000000001,-0.74775379900000005,0.56467574799999998,-0.27749574199999999,1.8496894800000001,-0.170628265,0.47903347000000002,0.98462617399999997
1.64003634,-0.31326669499999998,0.197056025,0.56511575000000003,0.60448348500000004,-0.26946851599999999,0.52726393900000001,-0.28642785500000001,1.3577370600000001,-0.166538194,0.190687776,0.73651683300000004,1.0613554700000001,-0.51280003799999996,0.61809337099999995,-0.11671622800000001,0.82406652000000002,-0.70062118799999995,0.51524943099999998,-0.212026671,1.8784029499999999,0.035553503799999997,0.28651109299999999,1.03322804
1.6970590400000001,-0.13601577300000001,-0.042661733899999998,0.58090537799999997,0.69069045799999995,-0.30922621500000003,0.49898117800000003,-0.24698442200000001,1.3725005400000001,-0.072562523200000006,0.0038626398900000001,0.755708873,1.1335800899999999,-0.43955355899999998,0.54958635600000005,-0.016636859600000001,0.85858774199999999,-0.67454755300000002,0.40502393199999998,-0.0863178894,1.8927531200000001,0.23841431699999999,0.032922111499999997,0.998034596
1.6817787900000001,0.0103182252,-0.26496565300000002,0.54431653000000002,0.77252405899999999,-0.26444640800000002,0.45080795899999998,-0.20741593799999999,1.3245048500000001,0.054976843300000001,-0.217500418,0.71064495999999999,1.2248513700000001,-0.35089689499999999,0.44111412799999999,0.098764136399999994,0.93259930599999996,-0.68223464499999997,0.28795823500000001,-0.020722771099999999,1.9016481599999999,0.45923718800000002,-0.25085639999999998,0.98491495799999995
1.61163104,0.195419759,-0.48492813099999998,0.49390506699999998,0.83411222699999998,-0.273529947,0.43058985500000002,-0.15925845499999999,1.2719645500000001,0.179437071,-0.38315430299999997,0.66365861900000001,1.32843792,-0.29758748400000001,0.27008587099999998,0.116911553,0.97535318100000001,-0.59828954899999998,0.18618460000000001,0.088559761599999995,1.8492400600000001,0.614267707,-0.49604311600000001,0.89826571899999996
1.57104194,0.36846616900000001,-0.66478252400000004,0.47351428899999998,0.91437923899999995,-0.28742831899999999,0.345950961,-0.11352451099999999,1.23226547,0.26934278,-0.56812661900000005,0.598514616,1.3532268999999999,-0.24710801199999999,0.17217533300000001,0.15522175999999999,1.0395061999999999,-0.56542223700000005,0.115314364,0.11083570099999999,1.7416786,0.81717216999999998,-0.75500613500000002,0.84258532500000005
1.45107377,0.52426272600000001,-0.88644409199999996,0.35343012200000001,0.97638595100000003,-0.25152191499999998,0.220652878,-0.094979323399999996,1.1403758500000001,0.34375247399999997,-0.73127061100000001,0.55198556200000004,1.33078027,-0.129475072,0.042217068400000002,0.21779152800000001,1.1110811199999999,-0.46064925200000001,-0.0010345485100000001,0.14801457500000001,1.57965851,1.01084387,-0.93056428400000002,0.75356364300000001
1.3359122299999999,0.65392255799999999,-1.0152905000000001,0.24489539900000001,0.97323042199999998,-0.25156158200000001,0.100986674,-0.078605741300000004,1.0676149100000001,0.470039606,-0.83767950499999999,0.42951399099999998,1.29863405,-0.062747597700000005,-0.084030389799999994,0.22700263600000001,1.1144543899999999,-0.35451024799999997,-0.111338481,0.23087058999999999,1.4372859,1.1148775799999999,-1.0754558999999999,0.58717650200000004
1.1879921,0.74803578900000001,-1.12629461,0.142635435,1.01205134,-0.24418109700000001,-0.0240707714,-0.046549174899999997,0.97100114800000004,0.57396322499999997,-0.92587828599999999,0.31123158299999998,1.25406051,-0.018438829100000002,-0.18368178600000001,0.20570015899999999,1.1165659400000001,-0.24314937,-0.18644976599999999,0.211511001,1.27449262,1.2189855599999999,-1.23547411,0.38270527100000001
1.0593363,0.81658256100000004,-1.2326511099999999,0.0126102325,0.96860337299999999,-0.19101601800000001,-0.16344578600000001,0.0264785271,0.85863822700000003,0.61867463599999994,-1.0603742599999999,0.200488999,1.18442929,0.082087092099999995,-0.27726045300000002,0.186616957,1.0892297,-0.14535221500000001,-0.339600295,0.27152273100000002,1.1316198099999999,1.29318464,-1.3955506099999999,0.20694398899999999
0.92961245800000003,0.89939993600000001,-1.3041094499999999,-0.100138694,0.91999965900000003,-0.171797529,-0.27507820700000002,0.052367858599999997,0.71214950099999996,0.72164940799999999,-1.1516400600000001,0.059931449599999999,1.10325253,0.11486353000000001,-0.44050374599999997,0.124288552,1.01959014,-0.0132008269,-0.42959842100000001,0.28084141000000001,0.87895184800000004,1.37342393,-1.4794988600000001,0.025979295400000001
0.73740458499999995,0.90549343800000004,-1.3746722899999999,-0.29844379399999998,0.90141648100000005,-0.13056005500000001,-0.40754950000000001,0.056824974700000003,0.54232227799999999,0.73451417699999999,-1.1815283299999999,-0.117055386,1.0301399200000001,0.16769346600000001,-0.562602818,0.13938888899999999,0.932891786,0.105913199,-0.58464407900000004,0.23650753499999999,0.63920199899999997,1.4154121900000001,-1.5787053099999999,-0.20371375999999999
0.57856309400000006,0.88973396999999999,-1.38425672,-0.48225736600000002,0.87447279700000002,-0.0356535688,-0.465414196,0.055614314999999998,0.35440966499999998,0.73374962799999999,-1.2485274099999999,-0.240321964,0.99361759400000005,0.22147607799999999,-0.65742194700000001,0.066754348599999999,0.85528671700000003,0.19870942799999999,-0.64718979600000004,0.20793891,0.42441368099999999,1.4007717399999999,-1.58996344,-0.39886626600000002
0.35874202799999999,0.86320674399999997,-1.42357814,-0.59247982499999996,0.81778997200000003,-0.028579751,-0.54364854100000004,0.080489948399999997,0.14529856999999999,0.69759327199999999,-1.2562174800000001,-0.40450739899999999,0.90706670300000003,0.28465920700000003,-0.79064142699999995,0.0237435363,0.82500457800000004,0.29188689600000001,-0.75695115300000004,0.134373203,0.22357247799999999,1.4126324699999999,-1.64792955,-0.56920260199999995
0.202508822,0.81298774500000004,-1.37245321,-0.76820403299999995,0.792927206,0.057858169100000002,-0.61637496899999999,0.07690458,-0.059767592699999997,0.70363855399999997,-1.2692866300000001,-0.53787434099999998,0.81149280099999999,0.32537818000000002,-0.84168761999999997,-0.0030707903199999999,0.69127750399999999,0.388554662,-0.85806602200000004,0.0382859781,0.00285429321,1.37243581,-1.66240323,-0.81897044200000002
0.038481350999999997,0.78736120499999995,-1.32180476,-0.94375151400000001,0.713293493,0.069213099799999997,-0.64877784299999997,0.0348423608,-0.184256434,0.67328435200000003,-1.1842814699999999,-0.66456955699999998,0.71928852799999998,0.40083962699999998,-0.92245125800000005,-0.098684757900000003,0.61855661900000003,0.38398495300000002,-0.96186011999999999,-0.066170528500000006,-0.24909243,1.2388885000000001,-1.66060495,-1.00542307
-0.159260496,0.64871287300000002,-1.2311788800000001,-1.13050425,0.632927358,0.078990854299999996,-0.76488190899999997,-0.0029369168899999998,-0.32769387999999999,0.59455239800000004,-1.15808618,-0.764966547,0.55366325400000005,0.43991693900000001,-0.99509048499999997,-0.20956070700000001,0.50508093799999998,0.35924193300000001,-1.0458538500000001,-0.14306232299999999,-0.501292348,1.0856411500000001,-1.62316883,-1.23082292
-0.32005160999999999,0.54948622000000003,-1.1490297300000001,-1.2399492299999999,0.52250391200000001,0.12765064800000001,-0.82484209500000005,-0.030621213800000002,-0.51111799499999999,0.49032321600000001,-1.0846586199999999,-0.87592071299999996,0.430967987,0.40731138,-1.078462,-0.33631679399999997,0.33594837799999999,0.40391850499999998,-1.09843183,-0.27904152900000001,-0.76308613999999997,0.88330382100000004,-1.49986446,-1.4245888
-0.50949245700000001,0.37883517100000003,-1.0416536300000001,-1.39395738,0.42779982100000002,0.17554837500000001,-0.89706647399999995,-0.097310967700000001,-0.62281894699999996,0.35239720299999999,-0.96719485500000002,-0.97140073800000004,0.26424357300000001,0.43158477499999998,-1.1009377199999999,-0.457311839,0.20233067900000001,0.42191413,-1.1573945299999999,-0.34787622099999999,-0.947974443,0.73456281400000001,-1.2954704800000001,-1.5856854899999999
-0.59900647399999996,0.190826461,-0.95588153600000003,-1.4256781300000001,0.28359898900000002,0.2260326,-0.90389329200000001,-0.12181254499999999,-0.73016005799999995,0.17400628300000001,-0.85570192300000003,-1.0166603299999999,0.120491602,0.424916297,-1.04917109,-0.53772467400000001,0.076792962800000003,0.42527499800000002,-1.12695134,-0.46869003799999998,-1.14283812,0.54203212300000003,-1.0756371,-1.6759388399999999
-0.71981388300000004,0.060874123099999997,-0.79000592199999997,-1.4805905800000001,0.14266917100000001,0.25372570799999999,-0.94378519100000002,-0.21962617300000001,-0.86302185099999995,-0.0084235779900000002,-0.74680566800000003,-1.0447222,-0.028420610400000001,0.41271877299999998,-1.01363242,-0.64754486099999997,-0.086639076499999995,0.37165361600000002,-1.1094061099999999,-0.52425056699999995,-1.2292442299999999,0.26627993599999999,-0.91097897299999997,-1.7876761000000001
-0.78302300000000002,-0.12964571999999999,-0.60190230600000005,-1.55988193,0.075373098299999997,0.26809847399999998,-0.97871887700000004,-0.30221965899999997,-0.95741939499999995,-0.141737059,-0.56679874699999999,-1.1016421300000001,-0.15068247900000001,0.39024350000000002,-1.0017355699999999,-0.77464330199999998,-0.18141080400000001,0.31003636099999998,-1.1059620400000001,-0.59455442400000003,-1.3366862500000001,0.040865305800000001,-0.70653361100000001,-1.83280182
-0.84319233900000001,-0.35597020400000001,-0.41133728600000002,-1.5688967700000001,-0.027355330099999998,0.278922379,-1.0005190399999999,-0.37014141699999997,-0.96898817999999998,-0.27006167199999997,-0.40165004100000001,-1.0671823,-0.31149411199999999,0.32387208899999997,-0.99150067600000003,-0.83289861700000001,-0.34919014599999998,0.22304190700000001,-1.0852671899999999,-0.67982989500000002,-1.39882302,-0.230954677,-0.48320296400000001,-1.8150992399999999
-0.84059196700000005,-0.53207749100000001,-0.234195709,-1.5201942900000001,-0.133344561,0.27761912300000002,-0.94021588599999995,-0.40565106299999998,-0.97357088300000005,-0.45515036599999997,-0.215062693,-1.09963155,-0.39899310500000001,0.25189426500000001,-0.95395797500000001,-0.95846426500000004,-0.50288492399999996,0.14008835,-1.0583561699999999,-0.77163827399999996,-1.4497408899999999,-0.51448523999999995,-0.29903492300000001,-1.79251337
-0.80912566200000002,-0.69421905299999997,-0.050352178499999997,-1.4433269500000001,-0.24459619799999999,0.18936178100000001,-0.88463044199999996,-0.48810729400000002,-0.97855866000000002,-0.56281185199999995,-0.036127634300000003,-1.0501619600000001,-0.49348556999999998,0.119057149,-0.873553574,-1.05458534,-0.64101660299999996,0.034928273400000001,-0.99789190299999997,-0.82455611200000001,-1.46185422,-0.73197752199999999,-0.063674300899999994,-1.7656223799999999
-0.80828183899999995,-0.877393007,0.097962289999999994,-1.40915883,-0.29758709700000002,0.164885953,-0.78319281299999999,-0.58594936099999995,-0.90773230800000004,-0.74404722499999998,0.068390935700000002,-1.0311940900000001,-0.54954540699999999,0.0085463561100000002,-0.744589269,-1.0776697399999999,-0.76392543300000004,-0.112606205,-0.87565338599999998,-0.86293488699999998,-1.4666206799999999,-0.94618260899999995,0.13949072400000001,-1.72905588
-0.74928933399999997,-1.05617988,0.27310511500000001,-1.33557773,-0.40091833500000001,0.123202145,-0.76705664399999995,-0.66471588599999998,-0.82694989399999996,-0.89924615600000002,0.16805447600000001,-0.95364773300000005,-0.59183013399999995,-0.15062172700000001,-0.660363853,-1.1492304799999999,-0.82316547600000001,-0.250906199,-0.75248801700000001,-0.91831940400000001,-1.4159200199999999,-1.1953071399999999,0.36899062999999999,-1.57313108
-0.66873067600000002,-1.2426326299999999,0.43838164200000002,-1.17264116,-0.49419748800000002,0.045344103099999998,-0.70722454800000001,-0.75441891000000005,-0.76182198499999998,-1.0077337,0.33876144899999999,-0.87210464499999996,-0.65098214099999996,-0.25868937400000003,-0.49108263899999999,-1.2085564099999999,-0.86039990200000005,-0.385642231,-0.65704679499999996,-0.96164262300000003,-1.27002847,-1.4035697,0.542658627,-1.4732805499999999
-0.57558345799999999,-1.3440893899999999,0.53226292100000006,-1.0447621300000001,-0.54721009700000001,-0.0072698667600000003,-0.63599097699999996,-0.73946726299999999,-0.68117046400000003,-1.11830461,0.45318576700000002,-0.71055179800000001,-0.71939301499999997,-0.44918856000000001,-0.370970458,-1.19783306,-0.87207090899999995,-0.54866433100000001,-0.47215828300000001,-0.92124623100000003,-1.08979392,-1.57527423,0.72896415000000003,-1.2558555600000001
-0.45020046800000002,-1.4989866000000001,0.67676883899999996,-0.87357532999999998,-0.59003716699999997,-0.075297318399999993,-0.500448644,-0.72488558299999994,-0.59612655599999997,-1.23812604,0.57137024400000003,-0.54548346999999997,-0.77714204799999997,-0.59650677399999996,-0.23481173799999999,-1.1522393200000001,-0.87073004200000004,-0.63852900300000004,-0.367867112,-0.85952174699999995,-0.951629579,-1.7902592399999999,0.92512905599999995,-1.0701626500000001
-0.31598186499999997,-1.5588443299999999,0.75669318399999996,-0.65436929499999996,-0.66196554900000004,-0.209189981,-0.38450816300000001,-0.74449676300000001,-0.462449253,-1.29452765,0.655785799,-0.41920158299999999,-0.73514223099999998,-0.74990051999999996,-0.060967162300000002,-1.0824201099999999,-0.83049142399999998,-0.76837253599999999,-0.22078102799999999,-0.81507760299999998,-0.77995181099999999,-1.89398456,1.1096723100000001,-0.87028461700000004
-0.18973617300000001,-1.6546798899999999,0.83181947499999997,-0.40874126599999999,-0.72097361100000001,-0.33394217500000001,-0.28608834700000002,-0.74943745100000003,-0.28666713799999999,-1.3233017899999999,0.68110680599999995,-0.24448107199999999,-0.68572276799999998,-0.86008173200000004,0.056825749600000003,-1.0484881399999999,-0.76055389600000001,-0.83647364400000002,-0.054557166999999997,-0.76517927600000002,-0.534832537,-2.05468655,1.2327479100000001,-0.65824002000000004
0.0074791647500000004,-1.6900872,0.86247319,-0.236620367,-0.74464041000000003,-0.39554956600000002,-0.17066740999999999,-0.67686986900000001,-0.186675549,-1.3856512299999999,0.71556395299999997,-0.100622237,-0.58411556499999995,-0.98244124700000002,0.210276395,-0.92789870500000005,-0.73377662899999996,-0.92389863699999997,0.0186424777,-0.65097123400000001,-0.25745278599999999,-2.1680855800000001,1.2708783100000001,-0.36330598600000003
0.14629927300000001,-1.6614773300000001,0.88776171199999998,-0.015455603599999999,-0.77504998400000003,-0.476739317,-0.059448409799999997,-0.61433273600000005,-0.068232610799999996,-1.3850638900000001,0.71366703499999995,0.0241920464,-0.52793765100000001,-1.0636782600000001,0.33305382700000002,-0.81515568500000002,-0.65875160700000002,-0.997706592,0.16657677300000001,-0.50824886599999997,-0.034002058199999997,-2.23889995,1.3115133000000001,-0.045934993799999997
0.302992135,-1.64387751,0.85485011300000002,0.23859065800000001,-0.79535233999999999,-0.60915714499999996,0.034439429600000002,-0.58023917700000005,0.084400601699999994,-1.3664191999999999,0.67617124299999998,0.22667653900000001,-0.43279072600000001,-1.17444313,0.38605561900000002,-0.66129738100000002,-0.54690641200000001,-1.07486963,0.25354468800000002,-0.41877678000000002,0.221953496,-2.2754471299999999,1.34367156,0.214861631
0.51557159399999997,-1.58258152,0.81227666099999996,0.39696156999999999,-0.73844116900000001,-0.68079721900000001,0.16735298900000001,-0.52295595399999995,0.21400918099999999,-1.30584002,0.68986636400000001,0.360808462,-0.31657206999999998,-1.21968758,0.493088692,-0.53612327599999998,-0.43239486199999999,-1.1521743499999999,0.28266432899999999,-0.33209192799999998,0.44563508000000002,-2.1970901500000002,1.2863725399999999,0.464387834
0.67591917499999998,-1.5169745699999999,0.75657028000000004,0.56406557599999996,-0.71412646800000001,-0.80860030699999996,0.251089483,-0.44088015000000003,0.331587523,-1.23990059,0.61994749299999996,0.49725660700000002,-0.245709866,-1.3114883900000001,0.51256823500000004,-0.39903524499999998,-0.36177328199999997,-1.19824624,0.34252890899999999,-0.23949098599999999,0.72309005299999995,-2.11418653,1.1901006700000001,0.70138192200000005
0.81468987500000001,-1.42476296,0.67019659300000001,0.76498091199999996,-0.61674064399999995,-0.91181433199999995,0.34111052800000002,-0.31406235700000001,0.41083160000000002,-1.1230928899999999,0.56038695599999999,0.65907013400000003,-0.112145156,-1.3466657399999999,0.57927435599999999,-0.23935125800000001,-0.29744932099999999,-1.26933908,0.43240186600000002,-0.060875847900000002,0.92339670699999998,-1.9877502899999999,1.09263289,0.97331994799999999
0.98042434499999997,-1.33823454,0.55370974500000003,0.939538121,-0.50763106300000005,-1.0054055500000001,0.37103486099999999,-0.21355494899999999,0.51902204799999996,-0.99978601899999997,0.449512839,0.76516234900000002,-0.020103827099999999,-1.3335250599999999,0.62065190100000001,-0.047001607700000003,-0.20656855399999999,-1.31189263,0.43570083399999998,0.10471867,1.1299741299999999,-1.83709872,0.984838247,1.20321894
1.0897692400000001,-1.17185903,0.35844886300000001,1.07022667,-0.405538291,-1.05274427,0.43694633199999999,-0.113906205,0.64203631900000002,-0.85452407600000002,0.39360413,0.85079574599999996,0.153212562,-1.36069047,0.66098302600000003,0.16637991399999999,-0.14225605099999999,-1.34461713,0.43968308,0.30192369200000002,1.3172543000000001,-1.66032958,0.81422340900000001,1.3951339700000001
1.1689242099999999,-1.0259865500000001,0.19290006200000001,1.1507842500000001,-0.26593422900000002,-1.1070188299999999,0.48819959200000002,-0.0343137383,0.72006464000000003,-0.70195543800000004,0.32779845600000002,0.93601483100000005,0.33403387699999998,-1.30693591,0.65312623999999997,0.37086594099999998,0.011722017100000001,-1.3286758700000001,0.42741829199999998,0.46451231799999998,1.4877140499999999,-1.4486697900000001,0.59795474999999998,1.6384666000000001
1.18697119,-0.83349239799999997,0.066402986600000005,1.2632471300000001,-0.170771226,-1.1411206700000001,0.54305601100000001,0.0750974789,0.75604051400000005,-0.559841692,0.20208489900000001,1.01891935,0.44876813900000001,-1.2902430300000001,0.64585924100000003,0.50685304399999997,0.13579803700000001,-1.2359967199999999,0.41884481899999998,0.58656060700000001,1.63562596,-1.2443627100000001,0.36928632900000002,1.7655477500000001
1.1895517099999999,-0.609689653,-0.149604231,1.3687018200000001,-0.0101641975,-1.1606309400000001,0.58395302299999996,0.19142273100000001,0.84351491899999997,-0.43342718499999999,0.058149896600000001,1.0301748500000001,0.55334514400000001,-1.1766962999999999,0.56376588299999997,0.62390810299999999,0.28393396700000001,-1.14528155,0.32613596299999997,0.709665298,1.73554063,-0.98657512700000005,0.123961315,1.9131672399999999
1.2254500399999999,-0.410657406,-0.34774628299999999,1.3933570399999999,0.085858024699999994,-1.1295887200000001,0.54132586699999996,0.37077537199999999,0.91242814100000003,-0.26107013200000001,-0.089427746799999999,1.0315259699999999,0.688690782,-1.0714325899999999,0.48699736599999999,0.71900129300000004,0.34910306299999999,-1.0323963199999999,0.24631181399999999,0.88086849499999997,1.73903966,-0.67992556100000001,-0.154571086,2.05272079
1.2196213,-0.20122326900000001,-0.587307036,1.4472112699999999,0.24055190400000001,-1.0477347400000001,0.49116489299999999,0.47690364699999999,0.914157212,-0.12653321000000001,-0.20219378199999999,1.0190683599999999,0.79928898800000003,-1.0056704299999999,0.42608526299999999,0.87650525599999995,0.37482109699999999,-0.90936845499999996,0.15298353100000001,0.97665828499999996,1.7056849000000001,-0.40968874100000002,-0.394567907,2.0871496199999999
1.14416122,-0.039654314500000003,-0.74182891799999995,1.4386582400000001,0.37536522700000002,-0.977631688,0.404171795,0.60341852900000004,0.87226879599999996,-0.017915654900000001,-0.30392005999999999,1.0587916399999999,0.84320253099999998,-0.89141684799999998,0.32490682599999998,1.01907992,0.43050262299999997,-0.80192512299999996,0.0421110913,1.06692505,1.7021014699999999,-0.138056129,-0.71021568800000001,2.1441857799999999
1.04272437,0.186798662,-0.92302983999999999,1.3588901799999999,0.42655169999999998,-0.85123825099999995,0.29060122399999999,0.76044130300000001,0.845297992,0.10309463000000001,-0.392261684,1.0291750399999999,0.95553839200000001,-0.76991438899999998,0.16216804100000001,1.09054863,0.48809444899999999,-0.71854949000000001,-0.099894516200000005,1.1790708299999999,1.61494732,0.18006777800000001,-0.97269755599999996,2.0828380599999998
0.93326199099999996,0.393432587,-1.0513968499999999,1.2633464299999999,0.50214803200000002,-0.77236545099999998,0.184001729,0.86938029500000003,0.82452809800000004,0.29407289599999997,-0.51463580099999995,1.0060575,1.04934561,-0.577917397,0.040857568400000002,1.17197573,0.53696751600000003,-0.60374516199999995,-0.25020775200000001,1.22751784,1.5400011499999999,0.512113869,-1.27722907,1.98269439
0.81338405599999997,0.60189342499999998,-1.21277046,1.21182692,0.54028558699999996,-0.65742003900000001,0.052082199599999997,0.91106051200000004,0.77003091599999995,0.388144135,-0.65334463099999995,0.95353078800000002,1.0499472599999999,-0.38967400800000002,-0.087467804600000004,1.26623726,0.58057111500000003,-0.40337020200000001,-0.33828061799999998,1.2201305600000001,1.3359463199999999,0.75339132499999995,-1.5291363,1.8240947700000001
0.67022472600000005,0.75218933799999999,-1.3451466599999999,1.07927883,0.61661303000000001,-0.57479703400000004,-0.080707371200000003,0.95108395800000001,0.69511914299999999,0.54494142499999998,-0.75073927600000001,0.85451602900000001,1.04638684,-0.17695179599999999,-0.225628942,1.30531693,0.56349515900000002,-0.27412140400000001,-0.43058943700000002,1.2236294700000001,1.1477668299999999,0.95958185200000001,-1.7075502899999999,1.6498546599999999
0.53358256800000003,0.87899309400000003,-1.4494943600000001,0.92768114800000001,0.59537625299999997,-0.45378088999999999,-0.14679852099999999,1.0322703099999999,0.60837662199999998,0.70650821900000005,-0.85523796100000005,0.72710460399999999,0.99211579599999999,-0.014049369799999999,-0.36390265799999999,1.3410687400000001,0.49555006600000001,-0.091859281099999995,-0.50562560599999995,1.2575381999999999,0.88859015699999999,1.21217942,-1.92995012,1.4140861
0.30672362399999997,1.02551174,-1.5788472899999999,0.79423111700000004,0.60875880699999996,-0.331467181,-0.30471792800000003,1.1129380499999999,0.52732562999999999,0.816871762,-0.902191937,0.630188525,0.99796044800000006,0.15538173899999999,-0.55770182599999996,1.32723725,0.41416963899999998,0.063043341000000003,-0.58187437099999995,1.2448149900000001,0.58137422800000005,1.4236736299999999,-2.1103072200000002,1.17067981
0.099442884300000006,1.1209788300000001,-1.6857707500000001,0.59699523399999999,0.59381967800000002,-0.205669507,-0.41957303899999998,1.1036477099999999,0.36543524300000002,0.8999933,-1.02785909,0.48861670499999998,0.88635134699999996,0.31158983699999998,-0.77002400199999999,1.2391880799999999,0.31867116699999998,0.247142941,-0.63196366999999998,1.21546555,0.26326808299999999,1.54873919,-2.2071604699999998,0.89363563099999999
-0.12797050200000001,1.1541309399999999,-1.6948227899999999,0.39228916200000002,0.51829159300000005,-0.023813068900000001,-0.49723613300000002,1.10249519,0.208419144,0.92116606199999995,-1.1105667400000001,0.32909497599999998,0.73855805399999996,0.52442246699999995,-0.90928453200000003,1.1139355900000001,0.28386557099999998,0.34256404600000001,-0.722499907,1.1700841200000001,-0.026448985599999999,1.6560602200000001,-2.2415049100000002,0.61872333300000004
-0.31417802,1.1636993899999999,-1.7115415300000001,0.15418633800000001,0.42626687899999999,0.108179294,-0.60158657999999998,1.1088300900000001,0.0096849724700000007,0.91874265700000002,-1.12696481,0.225860745,0.58023166699999995,0.644724309,-1.0225726399999999,1.0570731200000001,0.22165842399999999,0.50003725300000001,-0.76231324700000003,1.12912524,-0.29024609899999998,1.6652321800000001,-2.2855668100000002,0.30104965
-0.56155228599999996,1.20297301,-1.6980499,-0.081916004400000006,0.37426549199999998,0.27486279600000002,-0.67531514199999998,1.02035999,-0.13434717099999999,0.97325879299999996,-1.1491898300000001,0.0959402174,0.44103273700000001,0.81894922299999995,-1.17615128,0.938639581,0.112154111,0.61248904500000001,-0.848380625,0.99447619899999995,-0.59028333399999999,1.6646853699999999,-2.2853109800000002,0.035493541500000003
-0.78917670200000001,1.1394686700000001,-1.58390152,-0.31832057200000002,0.25482010799999999,0.41667941200000003,-0.80893814600000002,0.978950977,-0.30381158000000003,0.98198461500000001,-1.09379041,-0.0263282806,0.25652656000000001,0.90163987899999998,-1.2973823499999999,0.80928492500000004,-0.0097315041300000005,0.68614941799999996,-0.860799015,0.91447442800000001,-0.90704637799999999,1.5899950300000001,-2.1980252299999998,-0.23776745799999999
-1.03616905,1.0485620499999999,-1.4369862099999999,-0.50972056399999999,0.144815847,0.51105749600000006,-0.85692840800000003,0.91614770899999998,-0.48896685200000001,0.96324402099999995,-1.07609808,-0.19799709300000001,0.034983597700000001,1.0056749599999999,-1.3533461099999999,0.67963153099999996,-0.171864241,0.799681902,-0.90924322599999996,0.78364336499999998,-1.1607524199999999,1.4949690099999999,-2.0477001700000002,-0.52776026700000001
-1.2369577899999999,0.96169221400000005,-1.2713631400000001,-0.63745951700000003,0.020132942099999999,0.62934184100000001,-0.94300067399999998,0.80548983799999996,-0.60282164800000004,0.94936764200000001,-0.99332183600000001,-0.39175924699999998,-0.132015988,1.10309887,-1.39354515,0.53559571500000003,-0.30958861100000001,0.84666442900000005,-0.92400717700000001,0.65726959699999998,-1.47934604,1.3772559200000001,-1.8513437500000001,-0.76811230200000002
-1.43572056,0.81325060100000002,-1.1019432499999999,-0.82607644800000002,-0.15421047800000001,0.70334207999999998,-0.95077049700000005,0.64567387099999995,-0.74019211500000004,0.87832057500000005,-0.90455174400000005,-0.546832502,-0.34978035099999999,1.0952498900000001,-1.4430122400000001,0.37827792799999999,-0.44398796600000001,0.90386211900000002,-0.95128589900000005,0.52926844399999995,-1.7572492399999999,1.2309950599999999,-1.63211119,-1.0047433400000001
-1.62132597,0.66519540499999996,-0.86594587599999995,-0.961263537,-0.24905192900000001,0.79047661999999996,-0.93994301599999996,0.48004955100000002,-0.89516687399999995,0.758567989,-0.79364979300000005,-0.68368399099999999,-0.53664791599999995,1.0857939700000001,-1.43793595,0.15122062,-0.61143541300000004,0.95373070199999999,-0.96952152300000005,0.408707023,-2.0022075199999998,1.0407959200000001,-1.4074949000000001,-1.24098492
-1.7273314,0.484302014,-0.62187194800000001,-1.09667325,-0.40047735000000001,0.86423194400000003,-0.95691216000000001,0.36971724,-0.96830552800000003,0.68705970000000005,-0.626398444,-0.76389104100000005,-0.75031429500000002,1.10225689,-1.3880777399999999,-0.025166530199999999,-0.776427329,0.92156875100000002,-0.93543767899999997,0.27458480000000002,-2.20004511,0.84069925499999998,-1.1740613,-1.3655261999999999
-1.8103992900000001,0.322217107,-0.37038454399999998,-1.18784606,-0.56925702099999997,0.871733129,-0.97483986600000005,0.225541145,-1.0771485599999999,0.56992483100000002,-0.44500699599999999,-0.842668474,-0.96312248700000003,1.0915517800000001,-1.3122381000000001,-0.16448891199999999,-0.94405603400000004,0.85473752000000003,-0.87455469399999997,0.14887276299999999,-2.38554478,0.63319283699999995,-0.84563911000000003,-1.4853051900000001
-1.8393163699999999,0.14025628600000001,-0.14661663799999999,-1.23898697,-0.69273775800000004,0.83601409199999999,-0.941118181,0.13331109299999999,-1.1425484400000001,0.44253909600000002,-0.29577365500000002,-0.96629923600000001,-1.09581554,1.0138874099999999,-1.2342803499999999,-0.28864380699999997,-1.1022150500000001,0.83724707399999998,-0.75211834899999996,0.066845685200000005,-2.50606632,0.37475574,-0.52197980899999996,-1.6217575099999999
-1.8747794600000001,-0.078163392799999995,0.063146583699999995,-1.2589870700000001,-0.86141103500000005,0.77422082400000003,-0.87524265099999998,-0.0102634253,-1.2210958000000001,0.312475324,-0.17165356900000001,-1.0605715499999999,-1.2764151100000001,0.97003996400000003,-1.12299192,-0.47237032699999998,-1.1964912400000001,0.808400691,-0.59270954099999995,-0.0820143074,-2.6072456800000001,0.059398315799999997,-0.23538425599999999,-1.71066344
-1.8947048200000001,-0.26544532199999998,0.29298856899999998,-1.2048428099999999,-1.0060263899999999,0.74097299599999999,-0.81314730599999996,-0.110904224,-1.2515759500000001,0.109391555,-0.020770052399999999,-1.1421144000000001,-1.3933773,0.81490188799999996,-0.93763363399999999,-0.60980093499999999,-1.28683579,0.74193835299999999,-0.47194945799999999,-0.14519309999999999,-2.6503305400000001,-0.26231682299999998,0.11690097300000001,-1.7116581200000001
-1.8035805199999999,-0.44816526800000001,0.55110239999999999,-1.1809459899999999,-1.1214953700000001,0.62529575800000003,-0.74802714599999998,-0.21532668199999999,-1.24303484,-0.068111404799999997,0.20702218999999999,-1.1043409099999999,-1.4991434800000001,0.70631688800000003,-0.73508357999999996,-0.74681395299999997,-1.3864059399999999,0.62815690000000002,-0.38051539699999998,-0.27524781199999998,-2.5798852399999999,-0.58498334900000004,0.44274991800000002,-1.6395684500000001
-1.6843620500000001,-0.65680915100000004,0.78669822199999995,-1.1232997199999999,-1.2611469,0.50978922800000004,-0.64540672300000002,-0.27292287300000001,-1.22447252,-0.19452577800000001,0.38909703499999998,-1.0879209000000001,-1.6453453300000001,0.59397417299999999,-0.55187141900000003,-0.87137436899999998,-1.40056384,0.52688354299999995,-0.26350852800000002,-0.34025701899999999,-2.4923195800000002,-0.86207294499999998,0.76508241899999996,-1.59675634
-1.5904523100000001,-0.81027716400000005,0.96365487599999999,-1.0128234599999999,-1.3798472900000001,0.46555036300000002,-0.530812383,-0.34725982,-1.21717286,-0.36994490000000002,0.57619148499999995,-1.0760637500000001,-1.75405777,0.39846742200000002,-0.302835733,-0.93310999900000002,-1.4422302199999999,0.42674240499999999,-0.105363809,-0.35813286900000002,-2.3604233300000002,-1.1237959900000001,1.1118748199999999,-1.5003731300000001
-1.4504117999999999,-0.98493892000000005,1.13590181,-0.86234784099999995,-1.4150162900000001,0.38337066800000003,-0.34419721399999997,-0.39589700100000003,-1.1008092199999999,-0.53429663199999999,0.72216332000000005,-0.98523437999999997,-1.7541223800000001,0.18909916299999999,-0.042528264199999999,-1.0065341000000001,-1.4641177700000001,0.31747975899999997,0.025114502800000001,-0.425743282,-2.2261509899999998,-1.40451777,1.4086973700000001,-1.32476807
-1.31178594,-1.1018455,1.28518486,-0.70179080999999999,-1.4336077,0.25835585599999999,-0.191790611,-0.47329956299999998,-0.98321080199999999,-0.63957321600000006,0.916496694,-0.84618955900000004,-1.8025485299999999,-0.0279477406,0.205628693,-0.99686616699999997,-1.4338447999999999,0.211733013,0.21780355300000001,-0.47068575000000001,-1.9877799700000001,-1.6634335499999999,1.69591045,-1.07856441
-1.16320884,-1.25387168,1.48747289,-0.47908404500000001,-1.4751979099999999,0.14215034200000001,-0.0014914143799999999,-0.54031318399999995,-0.82054972599999998,-0.75962203699999997,1.0928635600000001,-0.77340591000000003,-1.7805005300000001,-0.201412231,0.43989390099999998,-1.0237145400000001,-1.3745497499999999,0.112081319,0.40827882300000001,-0.49874457700000002,-1.6888523099999999,-1.88299072,1.9597621000000001,-0.86733555799999995
-0.97848248500000001,-1.3643042999999999,1.5858672899999999,-0.305536211,-1.4773496399999999,-0.0165458154,0.14860679199999999,-0.57668453500000005,-0.63825416599999996,-0.90122663999999997,1.1984183799999999,-0.63688790799999995,-1.69715679,-0.42315074800000002,0.62746673799999997,-0.99817246199999998,-1.29923546,-0.037813305899999997,0.53098189799999995,-0.50836873100000002,-1.3647409699999999,-2.007056,2.1995565899999998,-0.54345488500000005
-0.761797905,-1.4498676100000001,1.6589961099999999,-0.0793162808,-1.47213233,-0.186145425,0.28544488499999998,-0.58491426700000004,-0.45001182000000001,-0.98866647500000004,1.30343437,-0.51147764900000003,-1.5973870800000001,-0.58152192800000002,0.82941997099999998,-0.91061443099999995,-1.2588020600000001,-0.19638246300000001,0.63628095399999995,-0.43765580700000001,-1.03034794,-2.1595699800000001,2.3753025499999998,-0.26159891499999999
-0.54961788700000003,-1.51906407,1.7410187699999999,0.153699696,-1.38072956,-0.283511817,0.497763187,-0.54542911100000002,-0.22359469500000001,-1.0770628499999999,1.3926477399999999,-0.31168729099999998,-1.4893665300000001,-0.73427748699999995,1.0782552999999999,-0.84509289300000001,-1.1507826999999999,-0.26235848699999997,0.75777763099999995,-0.36512479199999998,-0.64463239900000002,-2.1909887800000001,2.4766924399999999,0.090285614099999995
-0.26979109600000001,-1.52489758,1.79244852,0.39131846999999997,-1.3147001300000001,-0.37740993499999997,0.64866930199999995,-0.53124892700000004,-0.055364310700000002,-1.1060550200000001,1.45730162,-0.173262209,-1.3523455900000001,-0.84815466399999995,1.23366547,-0.74901139699999997,-1.08162677,-0.35924088999999998,0.86356675599999999,-0.34067192699999999,-0.32916936299999999,-2.2180027999999998,2.5306878099999999,0.45785996299999998
-0.055513259000000002,-1.4779715499999999,1.8360071200000001,0.63088059399999996,-1.1757904299999999,-0.48373371399999998,0.81945955800000003,-0.42677071700000002,0.146166876,-1.1472514899999999,1.4421640600000001,0.018042992800000001,-1.1713249699999999,-1.01509535,1.4184407000000001,-0.59657144500000003,-0.95169901800000001,-0.41743549699999999,0.96665686399999995,-0.26620915499999998,0.056149087799999997,-2.1365261100000001,2.5199139100000001,0.79320281699999995
0.19647871,-1.4322242700000001,1.7915160699999999,0.87710118299999995,-1.0522355999999999,-0.53360903299999995,0.950949669,-0.31921434399999998,0.32363700899999998,-1.14664733,1.4253791600000001,0.22726944099999999,-0.94751125599999997,-1.1327391899999999,1.5544478900000001,-0.400522292,-0.87229937300000004,-0.48559722300000002,1.0773853099999999,-0.16992692600000001,0.401150495,-2.06857085,2.4598949000000001,1.1172951499999999
0.39845359299999999,-1.3418397900000001,1.75668037,1.12475181,-0.96680939200000005,-0.621636152,1.03137302,-0.22871792299999999,0.51497584600000001,-1.1220828300000001,1.40206718,0.44614237499999998,-0.72428899999999996,-1.1844956900000001,1.6159045700000001,-0.24091813000000001,-0.74169206600000004,-0.58164805200000003,1.2059845899999999,-0.099536888300000001,0.70799201700000003,-1.8899974799999999,2.3454623200000002,1.48284829
0.59249859999999999,-1.2248455300000001,1.61262131,1.2905740699999999,-0.81783866900000002,-0.65905475599999996,1.1559953700000001,-0.13450488399999999,0.69732016299999999,-1.0623517,1.2715430299999999,0.60932457399999995,-0.51720106600000004,-1.23970687,1.6647729899999999,0.0044806078100000004,-0.598086059,-0.58912962700000004,1.28664589,0.040784131699999997,0.98959195600000005,-1.7299908399999999,2.1921680000000001,1.78742969
