3.104737289499537867e-01,-5.989674956472841420e-03,3.196909293004963071e-01,-6.033248912174276821e-03,2.914489621187698609e-01,-5.973763194882330749e-03,2.917487980969739048e-01,-5.996492602351378813e-03,2.968991055858839490e-01,-6.022901096785291362e-03,2.786746022060720418e-01,-5.985467584139738707e-03
3.194579282557922784e-01,-1.180288788834980840e-02,3.312145728265403766e-01,-1.197237993841869172e-02,2.911131269592875936e-01,-1.181249567600176076e-02,2.980466487224708860e-01,-1.158290443746559303e-02,2.929280432892591435e-01,-1.220052006035388971e-02,2.748479285023870955e-01,-1.175940119272175267e-02
3.166725458459630493e-01,-1.837478630934085908e-02,3.019524173856873439e-01,-1.965756274828161718e-02,2.854326894760342848e-01,-1.788039102503827943e-02,2.897540692478702273e-01,-1.788667802229790618e-02,3.068732460744809654e-01,-1.770698747390614738e-02,2.895055103616925862e-01,-1.682821558573621701e-02
3.133658168231996943e-01,-2.496786400116253121e-02,2.967324967503416899e-01,-2.602872405393132776e-02,2.726650976131053117e-01,-2.413557496649257686e-02,3.044516850832708066e-01,-2.328517182839637614e-02,2.911579923306983897e-01,-2.454688529372181169e-02,2.867889952053315761e-01,-2.282597587219996338e-02
2.939577607532961046e-01,-3.255078386576728405e-02,2.788905629655138441e-01,-3.318812099417351585e-02,2.934321352510039782e-01,-2.845100368288969173e-02,3.123020855128095241e-01,-2.909501098358470081e-02,2.840958367740016310e-01,-3.093075372432125755e-02,2.937893380884972760e-01,-2.828362803428497926e-02
2.932112253272119995e-01,-3.868933870973614852e-02,3.091328129451568207e-01,-3.690853177714066569e-02,2.987829640083731197e-01,-3.412628811575790094e-02,3.227581113250634348e-01,-3.485778198379058113e-02,2.882715710719551128e-01,-3.648064688388247961e-02,2.915366216044709691e-01,-3.448869852019977728e-02
3.001254270153480008e-01,-4.428826422297117010e-02,3.039080077694245596e-01,-4.369606144924402524e-02,2.686031429506767210e-01,-4.236602146198711200e-02,3.082598951722649860e-01,-4.258003001492569745e-02,2.757523340606846673e-01,-4.329499812776726325e-02,2.986887592197217667e-01,-4.003182817711778418e-02
3.077041297927280428e-01,-5.002026729822248163e-02,2.723390350669313009e-01,-5.227386895191010741e-02,2.712905420604710960e-01,-4.773062229657776961e-02,3.074154422477753390e-01,-4.912513047430300955e-02,3.102039971104817440e-01,-4.660753820618521864e-02,3.100370446456616746e-01,-4.547389243909778084e-02
2.878779621893168827e-01,-5.784961151415451280e-02,2.838345230710257461e-01,-5.721776133644716072e-02,2.811402540414874585e-01,-5.273548396758051537e-02,3.226495835525437506e-01,-5.455593944524873146e-02,2.800124844743262509e-01,-5.514813825990932256e-02,3.218857552349205786e-01,-5.113677720501028784e-02
2.724329163277124377e-01,-6.513269600059515274e-02,2.611997466114740485e-01,-6.498052406641505185e-02,2.759481511242722895e-01,-5.902360120492249757e-02,3.332581189090088047e-01,-6.057672953460042919e-02,3.004287431577343792e-01,-5.940055989874912235e-02,3.142649345009285167e-01,-5.848980944249069364e-02
2.705901012673164185e-01,-7.112414290619943624e-02,2.870309868503461703e-01,-6.817987477956094500e-02,2.658918429999965194e-01,-6.574919275352836268e-02,2.994741175648648057e-01,-7.074356011946955625e-02,2.967610719479070180e-01,-6.602181487742952992e-02,3.229022149012792386e-01,-6.431701483400825703e-02
2.890706868549581254e-01,-7.523508797083575117e-02,2.868260845148922211e-01,-7.435198174455130704e-02,2.644313718322969242e-01,-7.151451000069317110e-02,3.081993245126858350e-01,-7.635143807663145876e-02,2.943967589898522919e-01,-7.250593400027385838e-02,3.135360525133519816e-01,-7.199793716239548391e-02
2.854229509528914965e-01,-8.179848055349636660e-02,2.714729105679598575e-01,-8.214022174533222587e-02,2.579651713369190968e-01,-7.780902759725322193e-02,2.954774604912487890e-01,-8.432418607533288812e-02,3.003449051687493432e-01,-7.809775762702535207e-02,2.970923506988826235e-01,-8.040579367934008737e-02
2.878829577723067690e-01,-8.762267104397863937e-02,2.784754325845859024e-01,-8.711223332763617933e-02,2.584602793029792123e-01,-8.324538695157024382e-02,2.957031489667184543e-01,-9.064660059420283356e-02,2.837974107719664629e-01,-8.652829834911543450e-02,3.045332342899226274e-01,-8.582794474924558548e-02
3.001981081432416598e-01,-9.203669994915285313e-02,2.648680828019948086e-01,-9.503065732890403350e-02,2.583486514172567139e-01,-8.875664037394989658e-02,2.767613413522251320e-01,-9.971644689428209307e-02,2.499003525780331691e-01,-9.740614019493662457e-02,2.667334484785220394e-01,-9.768074952692887281e-02
2.663640576905302315e-01,-1.039499265386439747e-01,2.569152469735153099e-01,-1.020021545524673473e-01,2.720946792629456157e-01,-9.200511329199791144e-02,2.788597090059289907e-01,-1.053609267527838844e-01,2.417079008109941363e-01,-1.041185397749700703e-01,2.634327156817355409e-01,-1.039771441345831854e-01
2.787900696139604118e-01,-1.073088512000218153e-01,2.531872135617250774e-01,-1.082006797394688691e-01,2.793193390240064633e-01,-9.640208886137285882e-02,2.873543241129726256e-01,-1.097359035276755379e-01,2.801410432426884034e-01,-1.019348287407426390e-01,2.690749938423446230e-01,-1.085787407027201668e-01
2.578404201729018186e-01,-1.177215647173465163e-01,2.824719730893889280e-01,-1.072368638231688959e-01,2.960146213796866488e-01,-9.869503983992744534e-02,2.831795218013932747e-01,-1.167304189026820566e-01,2.650653424961904592e-01,-1.111048054191320633e-01,2.707197989495011003e-01,-1.139393769155387925e-01
2.462992032092153616e-01,-1.259559948958058895e-01,2.836162202290344325e-01,-1.128811259505790865e-01,2.648759071928426523e-01,-1.125153381868815167e-01,3.037904735467712447e-01,-1.176449735651988598e-01,2.542067732421703363e-01,-1.193248161395800699e-01,2.828460713140986127e-01,-1.167206234126439146e-01
2.616058059765347110e-01,-1.267928799900312209e-01,2.773632235872160456e-01,-1.205717390946709350e-01,2.905871826331657415e-01,-1.106605959227967007e-01,3.032734785775279551e-01,-1.241446066983083601e-01,2.671804729613107554e-01,-1.208731783109975172e-01,2.700555068398795000e-01,-1.261961327443766601e-01
2.655634529163633517e-01,-1.308984176113048015e-01,2.590991069510703571e-01,-1.320846493120977627e-01,2.715186199231962028e-01,-1.226792849008877806e-01,2.768664469200742273e-01,-1.388044868565601053e-01,2.863832734426957072e-01,-1.201607072738093557e-01,2.617874922883630662e-01,-1.343546818828535439e-01
2.749238464063682996e-01,-1.351646785873107937e-01,2.448668668925816361e-01,-1.459771685933332896e-01,2.865568264984534319e-01,-1.173276836927281547e-01,2.896428637806989781e-01,-1.397326647674714539e-01,2.529086158639524129e-01,-1.380706879668938403e-01,2.528158547071604478e-01,-1.416289100990628658e-01
2.568477756729056760e-01,-1.589678784381403087e-01,2.754697519711685749e-01,-1.088777703051047735e-01,2.895286865151174283e-01,-1.171270458299899508e-01,2.938004900430639665e-01,-1.435044334137099142e-01,2.533327865300215032e-01,-1.427095801933332964e-01,2.645863945018623875e-01,-1.313455443414234813e-01
2.475906893250978957e-01,-1.707018860982185693e-01,2.709214270125015478e-01,-1.194281096218894611e-01,2.581727223897583023e-01,-1.756282024709997780e-01,3.013794750898866615e-01,-1.411781167950509341e-01,2.804236110559086836e-01,-1.220927478923708315e-01,2.628368106285495776e-01,-1.368426162587871309e-01
2.467240397189367496e-01,-1.728556475682564986e-01,2.548550084098556434e-01,-1.510587365344432387e-01,2.809401651288390145e-01,-1.334146044498240868e-01,2.969004537219778750e-01,-1.495560083526474848e-01,2.541551200458465609e-01,-1.467710524913836689e-01,2.573858667460237615e-01,-1.474210157173800606e-01
2.665944592902887433e-01,-1.413855880917531116e-01,2.337277030613995610e-01,-2.006364276470606611e-01,2.625979406749349154e-01,-1.775872211332348849e-01,3.047885888522738895e-01,-1.515071017647633134e-01,2.770084966868281429e-01,-1.407003619971443908e-01,2.691473260138891321e-01,-1.299141881183465963e-01
2.418279813564414849e-01,-1.994576630538369422e-01,2.191483382624847542e-01,-2.258714730812677596e-01,2.489772548256272422e-01,-2.023615546313353719e-01,2.833692966571030314e-01,-1.801454683063610229e-01,2.515783482943064753e-01,-1.736157612643092207e-01,2.502680498957599586e-01,-1.745645858208859647e-01
2.278905147514730944e-01,-2.128872374883996887e-01,2.265565049162545364e-01,-1.913809932333959130e-01,2.522217925322264298e-01,-1.840497058332540292e-01,3.023527459247219440e-01,-1.335226186778522839e-01,2.859915011828637055e-01,-8.960503508499624570e-02,2.447771084996990254e-01,-1.822970332529975646e-01
2.203511514248411574e-01,-2.311719157501987698e-01,2.345722176049496177e-01,-1.768338692956691882e-01,2.168899623606977134e-01,-2.452730046180430501e-01,2.964956258767656450e-01,-1.525639739298989550e-01,2.850353089747144630e-01,-9.286029184706651174e-02,2.331655274740798423e-01,-2.178982615076641427e-01
1.963793612095342533e-01,-3.062101453098500792e-01,2.025060285307619112e-01,-2.565334325649318292e-01,2.371736199999252837e-01,-1.863452286093127963e-01,2.665033434682109181e-01,-2.539370829341405789e-01,2.547422403886041575e-01,-1.990536522753671433e-01,2.466994894153146101e-01,-1.604958202533913469e-01
2.020079900625766367e-01,-2.261222364816541652e-01,2.305092557234622586e-01,-1.664711383118578913e-01,2.105779105844935994e-01,-2.587872338438814701e-01,2.566927648570554443e-01,-2.747493218664998071e-01,2.539719967618681018e-01,-1.963947834745485566e-01,2.318885259231966700e-01,-2.517838249562530661e-01
2.098700596996778411e-01,-1.701732041830259501e-01,2.245974516047576364e-01,-1.895063507095068878e-01,2.264172293527315638e-01,-1.255673454609940454e-01,2.803780794270242516e-01,-2.450040630994397284e-01,2.840276014897475387e-01,-1.597348571739990175e-01,2.235077368439256362e-01,-2.749518664865382989e-01
2.078098554409152088e-01,-1.672264549372509956e-01,1.856946779744216569e-01,-3.717974764050201997e-01,2.502314814429976164e-01,1.203341532346584915e-03,2.598597991045808464e-01,-3.719555195910013157e-01,2.675729441032168587e-01,-2.685227518558186421e-01,2.181743650064666973e-01,-2.804130957755238129e-01
2.271756608822753654e-01,1.092879349972753350e-01,1.824040923212003340e-01,-3.692884483793099637e-01,2.500865211287560119e-01,-4.214365256728528492e-03,2.500255102847459554e-01,-4.081265882112106169e-01,2.780185354515698481e-01,-8.894323987514207719e-02,2.235388843455424213e-01,-1.508123671362685825e-01
2.432147739411309739e-01,2.248765916588129077e-01,1.889127544340317155e-01,-1.820504347670921785e-01,2.536208328808367551e-01,4.111165586059262883e-02,2.204830310162934903e-01,-5.592539598897252606e-01,2.834780884480144203e-01,-4.655252096324923733e-02,2.383851679712795935e-01,-2.679165429461061176e-03
2.028283130375090892e-01,-2.849625014995225691e-01,1.715469862423655567e-01,-4.662430511846061276e-01,2.352006754559435309e-01,-3.549788745533368761e-01,2.532046479067801004e-01,-3.657064109221659920e-01,2.582644109171119418e-01,-1.647385684360077041e-01,2.275440376887172822e-01,-1.290194063472460129e-01
2.054577460708147396e-01,-1.923978765251501410e-01,1.931928858449044328e-01,3.565885407997925610e-02,2.087046537174406802e-01,-6.809917198587708276e-01,2.212730690581074799e-01,-5.919456495056956147e-01,2.742407732376334062e-01,6.407570934937527156e-04,2.340515524734367581e-01,-2.682929064047238910e-02
1.999948768994437021e-01,-2.223760383517485173e-01,1.659473999194451266e-01,-3.418520297276977371e-01,1.857092577772631037e-01,-8.157087062819073919e-01,2.259611473810032856e-01,-4.176698444908927832e-01,2.589999530834307118e-01,-1.744370746694528240e-01,2.251850184075532280e-01,-1.572685529126029713e-01
2.281149656818239058e-01,5.845272251739834779e-01,1.679271820996189601e-01,-2.044786021201296100e-01,2.131649848351853949e-01,-1.147506341034952582e-01,2.240942106922739485e-01,-3.334720384086609091e-01,2.599916369582694897e-01,-1.173813732251956232e-01,2.203985184504804462e-01,-2.038833095263165029e-01
2.271303676236877123e-01,2.888581636485628157e-01,1.397509271785103147e-01,-4.767499317481899701e-01,2.142717648289109988e-01,-8.217324829043812229e-02,2.081819863686123484e-01,-6.294989644908099979e-01,2.869462732666963611e-01,7.939484862876309279e-01,2.538703472998133370e-01,6.652468147497562212e-01
1.840601483201531885e-01,9.434869736350529057e-02,1.340448423987093962e-01,-3.590652034575175233e-01,1.760904574772086117e-01,-1.270046618285458839e+00,2.252182169548981316e-01,1.802066811008048997e-01,2.676416011088707525e-01,-1.783552065480453197e-01,2.171086244434075052e-01,4.683082263972492831e-01
1.821082681577169404e-01,-2.916295026057244208e-02,1.182838593322618204e-01,-6.262916599990029365e-01,1.786797267414662882e-01,-4.298825005624223317e-01,2.153882277435023862e-01,3.514021306273797107e-02,2.783750834380807060e-01,-3.419556286712503029e-02,2.111922686245088776e-01,-1.184148903466658576e-02
1.668823010900804260e-01,-5.131898607616605101e-01,1.193418161123852572e-01,-4.919354778780699045e-01,1.816601962555192684e-01,-3.161087310549963725e-01,2.057374429169548102e-01,-1.563455843266994272e-01,2.782921434842848818e-01,-2.926199160112172640e-02,2.319578249079558563e-01,6.721834039524015036e-01
1.869346161384485561e-01,4.182216036083884481e-01,1.014288134374400491e-01,-6.549430941068606904e-01,2.113599621323409561e-01,3.770747796560630638e-01,1.961645338815911077e-01,-2.328744693086782780e-01,2.532231076296511119e-01,-3.057400033082124380e-01,2.184522685550619181e-01,-1.616234286448958724e-01
1.510685828253950924e-01,-9.398510683290411949e-01,7.670991761128194419e-02,-8.216597226880607563e-01,1.958688416894263096e-01,5.905469108128930111e-02,1.704041005516074569e-01,-6.323287227445250069e-01,2.656064523879850259e-01,3.175459908357396166e-02,2.453449408718320346e-01,7.571452477557898408e-01
1.357092053688123134e-01,-8.385378483977330433e-01,1.060279795777241268e-01,7.843820086425902227e-01,1.896654314472180913e-01,-2.048022219928359589e-01,1.604278081533141997e-01,-6.181283459781617973e-01,2.696862006255801858e-01,5.545817127706351851e-02,1.984503384581033369e-01,-1.258149637892639561e+00
1.206211935024709553e-01,-8.130035491184786078e-01,1.174210758686484030e-01,6.485649241322647418e-01,1.643127969219441153e-01,-9.026603912239398175e-01,1.801001753009874029e-01,-4.644415692310804172e-02,2.418587801190164588e-01,-4.722107070199332846e-01,2.175957183630132241e-01,-3.548394391123728120e-01
1.324663637863974508e-01,-2.113177696701021568e-01,9.290478823627773552e-02,1.793947159783000622e-01,1.603088400729707486e-01,-7.361112622114768245e-01,2.005761070687060998e-01,4.908468258457970856e-01,2.662211591150806522e-01,3.724453556294669565e-01,2.055635337089911086e-01,-4.690343578562211624e-01
1.228682463026075783e-01,-4.117543002206899283e-01,7.963414661301654318e-02,3.444232385531498936e-02,1.400733321473325854e-01,-7.924154073021946187e-01,1.938741235931409068e-01,2.806454732473304126e-02,2.530710639972723608e-01,-2.067624937709481026e-01,2.047191440057043732e-01,-1.652880299296717870e-01
1.432958090076261737e-01,2.109895121762032921e-01,9.926760395475012211e-02,5.110594650777436909e-01,1.122408242535654493e-01,-1.103740384978599831e+00,1.604227896319996016e-01,-7.915856088856423334e-01,2.311028326103992947e-01,-6.410887450264967091e-01,1.919569446158377601e-01,-3.779910317608476955e-01
1.484709584659880399e-01,2.311423897059969312e-01,9.516930517864533035e-02,-2.100413952696575728e-02,1.476676591981311848e-01,1.030704581069630033e+00,1.922544399890192546e-01,1.154691804468209182e-01,2.120479205582679605e-01,-7.705016134984900011e-01,1.697126657115102799e-01,-7.136725255313369765e-01
1.076508474255615244e-01,-9.046909777631634286e-01,4.790126507327589767e-02,-1.013456822676775282e+00,1.209661444679878683e-01,3.575745511590844999e-02,1.723256355587082234e-01,-7.033600315857019281e-01,2.369186545647334330e-01,6.960226988081652522e-01,1.666335144545591229e-01,-4.430800297029434676e-01
1.342519366077491727e-01,2.044501226182147691e-01,4.251385879036865406e-02,-8.143957407250030922e-01,1.129402321439167550e-01,-8.843300985550363313e-02,1.288101882747185178e-01,-1.831398616856800388e+00,2.065623156455481113e-01,-9.864372006115930125e-01,1.632669421287463452e-01,-3.122961373420853892e-01
1.457920111515491057e-01,2.707958387321758864e-01,3.324017696186071236e-02,-6.823617759159577023e-01,1.065620145002658253e-01,-1.828604980197396923e-01,1.142132147499564099e-01,-1.081373255020304347e+00,1.890479077285541487e-01,-9.212058223313086547e-01,1.593631799711831276e-01,-2.967237008711984259e-01
8.991384827425395743e-02,-2.051453756593879518e+00,6.704338776667273514e-02,-3.576228973939825084e-01,8.667536626782947062e-02,-2.993784957910561872e-01,1.000225965605399531e-01,-8.443973255265816436e-01,1.945331668745758358e-01,-1.359179396517667948e-01,2.003866786904734409e-01,1.476013917006211429e+00
7.550135657111983756e-02,-1.154224728402183375e+00,2.704636179442512778e-02,-9.949449256814411058e-01,1.026704166150133324e-01,1.204069669751747923e-01,1.129234005714316175e-01,-4.732546193437300874e-01,2.308783302029953632e-01,3.569224101717691222e-01,1.696284359522954033e-01,-5.892218904614860975e-01
1.140700914059381982e-01,9.026984406448220755e-01,5.380211962200980719e-02,1.885890140175341401e-01,1.166777825364321841e-01,4.155265939641815676e-01,1.135634147645763342e-01,-3.952519395592523632e-01,2.187244889139954573e-01,1.947948392794931483e-01,1.470370408689648245e-01,-9.592305778588257059e-01
1.011559197078950173e-01,7.299657622913038324e-01,2.320089363771346558e-02,-1.175255288374963181e+00,6.334487270686160743e-02,-2.028425326962607134e+00,1.137356578637953169e-01,-1.988865106202403754e-01,2.100813072544157056e-01,-1.210426927318419554e-01,1.553648973843711201e-01,-8.119990849298929225e-01
1.108713660046730803e-01,6.051503537356105467e-01,1.161471372555688240e-02,-9.596865469470012844e-01,7.828395473014658490e-02,-9.967243319075859143e-01,1.117661159643209279e-01,-1.618468134581312612e-01,2.146551750410071735e-01,1.572108610635730014e-02,1.436528209215706120e-01,-7.021655873642611567e-01
9.731379889948189865e-02,3.966150882800946742e-01,9.433196004782276600e-03,-3.154184208523517774e-01,7.385730246419841549e-02,-4.114192084753122147e-01,8.453386430853318534e-02,-7.229350572401357367e-01,1.986677688581024726e-01,-3.675590337573135247e-01,1.210323198671622441e-01,-7.809726470236050266e-01
5.455947199644155948e-02,-9.350162582019074797e-01,9.297766592652972548e-03,-2.393402128728026601e-01,7.811227328523903668e-02,-2.570191241482064348e-01,7.329989323479287056e-02,-6.405887577609019612e-01,1.665996020622106666e-01,-1.061388486624871286e+00,1.348749649780448534e-01,-1.459233499391932032e-02
4.095741922825851811e-02,-7.579514942036221781e-01,4.767374313494393209e-03,-2.356591533421641960e-01,7.966655976751722823e-02,-1.126920653133118982e-01,8.721233624019499031e-02,-3.745474098578168154e-01,1.913451297415948715e-01,-6.047639467989895934e-01,1.017205602165862088e-01,-1.214041216808700030e+00
5.497177680463274929e-02,2.827969385336937536e-01,2.516278253149343766e-02,4.928292837819652217e-01,9.604009272125531294e-02,4.264548098834660128e-01,6.371339685387031326e-02,-6.134026935208211073e-01,1.358615402726929544e-01,-1.247569032925944565e+00,1.259287595503640889e-01,5.143816076808802595e-01
6.508611350796857098e-02,3.742160914470352151e-01,1.308619379925452485e-02,-1.373250722322000850e-01,5.568677383195936442e-02,-9.847655929013687803e-01,7.168073404741358290e-02,-3.416007461375195758e-02,1.327517883807264043e-01,-6.285272972491982024e-01,1.316651334166530629e-01,4.236784330649791541e-01
1.893768014167752922e-02,-7.916879448265150554e-01,1.006669353759519388e-02,-1.427138581171800424e-01,5.313492440128463057e-02,-7.348047601729109646e-01,4.522466511713350151e-02,-1.014373672271069227e+00,1.550609354538598217e-01,6.873848201422217974e-01,8.797350726059653681e-02,-7.116480804347985467e-01
1.601616222609331076e-03,-8.226837295268049077e-01,-3.789476812220120977e-02,-1.143673349326751909e+00,1.028944695090484862e-02,-1.365843507704115334e+00,4.774386911489431756e-02,-2.120235776556409490e-01,1.252513480995095518e-01,-8.599038639752665247e-01,1.298455625970294514e-01,1.875560285063178068e-01
1.339155154874269865e-02,-2.307116902423328175e-01,-2.914368966126330840e-02,-4.779004196507649627e-01,4.046942709419455719e-02,-1.515057213502896127e-01,4.254103304947571412e-02,-2.339853965207500663e-01,8.655805050817722002e-02,-1.301665994466861154e+00,7.303222366836378820e-02,-1.096851028741630207e+00
1.650037316589089698e-02,-1.465085475687983585e-01,-6.396935718766837142e-02,-1.257326552258740682e+00,-3.577059768940498569e-03,-1.414827223512368004e+00,9.055997326182625706e-03,-1.183964421857783389e+00,1.159394218946880745e-01,5.091435246062928632e-01,8.997258400779281629e-02,-6.721064064945336813e-01
-2.273453925495779945e-02,-7.189603221792040255e-01,-5.403974403518822106e-02,-1.798512139439675250e-01,2.007784647586049326e-03,-3.770799157946384539e-01,-1.448503464235679009e-02,-1.188627237409845661e+00,1.092345619599170564e-01,-8.724654922802689561e-02,6.150292549574089274e-02,-9.154200289731377893e-01
-3.995097799450750969e-02,-7.752461080277147643e-01,-3.495972883260019953e-02,7.260763251238170346e-01,3.143893737955963386e-02,1.098118579630726455e+00,1.671205417325102860e-02,-7.579095990560415219e-02,7.655630645763573938e-02,-7.207459820841020104e-01,8.334509161007404299e-02,-2.028512621606998190e-01
-4.131086361795548861e-02,-4.426981665572128355e-01,-5.405929293808289099e-02,-4.455967193573525109e-01,-2.324899035983214735e-03,-8.463313829577029379e-01,-1.743126091598851124e-02,-7.883922893314038172e-01,4.483633260962744532e-02,-1.105626679430422366e+00,3.764051080448677089e-02,-1.201831299837947009e+00
-3.762654876647281155e-02,-1.572002602083208966e-01,-6.273855513536311101e-02,-4.432479608306357788e-01,3.662252942980305775e-03,-3.844903586505067916e-01,-2.179761780763954035e-02,-5.396601961649878376e-01,3.996279041667671894e-02,-7.304093157227695698e-01,4.027806166670536842e-02,-5.989134334143079164e-01
-7.417922532194111407e-02,-9.751213736560948586e-01,-4.921788482317154823e-02,-5.374589249011785946e-02,-1.626340789852089366e-02,-6.019965616956285404e-01,9.430250877637519347e-03,5.032542122118075500e-01,5.224676664477784227e-02,-6.690908038983346684e-02,1.533088795270635095e-02,-9.221445918662558583e-01
-7.570532078121552932e-02,-7.568671755931525302e-01,-7.294017022615242873e-02,-9.931902682042768049e-01,-2.831533972727039508e-02,-6.069919919445879719e-01,-3.596816956245638824e-02,-1.241013668623730082e+00,4.773459850774857544e-02,-1.686416907039846036e-01,3.082965653008376203e-02,-5.056605736137061990e-01
-4.775349411989771031e-02,8.551567424900224923e-02,-7.181737388336266459e-02,-2.851744185732968395e-01,-3.444424459851784526e-02,-4.067795793854792619e-01,-3.391697435057480781e-02,-2.081722247735478815e-01,1.237388743806716075e-02,-1.411146988966852867e+00,3.207134620930470609e-03,-8.545177521060046688e-01
-6.714245358472302472e-02,-4.731531728797669922e-01,-1.092096999911964794e-01,-9.473807932503934826e-01,-3.314755044815426849e-02,-2.124838830341417018e-01,-3.186969984258326838e-02,7.954258113892647558e-03,-8.333725028023984335e-03,-1.159957156487876562e+00,-1.691308230591099040e-03,-5.372031621525257261e-01
-9.241061663254632186e-02,-8.595940144878370104e-01,-1.272789052096007234e-01,-9.369060764736272251e-01,-3.802093203058291848e-02,-2.247132638638582869e-01,-5.276113092246115070e-03,5.518014872513677949e-01,2.559261372799009546e-02,4.209042654558249261e-03,-1.186263556764486152e-02,-5.275541208069469690e-01
-9.047441535674013990e-02,-3.980330835276713053e-01,-1.061646231785863259e-01,7.808641510301898847e-02,-4.313200390237813264e-02,-2.416004863675828840e-01,-6.753573907616011729e-02,-7.294577716729161443e-01,3.006218777425918517e-02,8.056231031363526862e-02,-4.200419661887985767e-03,-8.683867966624247980e-02
-1.038321320585630231e-01,-4.667406018348428387e-01,-9.292676611844535861e-02,5.320241977235817821e-01,-2.069561673134166085e-02,8.111357419309614958e-01,-2.749844607857046541e-02,6.584649432828215687e-01,1.398505197815311241e-02,-3.701692086803645143e-01,-7.504972721351711382e-03,-1.069984467843930892e-01
-1.318488281624272118e-01,-9.903724579193416977e-01,-7.500427107471432930e-02,7.975622951899287161e-01,-6.882465991411901296e-02,-1.474177947358379592e+00,-5.176061021799061024e-02,3.685094854806756498e-02,2.502364506973910399e-02,-6.403957504673027379e-02,4.095895106583763087e-03,2.763461122348594423e-01
-1.105434079516062207e-01,1.752340105108215335e-02,-8.673594216844027205e-02,6.405313765464313303e-01,-8.256683447815812982e-02,-1.390779192744563186e+00,-7.975389541353844480e-02,-6.666549767674804228e-01,-1.915453836357753140e-02,-1.800711190651957949e+00,-2.608407354889262855e-02,-1.204422550830116290e+00
-1.020177153986654428e-01,7.699327243032852430e-02,-1.291614861068794695e-01,-7.904569039867070934e-01,-1.104679854650940651e-01,-1.402404114091552856e+00,-6.666464168681379698e-02,-7.757043320436686484e-02,-1.943689906255424010e-02,-5.725274244442040139e-01,-3.087127824649188793e-02,-5.691086159385138066e-01
-1.126897584279302755e-01,-3.521475749830392243e-01,-1.268642811264473758e-01,-6.273213784351030498e-01,-1.252569071932627676e-01,-1.127244934707632318e+00,-5.363120829543164408e-02,2.728820771384146138e-01,-1.546755388775125292e-02,-6.409048621999503814e-02,-1.408200185425156556e-02,-1.943055475387069908e-01
-1.310974373605144072e-01,-7.983000778089891503e-01,-1.269089856317210108e-01,-3.102754450612236758e-01,-1.280649386512490440e-01,-7.641460895897593808e-01,-6.181114032985753071e-02,-2.775103576397508487e-01,-5.280208986485067368e-02,-2.693899465758659573e-01,-4.536230913412783727e-02,-4.428075594266401294e-01
-1.403510196694723877e-01,-5.856356123458088536e-01,-1.402619317971531276e-01,-5.755537162737988099e-01,-1.347626554457966863e-01,-7.301623228290028411e-01,-9.259420986528256459e-02,-6.757696872126612853e-01,-6.753811252311930913e-02,-5.171853102280919989e-01,-4.429407282206312968e-02,-2.001297365572465570e-01
-1.696329541256622608e-01,-8.081517481869312514e-01,-1.471492571847265174e-01,-4.790223115735817161e-01,-1.452670259392096763e-01,-5.884992998192513092e-01,-1.051037188964867031e-01,-6.588960703021606857e-01,-6.759996065918222330e-02,-3.067646279622150973e-01,-1.997059070116280824e-02,3.906117457613457189e-01
-1.468903444613891551e-01,-8.110154017389039627e-01,-1.374459389895919537e-01,5.194697557888439815e-02,-1.356732133244067662e-01,1.619945753732381921e-01,-9.212419321055119459e-02,7.960577674477364515e-03,-3.891801831788718746e-02,7.908885610438690650e-01,-3.785002431973909232e-02,-6.752839527737728442e-01
-1.620600774342367545e-01,-7.702173832401768561e-01,-1.265213622833105955e-01,3.440236632008930040e-01,-1.416715822766425603e-01,1.547906874880819461e-02,-1.267466479523427225e-01,-1.118568376564295974e+00,-6.909316159462422502e-02,1.284837059481998556e-01,-5.290951101552247154e-02,-7.104826460718858261e-01
-2.127971430520979867e-01,-9.852413829130800549e-01,-1.696205160319093908e-01,-9.359387684742698221e-01,-1.584013435561006933e-01,-5.827421722188571573e-01,-1.516330804582964875e-01,-1.188204291878994789e+00,-4.704693162976119475e-02,5.171234031432304645e-01,-6.284858152655756203e-02,-5.840070983573258934e-01
-1.880118914248604112e-01,9.342705532587917971e-02,-1.866111616703348408e-01,-8.865156974023536973e-01,-2.037796532560097740e-01,-9.670331168251117271e-01,-1.477640796935126288e-01,-7.693946558908515421e-01,-5.261573007332357582e-02,2.291074407149634173e-01,-7.139448160871146587e-02,-4.854444639579125198e-01
-2.047833391910419687e-01,-3.094788985249726232e-01,-1.623327211385581503e-01,-2.560764669722187525e-01,-1.651213557991992320e-01,-5.302669272344454621e-01,-1.662243817198099660e-01,-8.282208492289571122e-01,-1.029390590403994887e-01,-2.013386902464090689e+00,-3.615567253471108078e-02,9.024890830720311286e-01
-2.388978171475395484e-01,-1.177091066955378906e+00,-1.830870162877187846e-01,-5.687832428339532065e-01,-2.101389282512692303e-01,-1.387495105899537062e+00,-1.984309257730045017e-01,-9.407973788011003702e-01,-9.461919427218165590e-02,-1.075559339978597428e+00,-5.422263307155755080e-02,-2.729758245923000759e-01
-2.683738224425372687e-01,-1.310412356198516370e+00,-1.607035481623317330e-01,-8.698722481981176202e-02,-2.280861765021023890e-01,-1.041424491646949724e+00,-1.778365194569481444e-01,3.171306786405942435e-01,-1.017355841381548109e-01,-8.110794432746323279e-01,-7.296883807284584855e-02,-5.497799909039096100e-01
-2.490420091382593015e-01,-6.869463232541852538e-01,-1.802146590399042736e-01,-7.475102891407789940e-01,-2.149091222475686958e-01,-3.041035332114436773e-01,-1.907366110076560706e-01,-4.008166328816843427e-01,-1.046191081880643026e-01,-6.707920996090367405e-01,-4.706275683071682592e-02,2.498601339923548492e-01
-2.583937304350201747e-01,-6.013252845382682787e-01,-1.607806437198490979e-01,4.131941566214456518e-01,-2.522517546140163325e-01,-7.416185986818265574e-01,-1.936659122990661841e-01,-2.363895641432482431e-01,-1.008872576061024123e-01,-2.948047636140436190e-01,-8.790459736342083608e-02,-4.919051779120485191e-01
-2.471872682329859239e-01,-3.334641090148155462e-01,-1.759682774643840375e-01,-3.831247770379056505e-01,-2.463269606590255401e-01,-3.344290670447604974e-01,-2.251850049180126323e-01,-3.692420774095112601e-01,-1.341225555922987700e-01,-1.364223063878934328e+00,-7.759332158398371537e-02,-7.793272430603326306e-02
-2.871173649495229463e-01,-1.121811922203985068e+00,-1.957596961452340301e-01,-6.375647860124111777e-01,-2.742833960927176795e-01,-5.759301276663619795e-01,-1.820475649448715927e-01,1.040682697912789223e+00,-1.226136956534632644e-01,-9.907841896664254522e-02,-9.558923796885698820e-02,-4.127477412191554729e-01
-2.575014516943500142e-01,-3.289884305786728302e-01,-1.674980204600031719e-01,8.699810734400108270e-02,-2.652835284783998659e-01,-8.294086051420561378e-02,-2.176653107908922413e-01,-6.497248623653407995e-02,-1.554942273344471215e-01,-1.141721776848776404e+00,-1.435783601886641281e-01,-1.609764761562671787e+00
-2.778293710373448411e-01,-6.978969313159690824e-01,-1.868056706572457093e-01,-6.905963518847155758e-01,-2.779449603671179658e-01,-2.459807170136114607e-01,-2.155218471427397531e-01,1.948261495390448544e-02,-1.704322637141879038e-01,-9.800376231258740578e-01,-1.154996888517757225e-01,2.367601628161459804e-01
-2.801580669637195875e-01,-4.168981095390205116e-01,-2.088067967746180253e-01,-9.728125520477531873e-01,-2.779351493698805631e-01,-1.090595346791758680e-01,-2.271494042815438152e-01,-1.735448245065349115e-01,-1.545517365274535204e-01,-3.536214914706305446e-01,-1.317075932560202722e-01,-3.746326806018289712e-01
-2.936838173459633827e-01,-5.581665566119241584e-01,-2.277292619074373081e-01,-9.650688999632686116e-01,-2.681602745531465049e-01,1.835858401013789332e-01,-2.310523964756147075e-01,-1.802786320730201952e-01,-1.505016858264398016e-01,-6.904968910420450356e-02,-1.539709326873602568e-01,-8.100723504035883815e-01
-3.164449995881095101e-01,-1.027703418597357921e+00,-1.887778241176446825e-01,6.473834809208642294e-02,-2.956875860954258917e-01,-8.920976769636039805e-01,-2.556490496927237843e-01,-6.316925576539744736e-01,-1.884692304142312480e-01,-6.831108860009162953e-01,-1.776162258679003791e-01,-1.035581249937816750e+00
-3.380007805208494198e-01,-1.048156934975218224e+00,-1.955177179514105412e-01,-1.366020387656323443e-01,-3.266688890866987216e-01,-1.267352851635381805e+00,-2.332697493122405097e-01,7.911799854056867920e-01,-1.918591852780748841e-01,-5.760650626575489763e-01,-1.556434003699754265e-01,1.746388468994757304e-01
-3.125411788782169187e-01,-2.337796039282194205e-01,-2.366844596593416228e-01,-1.295802840186332849e+00,-3.256036878418188119e-01,-2.035010853827909083e-01,-2.403847670117998936e-01,-7.840560992833051773e-03,-2.029877394436420679e-01,-5.706026567146927908e-01,-1.729792221055413137e-01,-4.504724630073585478e-01
-3.379761745288685781e-01,-6.526731595843432432e-01,-2.347117926210280925e-01,-4.914593145695447252e-01,-3.566474981885466855e-01,-1.143733146131659106e+00,-2.841332269454850401e-01,-1.445787335600285051e+00,-1.824186759135920377e-01,2.482230475596687025e-01,-1.837619450018467548e-01,-4.778906691368860482e-01
-3.236322748710800390e-01,9.995459438416491593e-02,-2.482833777267886011e-01,-5.481032258835059068e-01,-3.469703868440546790e-01,-4.803528834923813662e-01,-2.844968244826404091e-01,-8.426408421603638343e-01,-2.190896528502772889e-01,-7.202904430319312379e-01,-2.108070806737487590e-01,-1.119856038309793078e+00
-3.408660222156271735e-01,-5.259513798230081721e-02,-2.566721394365266695e-01,-4.879735555208871700e-01,-3.518327884486246449e-01,-3.937645114086140152e-01,-3.025827605623258587e-01,-8.884171973859370519e-01,-2.418295778999317858e-01,-8.288232018063398376e-01,-2.216333085312470474e-01,-7.295010768772693943e-01
-3.643695325561384091e-01,-5.965087454202079309e-01,-2.856437204941757457e-01,-1.198205032877633913e+00,-3.709571481417719974e-01,-6.746610784722132381e-01,-3.029092632786696826e-01,-5.925087600651129938e-01,-2.377676398103988620e-01,-4.280177371136262843e-01,-2.226680110184833528e-01,-2.668894775890264248e-01
-3.500328324298806471e-01,-1.253961756038078634e-02,-2.997382163543717559e-01,-8.369182569297360930e-01,-3.545694804890253127e-01,-1.723706742251766844e-01,-2.931715752393763141e-01,-4.619760575812226766e-01,-2.306071490750953579e-01,2.252428796113979947e-01,-2.082116282704178922e-01,1.511817753219072968e-01
-3.724996360304662080e-01,-4.406786081706223213e-01,-2.954423993256569680e-01,-3.904694070879139445e-01,-3.764316213872134220e-01,-5.516397558543598700e-01,-2.838787192230098899e-01,7.029922495728074816e-02,-2.344503174945750112e-01,-5.110128959522779180e-02,-2.195273426772456071e-01,-9.718592509716900141e-02
-3.640073041927403552e-01,2.046124122020880898e-01,-3.011150449098671800e-01,-3.397056982667159275e-01,-3.828724089728126057e-01,-4.881906170614669915e-01,-3.039438803310391402e-01,-6.759050802980559602e-01,-2.590669759832174845e-01,-3.694477900343837717e-01,-2.292152622445567112e-01,-2.912300794020407091e-01
-3.768545822304120163e-01,-4.317688591096367490e-01,-2.904740505956677210e-01,1.770606740259753342e-01,-4.000568128599210627e-01,-7.714696094374903224e-01,-3.409843757913023632e-01,-1.502540281815603729e+00,-2.641416610708706703e-01,-3.670386711119690837e-01,-2.332648058899043364e-01,-2.352500786843960690e-01
-3.621805043177781513e-01,-1.377264124967641779e-01,-2.752057067164375703e-01,6.261624189175737376e-01,-4.123115885821661553e-01,-6.596496463301038116e-01,-3.591617104516421355e-01,-1.263809018953802488e+00,-2.783141053061858328e-01,-6.560984334269125418e-01,-2.400847923287406926e-01,-2.839978972678586233e-01
-3.763315918529629434e-01,-4.829144335885875994e-01,-2.733668946100875075e-01,4.998891354807307730e-01,-4.109698814607052331e-01,-1.958191226828625287e-01,-3.816274277961801409e-01,-1.168384727274995427e+00,-2.512392918266226349e-01,-4.041213947514769034e-01,-2.604651599718613153e-01,-6.234558788324968681e-01
-3.855299071245568698e-01,-4.680695703045642531e-01,-2.623025337928562295e-01,5.412794680927398572e-01,-3.898567816838178768e-01,3.158734662498284274e-01,-3.678607891915127714e-01,-8.984390848071284463e-02,-2.878799047104164122e-01,-1.092206308559158456e+00,-2.425659344322989575e-01,-3.560129594690158994e-01
-3.717601033864607052e-01,1.618381532299879577e-01,-3.107390054461681150e-01,-4.580370350330497664e-01,-3.841171344492422257e-01,3.184303729494376012e-01,-3.977196666835376426e-01,-7.408642984696047762e-01,-3.009481951131651178e-01,-8.019148099674054953e-01,-2.590852778240514409e-01,-6.303479080979772498e-01
-3.649059639501220365e-01,2.774366180477193522e-01,-3.294102699082520624e-01,-5.822724658098613615e-01,-3.811407977880505449e-01,2.622343233707591925e-01,-3.706674708133360086e-01,6.569363011995953405e-01,-3.046312011073030179e-01,-5.192332562520686201e-01,-2.554321940265456559e-01,-2.564733773901684555e-01
-3.991649472739770554e-01,-3.076299564981329060e-01,-3.342628207587619582e-01,-3.371013866243169899e-01,-4.157479574827292468e-01,-1.471219076127549263e-01,-4.249268124384774636e-01,-1.567781579328411334e+00,-3.379712682482212127e-01,-1.320101651738834647e+00,-2.945085900496029474e-01,-6.804903021039059308e-01
-3.983878070809291905e-01,-2.361562661288269527e-01,-3.146370638398830466e-01,6.748139066914908557e-02,-4.061424730395347682e-01,1.338892777997096328e-01,-4.059171024889737245e-01,-5.355056668305733236e-01,-3.100148787136339790e-01,5.263954020238907905e-01,-2.923399938896442674e-01,-2.005971272411281592e-01
-3.820696741621470993e-01,5.464910648107531577e-01,-3.164991754376932365e-01,6.696061120093595165e-02,-4.544045386205389780e-01,-5.966701127719330477e-01,-4.333413859830748116e-01,-1.159993359917668831e+00,-3.342772923890918735e-01,-1.771315807940344600e-01,-3.150205312808569968e-01,-9.456749953027627775e-01
