9.724369814180759963e-01,1.518365200436027074e-01,-9.446337952408440097e-02,-3.155366028365741426e-02,2.859441494672937401e-02,-6.990265967639591738e-02,5.475323446032985542e-02,-9.466126419471408704e-02,-1.065654571069903356e-01,9.225275061389043296e-02,1.043116960871498244e-01,2.562885568849641166e-02
9.209112713568927688e-01,5.803033877866431434e-02,-8.940903083277287888e-03,-6.136669516726313278e-02,-6.371550161401867696e-02,5.067099468996832251e-02,-3.585822459273514673e-02,-1.174726011873343523e-03,-6.139743891204720028e-02,1.362591298160276410e-01,2.412803750017578075e-02,-1.272646972983808578e-01
8.715864678951967814e-01,1.661244008429967889e-01,-1.492709888307369448e-01,-1.493886040022858464e-01,-8.625939287787272314e-02,8.491541735958893500e-02,-1.587470436605276092e-02,-7.547506474244661256e-02,1.424480579373493538e-01,-1.101692791632655904e-02,-2.530332763945095792e-02,-1.367782589221153144e-02
7.266385306510961817e-01,1.473616658048077510e-01,7.117510579453895092e-02,-7.392371997708781228e-02,3.001708226795956821e-02,6.616924274296975828e-02,3.173035978988640593e-02,6.010975811871618196e-02,1.203462149220557997e-01,-1.117561379805484534e-02,-5.743134304282088154e-02,-1.060241256082007366e-01
6.418829483611422360e-01,1.837055282215213359e-01,-3.286179625942679122e-02,-1.502475659170005029e-01,-1.297683012856661738e-02,-3.038857052274465675e-02,1.077457660838248704e-01,-7.124291258003247196e-02,4.959149460872848414e-02,3.705297129815590673e-02,-1.092879493157403181e-02,-1.123922984879175135e-01
6.864556129787087180e-01,5.398018918197455829e-02,-1.734167722284455371e-01,-2.844988946029254617e-03,-1.125499406663340862e-01,-7.466389326785408120e-02,1.263090244733282852e-01,5.103577362086062635e-02,6.092962608907265959e-02,5.120104478963860561e-02,-4.406743904738712886e-02,-1.461272310933311447e-01
6.818944107372753027e-01,2.897154683232501249e-01,6.783507381939835046e-03,-5.318754077784853401e-02,-1.372413109072396775e-01,5.195490604209575952e-02,1.355841424609401658e-01,1.247738670974863906e-01,1.284754449515064512e-01,1.859307261975616243e-01,-1.513705946429386717e-01,-1.711196626981010827e-01
6.283906088423640846e-01,2.288486067300897209e-01,5.639117466559456782e-03,5.282314563845892652e-02,5.230346942276040134e-02,-2.073187451536584458e-02,1.576519094271715271e-01,-1.879026445763946895e-02,3.058818204362988291e-02,1.306476236157307069e-02,-7.688005392840445429e-02,-1.087436052557040067e-01
3.839782721118008557e-01,3.137807326525862694e-01,6.246851775323505884e-02,1.810393730972358062e-02,-1.923342944893478498e-02,-8.468056993188888271e-02,6.260385823455327792e-02,2.549944420274310314e-02,4.345544095320566513e-02,2.084369785771314487e-01,-5.136603665017357156e-03,-1.915405852936407083e-01
4.209291415207182530e-01,2.696512915344118078e-01,-1.723695062014222318e-02,2.593334335439700239e-02,-1.722398998428193578e-02,-1.306659406198394380e-01,7.279403017617423755e-02,1.322101051441655073e-01,-6.953021669131005666e-02,1.898007544079223230e-01,4.566176755817012017e-02,-1.295262274845318529e-01
3.997991340713667463e-01,3.130072998320239108e-01,-2.252560348561452250e-02,-1.183396062853024622e-01,-3.040575802099665381e-02,-5.696246520737189428e-02,2.048258506231360743e-01,1.086773706389975447e-01,2.208877955506684948e-02,1.872398072401982305e-01,-1.054534109363473027e-01,-5.090573552182636741e-02
3.619856323487799510e-01,2.867960328844012530e-01,-1.007533149106496495e-01,-5.664431447671244846e-03,-1.881995134075708787e-01,-8.646228493135937887e-02,1.176906475102590249e-01,1.611374659664177589e-01,5.541664328755789570e-02,6.696128893036167040e-02,-1.566639644460768310e-01,-1.103347768525433092e-01
1.353027393637234455e-01,1.608143142001198511e-01,-1.535529226583893514e-01,-3.826447920300642819e-02,-2.194255629032189348e-01,-4.053952574509872564e-02,1.914729183564073400e-01,1.474351286126588945e-01,1.576829349756789789e-01,8.102962041206451804e-02,-1.225914589522541093e-01,-5.313087891990672662e-02
7.692592871871449522e-02,1.225004497741911669e-01,-1.209679788073169671e-01,5.116540015078859666e-02,-1.708510693465144226e-01,-1.750076161837600397e-01,2.330790854678343460e-01,2.514161208836662720e-01,1.095683666857835692e-01,1.559342862908400240e-01,-6.447774435634588686e-02,-2.807674885057320768e-02
-3.773693370009097159e-02,1.894767532922381204e-01,-1.057321460431373539e-02,2.081440035056374427e-01,-3.863009218772957276e-02,-6.978187839134049331e-02,1.598044153942294876e-01,2.771771337757664155e-01,1.381759922408018482e-01,8.563037533647338551e-02,4.080851801571500070e-03,-1.661736430542499754e-01
-1.323554720818858124e-02,1.051442614372602030e-01,-8.723118143788925749e-02,8.674028949180553894e-02,-5.130721790218122080e-02,-1.121817142794917233e-01,9.636959869052105776e-02,2.466480347623195568e-01,4.667895791631838237e-03,1.145984928140293402e-01,1.124478245033105062e-01,-2.811281834601640772e-02
-1.636162068206521991e-01,4.117413247860560177e-02,-1.419159393293694671e-01,7.124848622161966682e-02,-1.881981413898303201e-01,-1.391513518687677309e-01,-1.681309745739328898e-02,1.197597170733580019e-01,-7.571064820485362556e-03,1.120180797893960967e-01,-3.253383425115699557e-02,-9.064383658112223907e-02
-1.536136855374935217e-01,-6.460528416968899790e-02,-1.774418071649409012e-01,1.090765241297262655e-01,-2.331116841777941817e-01,-2.208572711770714070e-01,-1.989948893547125591e-02,8.815607562273888864e-02,-1.276468951541587515e-01,1.238975645639726481e-01,8.052001969057132058e-02,-1.135887667015057223e-01
-2.776935832022386363e-01,-6.749037426255270755e-02,-1.457877275431464781e-01,2.552600746835831380e-01,-2.259228041663923214e-01,-2.439319974814496694e-01,1.024819067332972400e-01,2.338820153919425049e-01,-2.104981987392005871e-02,-3.915504857556609958e-02,-3.859162341745951685e-02,-1.384492128034137681e-01
-2.588175416836261955e-01,-9.322464324570003957e-02,-5.517673520913247975e-02,1.421686466253526682e-01,-1.370987431014359659e-01,-2.890556927261456188e-01,-5.801042361790696711e-02,2.383875640884073333e-01,-8.234836854533397754e-03,5.081736929105243328e-02,-9.700945281862327629e-02,-7.487998855226327133e-02
-2.697535661307956523e-01,-1.490481749772031850e-01,-1.282861055824614793e-01,1.604238899550889386e-01,-6.311302389568662630e-02,-2.975858059468315941e-01,-1.051897239991733540e-01,2.225199579150952955e-01,-5.094364783765595317e-02,-5.275502124726606790e-02,-1.073679677686713435e-01,-7.860797016435874807e-02
-2.096931332748765975e-01,-2.831529692987720948e-01,-1.988260448245667833e-01,9.816954316037190820e-02,-2.367089699614490228e-01,-2.453940308480749843e-01,-4.427320140354689543e-02,1.285541173706049589e-01,-1.134253364552382237e-01,4.952456519329485884e-02,-1.377493288493253920e-01,-9.457201421312995404e-02
-2.613331832626221152e-01,-3.653542002554952539e-01,-2.044723923248774611e-01,9.746371599196113067e-02,-6.891516547386293545e-02,-4.668513250337739118e-01,-1.216627833713479490e-01,1.333878023862496709e-01,-9.015825428729443147e-02,-8.838865875058554700e-03,-1.414499146865216272e-01,-9.667993923547518742e-02
-3.420471248549526999e-01,-3.315376294064707463e-01,-2.167127451563750917e-01,3.546960957796471692e-02,-1.536918984905016605e-01,-3.860471119999738798e-01,-1.382601770549080344e-01,6.580201334789123613e-02,-5.568340093865797868e-02,-1.197890493211243579e-01,-1.082653427064511620e-01,-6.637277921403700320e-02
-3.961490812197416833e-01,-5.166331188183905798e-01,-8.074867469339744308e-02,2.082709978962497543e-01,4.843714844305588990e-02,-4.002269312883219299e-01,-1.114336805961540500e-01,9.177898756044056139e-02,-1.591454471119603531e-01,-1.687346684887000570e-02,-1.872881619811444520e-01,-1.649680219262431580e-01
-3.773190322581637113e-01,-6.704281862021389538e-01,-1.850178872158024790e-01,1.780062266284107853e-01,8.993206014672606996e-03,-4.272580659826918925e-01,-2.228289060490188378e-01,1.865726344820779481e-01,-2.608635024345408449e-02,-5.166096007464818229e-02,-1.219873404795352168e-01,-1.255753711677058959e-01
-5.026352266869668073e-01,-5.730980296270700158e-01,-2.150995856615743607e-01,1.424218997411191845e-01,-6.491742716660220403e-02,-4.420989215621933810e-01,-8.324182191491222294e-02,6.389915808297183530e-02,-1.249465278075876373e-01,-2.830099881356742259e-02,-2.075557858507610931e-02,-2.964790509068260249e-02
-3.175330246728178540e-01,-7.529817176358787334e-01,-6.402261927850076695e-02,9.899304734041770859e-02,-8.019530077116648892e-02,-3.553128691140549633e-01,-3.938592875445368069e-02,1.270098570430424623e-01,-8.618161788411800306e-02,3.112739216342026022e-02,-3.833853542137240916e-02,-2.650804547682424073e-02
-4.791184179467729010e-01,-8.119904254031150570e-01,-1.894281164189459410e-01,9.363521166225929893e-02,-6.643701114183420131e-02,-2.897160044350977626e-01,-1.857893668075513705e-01,-1.161210998640679892e-03,-7.575247503241028246e-02,4.820070508542620424e-02,-1.340232509070868328e-01,-3.125179347959634868e-02
-4.083838744259136178e-01,-8.124612794030316998e-01,-9.766447400024692860e-02,-4.971101050697186718e-02,-6.535728484003447414e-02,-3.813472572610802080e-01,2.921254536044376460e-02,-8.006863946741308094e-03,-4.498509992319528472e-02,7.525715757653211879e-02,-1.710521541716615301e-01,6.451045810511116252e-02
-2.398679456870148052e-01,-9.179003348891842107e-01,-1.550876966883618993e-02,5.208912657586457079e-02,1.327773982053090385e-01,-3.566752891054487118e-01,1.215949232062223107e-02,-6.398453912549265099e-02,-8.031443786488122460e-02,1.940671471769591858e-02,-1.529677278421673059e-01,3.957654643153087765e-02
-2.945529480907104203e-01,-8.743261210310001585e-01,9.863034120120880988e-02,5.988518990808555653e-02,8.352517052652579099e-02,-1.745536372380883938e-01,1.554908337554700148e-03,-1.972663995257421810e-02,3.182718875561879601e-02,6.093350071508518706e-02,-1.047897932146827915e-01,9.323209427104128810e-02
-2.618077561568591394e-01,-9.307917438973880575e-01,1.007673573231689657e-01,1.004274049710029287e-01,2.678584987095666836e-01,-2.831805009637974879e-01,-5.385267565563790770e-02,4.858489389445277279e-02,-1.354970415589151211e-01,5.362446861497512096e-02,-1.049858401809243280e-01,-8.050990200673778519e-02
-3.772370731364729779e-01,-7.866513511796420222e-01,9.211592987431896362e-02,5.067583684461064719e-02,1.470876405819790400e-01,-1.256662655800911965e-01,-8.082431206042902522e-03,-1.489995920735650292e-01,6.712850151263116683e-02,-7.085969969317866546e-02,-1.847641923084357984e-01,1.484156244978405703e-01
-2.073351155099524834e-01,-8.137861196097890826e-01,1.753652103574498966e-01,1.002062843729492198e-01,1.277190053195016717e-01,-2.400780715702267032e-01,4.981143804026758048e-02,-1.367296646265978577e-01,-1.203923327304177310e-02,3.339124390434099199e-02,-2.406405834782597009e-01,9.006086657718288813e-02
-3.214198247406351294e-01,-8.030103286364375093e-01,1.874909972131119651e-03,3.804840528997877058e-02,1.212587753333962959e-01,-2.280885763705270408e-01,4.170980825884998411e-02,-2.575805907227521896e-01,6.961724460780890911e-02,1.384976389954512832e-01,-9.315284042785940133e-02,3.043449257813901632e-02
-3.435858065948967921e-01,-9.062443642411767142e-01,1.284248828032772960e-01,6.070098130953559268e-02,3.283403353291446392e-01,-9.206878967312540074e-02,7.487134400664674505e-03,-1.089884896834992789e-01,1.183385266531661317e-01,1.501830552517879336e-01,-1.500354513820802149e-01,1.476914434898223827e-01
-2.079821215991979888e-01,-7.870689093938962877e-01,-1.177717024462954926e-02,1.576007104938301207e-01,2.830114293342087528e-01,-6.957038689376159046e-02,1.398110371751971059e-01,-1.553245379299449114e-01,2.030102003341538730e-01,5.215826358614912561e-02,-1.377115746201963420e-01,1.923614721068822031e-01
-3.510797026680955724e-01,-7.676205231403862017e-01,3.852994076744434976e-02,2.020599327318070015e-01,1.701264905468199973e-01,-8.787922867834307983e-03,1.236011256559606947e-01,-1.550918827158009605e-01,1.290208218596839429e-01,6.741644178985849167e-02,-2.385073467665825286e-01,1.386370320818755830e-01
-1.998592264070138125e-01,-6.702387109415752775e-01,7.057240327503261357e-02,1.789045027391276410e-01,1.396131886391779042e-01,8.135198282245439949e-02,5.482997039870207701e-03,-3.328399904802482601e-01,1.617778394274849152e-01,1.994472694235515375e-01,-1.685588414260861534e-01,1.541227403993224720e-01
-3.726436020277018590e-02,-8.312548591785573482e-01,2.061188521267384721e-01,1.228466197831345197e-01,2.378013609555060248e-01,1.743487242789019120e-01,1.525100622317210053e-01,-1.824612710082818834e-01,3.090800352283596397e-01,1.775446495699554150e-01,-1.704277282334475396e-01,1.545736856292108663e-01
-5.823757783669918087e-02,-6.639950236926611682e-01,4.470638747424073023e-02,7.328574387619395114e-02,9.232769016766242953e-02,1.359544259504476271e-01,1.624760475435746143e-01,-2.165507287468355913e-01,2.342436449575588941e-01,2.300725562760056742e-01,-7.990316607592465314e-02,1.460577274075446630e-01
-3.899064764461442761e-02,-6.069799047986578211e-01,8.881593822714690944e-02,1.469885762964615039e-01,7.796012383919573296e-02,1.694462249641233709e-01,1.723355093243137959e-01,-2.825445088013783246e-01,3.411734111822708471e-01,2.003939533690206609e-01,-7.672308569113203691e-02,7.635490290831008220e-02
6.076480038981987158e-02,-4.866312470263947643e-01,1.205495304929486144e-01,1.005408532414598932e-01,-9.290146260923980159e-02,3.042519160387344712e-01,1.760370738016562298e-01,-2.359540779993468673e-01,2.265474082399890343e-01,1.985671460960151402e-01,-1.209868893563902509e-01,4.249835790316102563e-02
4.006920813134963455e-02,-5.107750197976754780e-01,2.327097597925155137e-01,2.311101096316112158e-01,-7.282097834922934831e-02,2.356516672099617515e-01,1.105765895313615688e-01,-2.386776384260194672e-01,3.449168808820218812e-01,2.552665538982853977e-01,-1.816954115663614866e-01,6.838035218300178575e-02
3.450740687364003967e-02,-4.268630380281663306e-01,3.626044509934922555e-02,2.847850289950566993e-01,-1.065841548180284371e-01,3.343159220894297290e-01,7.509389086195132623e-02,-2.615916458739706019e-01,1.795020554465409923e-01,1.754018858705259643e-01,-2.827626770300258330e-01,1.207402345565181667e-01
1.117921389119198167e-01,-3.071248582330848853e-01,1.306263217315958847e-01,2.811351697233409608e-01,-2.291422961506443257e-01,4.166259287667494204e-01,2.210615362128332262e-01,-1.716372714410607514e-01,2.791095700839881233e-01,3.035163741615604094e-01,-3.158988260238261292e-01,1.178740655625545560e-03
5.410487862944235449e-02,-2.990812764391402312e-01,1.371593588553760013e-01,1.205902942171252906e-01,-2.275263735664238840e-01,2.781128352437279294e-01,9.224417958458028255e-02,-2.629615205302049397e-01,3.001537065849666508e-01,1.921223976332758765e-01,-2.282059645378406998e-01,7.197756946246000598e-02
7.612355363219619475e-02,-2.805098002154730041e-01,1.304626050232891576e-01,2.136987202117456852e-01,-1.179086832063616225e-01,3.320814740541009336e-01,8.736537254356846471e-02,-1.266392341860905213e-01,2.284081287260724680e-01,3.541573244938692744e-01,-2.917619568924257889e-01,-8.422741776176641271e-02
3.848751239311741512e-02,-1.406533317078671741e-01,-5.739607478673638963e-02,1.804884119984516422e-01,-2.163157968958342170e-01,4.186144343842641558e-01,9.172804589810934495e-02,-2.040602308306169732e-01,2.114715522031027639e-01,2.409403577773732985e-01,-2.828516483141455540e-01,-1.599306529318533510e-01
1.783611833058200424e-01,-1.522654579331329631e-02,-1.034344826611544588e-01,2.445850621717537976e-01,-2.376616562191192772e-01,2.958369939243480906e-01,2.495035428309116399e-01,-1.219299382138045590e-01,1.371811292431208973e-01,3.986193480360605279e-01,-1.628790200660666376e-01,-8.664840364506384840e-02
1.330504249123341254e-01,9.097771175653804332e-02,-9.725396299611700768e-02,1.376435235545400704e-01,-1.959121950367061771e-01,3.874102893499585254e-01,8.891822977000886363e-02,-1.642735222956950569e-01,5.546374396001382823e-02,4.170437559300790853e-01,-1.283769470192517859e-01,-1.946997077114523966e-01
6.187619382835218146e-02,1.197217972022207866e-01,-5.931361618900000965e-02,1.695466449642490936e-01,-3.019618938999374391e-01,2.196940946362012093e-01,1.795060781092103208e-01,-1.589305606035132101e-01,1.758265906164571124e-01,3.436449755326974609e-01,-5.583732763848354985e-02,-2.036229297028196716e-01
-1.444619399364124694e-02,2.507940523924145904e-01,4.763939297729676003e-02,1.435749016106921960e-01,-3.553188775256580501e-01,3.715809380204756485e-01,1.184774646299502771e-01,-1.708490493059498794e-01,3.701394274896958880e-02,3.062450178672869727e-01,-5.755683827840379213e-02,-1.829072741537088043e-01
-8.692711945956405062e-02,2.161197396651289293e-01,-1.051209420495806401e-01,1.287015717192113717e-01,-3.769967117136630019e-01,3.075315629968018438e-01,6.483109663103536757e-02,2.067001121709123590e-02,1.239178694129750014e-02,2.890477020576161515e-01,-9.882240593555566277e-03,-1.462498648355941011e-01
-1.949109026733984729e-01,4.616569055360596474e-01,-6.419291557506505430e-02,5.758330426881880237e-02,-4.480940138156017105e-01,2.974500641985166616e-01,-6.650329136817983988e-03,-1.635058221181828753e-01,1.668459426310297533e-01,1.527897620210924845e-01,-8.187179504088112902e-02,-2.538705876245214155e-01
-1.660654901660134075e-01,5.191035121009781594e-01,-4.120581526805040459e-03,-8.956640282587080559e-02,-3.136595710365631673e-01,2.852348494544851842e-01,-5.256963905806563697e-02,8.482607057890251268e-03,7.055302873159352561e-02,1.499049035565207799e-01,-1.097741887744873995e-01,-2.702056648125997773e-01
-4.040600156400487863e-01,5.883767086459857909e-01,8.969891808508898001e-02,1.017946332083290162e-02,-5.306148680212730007e-01,1.205576174970434400e-01,-5.313181966265920209e-02,1.017313295778946858e-01,1.801167745102916912e-02,1.724162578121053446e-01,-1.849945260954469206e-01,-1.941566555858111331e-01
-4.656278960462475469e-01,6.986797409375403722e-01,3.462587681999612643e-03,-1.331282583514545315e-01,-4.372649373698581643e-01,2.047504041728927526e-01,-1.290784422056454606e-01,1.156828517379928645e-01,8.985559094435302541e-02,1.074974167548607695e-01,-7.775433207586376905e-03,-1.833737729013128204e-01
-4.349623108703477015e-01,7.289506277317987504e-01,-1.257703309327675226e-02,-1.547185607336183655e-01,-3.646895926804734067e-01,2.085476237032466429e-01,-2.136503775406333738e-01,2.584379929950849503e-02,-1.199966559230021546e-02,3.594094158923809290e-02,-9.308859637778017782e-02,-7.493503167657505903e-02
-4.665841559623921109e-01,7.754416172052501777e-01,1.000646213140418406e-01,-8.297816206013226836e-03,-3.104652474299999243e-01,1.220565012150905126e-01,-2.648436604430258190e-01,2.066591210612758744e-01,7.607135506312619200e-02,4.787146850496570849e-02,-1.618859581173844320e-01,-1.525725595933380696e-01
-5.385245854651246056e-01,7.356026736841604352e-01,1.882934919634510207e-03,-1.744239619501665728e-01,-4.113544819501787631e-01,8.574168286151793994e-02,-3.319089438418953986e-01,1.934253735879684077e-01,-3.715234596296171365e-02,-3.338737259683741132e-03,1.225666190323759785e-02,-2.429068919069408139e-01
-6.108979175164610531e-01,7.370626780682340007e-01,9.708616798496857991e-02,-1.900181931270149283e-01,-1.974815954607694046e-01,3.407573817390234516e-02,-2.304434436766289451e-01,1.671974328991334413e-01,4.871013423839148232e-02,-2.430940591614838553e-02,1.766534738549226102e-02,-6.753432173829927720e-02
-7.689485979863566190e-01,7.333146457746676505e-01,4.412306964739212689e-02,-2.808623486770607802e-01,-2.439294806719260189e-01,-1.006928436387872910e-01,-4.664570580515307041e-01,1.334354783048272708e-01,6.822285573438446882e-02,-1.006690869054659154e-01,1.988557299123884861e-02,-1.639976083951558139e-01
-7.061894800536373529e-01,5.925285938609442526e-01,7.126493644977709152e-02,-3.030683964738142278e-01,-1.226934815543851975e-01,2.808124416570863605e-02,-5.388683245595491389e-01,1.201866055596391564e-01,6.599122280096250681e-02,-1.628343642949955095e-01,-5.353668003632489070e-03,-7.714465873887903224e-02
-7.536280140009385953e-01,5.020407934347351775e-01,1.054795463212130774e-01,-1.983626082212979480e-01,-1.135942688425294889e-01,-3.297686337969971820e-02,-4.667090739562612112e-01,2.298250096639408158e-01,1.834848861534600917e-01,-2.329719412256693600e-01,7.573273566165580895e-02,-9.826083838512328361e-02
-8.727841056175861256e-01,4.794078146529585638e-01,2.128897933577645896e-01,-2.198185121033815748e-01,-6.827005154152701594e-03,-5.972448572318226484e-02,-5.440539834727945445e-01,9.380952101369292861e-02,2.709085683882399564e-01,-2.996139344108390001e-01,6.014045112958039951e-02,-1.575526540289250987e-01
-9.077776144383556955e-01,4.211390948673826573e-01,2.470042899053919161e-01,-3.007975582460453157e-01,-8.030257399970888721e-03,-1.239829232268541137e-01,-5.212709082869273480e-01,2.200560342017047477e-01,1.859216544983330333e-01,-3.227880687808868387e-01,4.070651452108905999e-02,-1.510006122380899984e-01
-8.743625378653168134e-01,4.136208834265599488e-01,2.666523002899995887e-01,-1.742907992997853595e-01,-3.558793402453813010e-02,-6.083632866133939499e-02,-6.326689216556077300e-01,2.120101229410337185e-01,2.088843396145930176e-01,-2.602966556096526496e-01,1.964958318998090148e-01,-1.352957155596132000e-01
-9.054418998059552415e-01,4.245308419476996331e-01,1.966315028588941360e-01,-1.852129258401497558e-01,1.154385718610302924e-01,-1.215635789126049138e-01,-5.504590645278534256e-01,2.353671384860137605e-01,2.348783720595629121e-01,-3.333971730975209269e-01,1.307238644040016884e-01,-3.193029846532571131e-02
-1.040955567606473453e+00,2.346805765672939914e-01,2.419391533658701021e-01,-3.025494609747920727e-01,1.182697503887042145e-01,-1.457968699979386162e-01,-6.410941595482626543e-01,-2.026471128868382460e-02,4.602107356237881142e-01,-2.810493073002900410e-01,4.089314229281035273e-02,6.871555589283159793e-02
-1.020856173120441301e+00,2.197853047588394504e-01,3.641887996565190688e-01,-2.639472175879770122e-01,2.009907928209432038e-01,-3.229740592253850517e-02,-6.669561994896779922e-01,9.322753785665646720e-02,3.744858266898178911e-01,-3.250598669234722737e-01,2.546535404203777997e-01,8.016796828149777565e-02
-9.459789826146027814e-01,2.297336444402760247e-02,4.079177372730175000e-01,-2.818816181441050062e-01,3.057298007303301812e-01,2.115569322842486555e-03,-6.396606565896753027e-01,1.010058220055715106e-01,4.612777635011443556e-01,-3.056397698820931819e-01,9.201414918652982278e-02,1.174305760022180123e-01
-9.119558302437893449e-01,-1.025625499746520564e-01,3.364580399095861707e-01,-2.878620086160043057e-01,4.102404405830569756e-01,4.989235065640768019e-02,-6.954605093501323720e-01,-3.232749850188110924e-02,4.747577488197907147e-01,-3.201889146018556120e-01,1.118239081154220466e-01,1.429724673671306234e-01
-8.284286143838393013e-01,-1.182150680987054531e-01,3.072239767553767154e-01,-2.631801236115166587e-01,3.178365465325921901e-01,-1.782347575094260853e-02,-5.357844874981602112e-01,-1.459719341301162210e-01,5.322460186694627504e-01,-3.791661059142580892e-01,2.012693277570450079e-01,1.431514138232880540e-01
-7.871799761836532072e-01,-1.491234327232534573e-01,2.350038149708204571e-01,-2.966362967424993613e-01,3.637685498430104358e-01,8.958415831942755092e-03,-5.644542026619235875e-01,-2.069998204474221837e-01,4.502679766497655334e-01,-1.770237070387282174e-01,2.634927381387497380e-01,2.001134311109523667e-01
-7.248353229449172597e-01,-2.602057192001304142e-01,3.199947633240879941e-01,-2.706035629760854544e-01,3.963995051753694820e-01,1.776813280876848866e-01,-5.430491940687186547e-01,-2.774336944927591753e-01,5.367202071085104276e-01,-2.216413940022244344e-01,7.333642666204748251e-02,1.625670522596540379e-01
-6.308296199979153140e-01,-1.923227663196957760e-01,3.251628714401061382e-01,-3.495651136077750909e-01,5.169901211832643728e-01,2.486180006272398213e-01,-3.849086472737098252e-01,-1.890479359261181269e-01,6.062209827456336297e-01,-8.510262265378067126e-02,1.990227774712503561e-01,1.340104754457454583e-01
-5.362794623307751696e-01,-2.780584109926702019e-01,2.048674837628533252e-01,-2.362430414792518196e-01,5.856623414102029024e-01,7.672262868935467162e-02,-3.264796955445304349e-01,-3.587244403190030240e-01,5.752606872447951769e-01,-5.669356837213734845e-02,2.042501526801868694e-01,2.608687376452802353e-01
-4.043577150291409739e-01,-3.086933193731715153e-01,2.910465900813427043e-01,-2.397923520791247487e-01,5.519986358822256411e-01,2.430676831985841280e-01,-2.901691626089457077e-01,-4.019123169899398440e-01,6.378951925105293963e-01,-1.527755618899700463e-01,1.121869181314076452e-01,1.299613140400903699e-01
-2.728603140412104722e-01,-3.531164846916845512e-01,2.447126014030761021e-01,-3.362022012783049130e-01,4.679223136747782674e-01,3.015649808471612126e-01,-3.107559966557156272e-01,-4.952591537082086104e-01,6.904151343524210782e-01,1.749903753265431849e-02,-2.101302712011225704e-02,2.647559030213512687e-01
-2.006930356198747267e-01,-2.223589266528802899e-01,6.953227631996442004e-02,-2.163423856298245518e-01,5.363937848781237250e-01,3.507460137850976767e-01,-1.673090804022480116e-01,-4.041267804750572901e-01,5.700692115926281334e-01,5.129949455761734223e-02,9.715761560312982659e-02,2.861629653418862329e-01
3.459396833079417255e-02,-3.467868220439487281e-01,1.528962126193610660e-01,-1.322719117252752485e-01,4.243847821172206380e-01,4.111691173458856818e-01,-2.944722639516256929e-02,-3.101619958690235435e-01,6.378176451001098535e-01,8.834010960032480375e-02,-5.663161373653790437e-02,2.692400899917518631e-01
5.371639593607158147e-02,-2.301201349937128104e-01,1.164354027969815436e-01,-2.691537590571582150e-01,4.225396291217376477e-01,4.735346870805340336e-01,-7.490040392748632814e-02,-2.635193591678850478e-01,5.716352348262477845e-01,4.324103571713727723e-02,5.791698446935918121e-02,1.800673782245441057e-01
1.240264093583428179e-01,-2.324803072249072844e-01,2.147644997898871810e-02,-2.221821818071491317e-01,3.192969652112928602e-01,4.533867138747263437e-01,9.409129663686610634e-02,-1.440448520841036972e-01,5.769663916173851659e-01,4.085599626494006154e-02,-6.632984204896846814e-02,3.086179136103546772e-01
2.617329054706182268e-01,-1.520081585938550806e-01,4.361772766236672594e-02,-3.361545206402031805e-01,3.143686115486085120e-01,4.989419602318070357e-01,8.147769220714852489e-02,-1.273147389513689109e-01,5.420138033250873066e-01,1.699414880524388050e-01,-4.649016810448308723e-02,2.709476414398429567e-01
3.178044392163137943e-01,-2.290567184167144887e-01,-1.036407182385392506e-01,-2.158962145225404583e-01,2.726489110864087073e-01,5.894588819121039380e-01,1.794976192610319432e-01,-2.405564113434711659e-01,6.280461052474312078e-01,1.470110357894593434e-01,7.132135331228536823e-02,2.300480778783113855e-01
5.777367489033486958e-01,-1.997748478392618598e-01,3.833687464690865854e-02,-2.235002586687248882e-01,1.525350955574283907e-01,5.258320536175211668e-01,1.211711915942594170e-01,-1.153937963016557766e-01,4.251945929873289787e-01,9.104101024181199264e-02,8.897963055675188471e-02,5.112403707760947158e-02
6.777617850643156139e-01,-8.228060354671751231e-02,-1.251580753565870729e-01,-2.180631131486896468e-01,2.152010810991741574e-01,7.364047934971711395e-01,7.956361650250513839e-02,-9.933974169789190622e-02,4.696966033958841491e-01,1.083034503861889652e-01,-4.948770546641054202e-02,2.015232486312458771e-01
5.861973317107005421e-01,1.081079503988461449e-02,-1.349728008800017698e-01,-1.965873835252855972e-01,-9.195256626117330467e-03,5.861248128569616078e-01,1.327318649750405255e-01,-1.221124313117944588e-01,3.420050493406868730e-01,1.695380311984076294e-01,-2.355853542492454891e-02,1.535262601823227935e-01
7.641516036275330936e-01,6.208797828091497384e-02,-1.620413822851262953e-01,-2.493965314788118282e-01,4.772033705938685810e-02,7.038115309122970897e-01,1.422054894541844583e-01,-1.426986655706304896e-01,3.939443208445516653e-01,4.776542636843376238e-02,-3.581762304386078288e-02,1.740092932622136490e-01
7.617970523284951501e-01,3.405239062676317374e-01,-1.840192940141885947e-01,-3.413020312763072606e-01,-9.249777310674024700e-02,5.595861483441056938e-01,2.252307016886124780e-01,-9.840384941203063340e-02,2.428642103554086995e-01,2.818249136062582136e-02,-6.707753887148788785e-02,5.565277057236418107e-02
8.957437947972197723e-01,3.442365517514215378e-01,-2.039133705126887908e-01,-3.340955173869017414e-01,-4.522227148666096985e-03,5.207600931482709861e-01,3.134432470152527239e-01,1.405132214074118757e-02,1.621990595861171613e-01,7.448401735751450370e-02,-2.078201567109243530e-01,-1.072281235793357268e-01
7.497761104424092160e-01,4.017735442467875173e-01,-1.369894391984702864e-01,-3.158366622291903791e-01,-5.180749591569494550e-02,3.820319783070557640e-01,2.349886830180037411e-01,1.710720901736295096e-01,1.208752987608972262e-01,4.235379556059999315e-03,-2.932593704898438514e-01,-1.181986626971850973e-01
6.818592995746882712e-01,4.137358250059124387e-01,-2.818163492932604930e-01,-4.371926806753834160e-01,-1.925705883123630113e-01,3.455884489683481720e-01,4.008705460583997793e-01,2.483279225199410689e-01,1.870600642233023747e-03,-2.532779060436080032e-02,-2.329240623076474781e-01,-1.790468049137344253e-01
8.195673206480290629e-01,6.391438204123061073e-01,-1.869394678376723462e-01,-3.141016033146392106e-01,-6.300296330423080238e-02,2.404212112344458196e-01,3.412852575506621911e-01,3.335407320350924354e-01,-6.626675127158004885e-03,-1.150268483536668329e-01,-1.037197335011516841e-01,-1.816671785107940029e-01
6.048317188111359544e-01,7.225277887974431712e-01,-3.295169765323123778e-01,-3.093378748541376067e-01,-1.119519329700446736e-01,3.187301129864232863e-01,3.283959721483104000e-01,2.410570978815195220e-01,-1.704756897043043506e-01,-1.296950599519141600e-01,-2.239487364595979524e-01,-1.207427211621023844e-01
5.677866450069456450e-01,7.944064728140078913e-01,-3.433424778145325318e-01,-4.137202994337504380e-01,-2.146425908180357722e-01,2.706972375975920664e-01,3.118471913130324014e-01,3.273907383532561055e-01,-1.465415332452406072e-01,-2.732255497724411786e-01,1.031221868698932453e-02,-8.619393658182791795e-02
6.398719919552641189e-01,8.701873609763880468e-01,-3.576183995764928292e-01,-3.461666667311433243e-01,-2.308738092221874483e-01,1.977390223056595120e-01,2.016880425198983029e-01,4.888755366079020614e-01,-1.143659011098246137e-01,-2.220014718435027734e-01,-1.781979291746912386e-01,-1.668519685992962132e-01
4.584962512457358419e-01,8.801994897625935454e-01,-1.797015560114359478e-01,-3.977896631202775812e-01,-1.289249870164055622e-01,1.957577256211726346e-01,1.955675663969478617e-01,5.725387558382852848e-01,-1.601103538846855856e-01,-2.906310205904772959e-01,-1.047461238077005974e-01,-1.562628545132326852e-01
3.516336535659970730e-01,9.359226583870396965e-01,-4.107327335232945353e-01,-2.855940967720885793e-01,-2.281788638292887861e-02,1.833721915170297978e-01,1.742044784925101952e-01,5.400233947752917096e-01,-1.345924475054046110e-01,-3.417457033610843964e-01,-1.203658122445152023e-01,-2.345918900839468191e-01
3.398170885134910169e-01,9.520142037170328253e-01,-4.328115827184246811e-01,-4.093470267557830500e-01,-2.091885807240305775e-02,4.151402936408214034e-02,1.333255806595016191e-01,6.125132644045380159e-01,-2.073391075444557807e-01,-4.034248329632962315e-01,-8.438572172710670505e-02,-3.275009772623544424e-01
3.428481282754770598e-01,9.425200181623493156e-01,-2.944751420905957207e-01,-3.726743727271755735e-01,4.890279073332742810e-02,-1.451885977080046020e-02,-2.399916111685177281e-02,7.649416375836948223e-01,-8.218955754671224134e-02,-4.127699744757621914e-01,6.866634954376052424e-02,-3.077264614909641649e-01
1.097894463678089211e-01,9.329252994032959379e-01,-4.103462647242965278e-01,-3.177688554875937599e-01,8.653140406650078331e-02,-1.062311599325044820e-01,-2.014845161174952382e-02,7.401870882031938992e-01,-1.073657528804351224e-01,-4.315037680323001723e-01,6.335009095560986681e-02,-3.407053911149323655e-01
-1.101705204324646692e-01,7.881008595853807863e-01,-3.522005835321088130e-01,-1.901175983194140495e-01,5.515776964898837231e-02,-1.522992346301833000e-01,-1.349561144014986558e-01,7.748930240190032848e-01,-1.659182966611995047e-01,-5.074427493038968784e-01,6.318833056675890458e-02,-1.828903825478349343e-01
-2.081581965801272416e-01,8.813138926663102168e-01,-3.326658235046435208e-01,-3.314955496391477352e-01,1.119341135278470456e-02,-2.989264070300366449e-01,-1.798489080892516356e-01,6.739942473158110348e-01,-2.793841888157528874e-01,-5.872136937829619541e-01,-1.660234641178919002e-02,-1.906756744345881882e-01
-2.717174874138765239e-01,6.525733997346908621e-01,-3.217980318284516250e-01,-3.196999282764007022e-01,5.679704365123003362e-02,-2.773398326043940987e-01,-1.523152153207986692e-01,6.278097209752925290e-01,-1.415340036813061697e-01,-7.517058670321662417e-01,8.056634849526735087e-02,-3.010027690645286635e-01
-4.259403144917683903e-01,7.754768282197597173e-01,-2.982490487282449809e-01,-3.351940528366148531e-01,2.153834165107240961e-01,-3.025297451278748939e-01,-2.508350521554116863e-01,4.997286680878824106e-01,-7.728590425050473056e-02,-6.598572036124459306e-01,1.705370681521662934e-01,-1.367566017803481526e-01
-5.270078127819837199e-01,6.774551881712019830e-01,-1.772502474612657475e-01,-2.882311711629443329e-01,2.857019698482817227e-01,-3.898041487690551699e-01,-3.648257957661554252e-01,5.494313881804366861e-01,-1.016704349579305999e-02,-8.019296117306476956e-01,1.661043863532757348e-01,-1.992943645600175895e-01
-5.113455610708580457e-01,3.617024552144469940e-01,-3.226552978113665926e-01,-2.088890235409175122e-01,4.088512903637204210e-01,-4.922267226590085754e-01,-4.975948736747709544e-01,4.614242091283183855e-01,3.681421176713007420e-02,-7.840795122525057170e-01,-1.291452405067000653e-02,-2.634970267920364595e-01
-4.191405840936772154e-01,3.656029746353013365e-01,-3.278489872827832219e-01,-2.259054904668117980e-01,3.521072340365803410e-01,-3.773866837429055154e-01,-5.779765159383311035e-01,2.765186637781091861e-01,1.199175377405761050e-02,-8.699323187816038194e-01,1.167107707374076542e-01,-1.220063396210510770e-01
-5.510961564706109428e-01,8.720751928674375097e-02,-1.805394917769482521e-01,-9.166788881590061389e-02,4.505189226809084291e-01,-4.210716909695960131e-01,-5.179453922314685155e-01,1.445285657976698723e-01,4.891518348010806538e-02,-8.490856796937692463e-01,1.909912299369545541e-01,-8.586205642979859165e-02
-5.280045084459152882e-01,-4.183272104768753774e-02,-6.470227598829265958e-02,-3.239326445761969708e-04,4.753258354528918095e-01,-5.682896650920851167e-01,-4.649239812886552525e-01,7.607968746689572348e-02,1.339741078856446777e-01,-9.340146146502514846e-01,1.060496804886640332e-01,9.181639143288966576e-02
-5.827629627727933803e-01,3.357878501414301997e-02,-1.438727967036641520e-01,-6.044102929242577138e-02,4.733432641180979616e-01,-6.063095099832493950e-01,-5.483082379650352500e-01,-7.800427342196360192e-02,8.964490113590903309e-02,-9.043515823102719065e-01,2.154626989258112690e-01,-8.828708454561694230e-02
-6.293470913554514157e-01,-2.696498248086895977e-01,-9.520675063525586845e-02,-6.368043873591192061e-02,6.195838888836165959e-01,-5.195770039973748311e-01,-4.263624410695405209e-01,-1.688254093737868722e-01,1.165674479179683587e-01,-9.040464602571056663e-01,2.586236804607717765e-01,3.129063290098489658e-02
-5.508692664368328717e-01,-3.656058342043231879e-01,-4.129094168054494446e-02,-3.082166196384136109e-02,6.296226622474460077e-01,-5.751356000452683137e-01,-4.670983289691876261e-01,-6.195554677677643507e-02,9.164793848085989181e-02,-7.966352725629251008e-01,2.891122647573008408e-01,1.079979584045734353e-01
-4.464516602463590167e-01,-5.012262880652613717e-01,-6.460777978426773815e-02,2.049305644473587151e-01,5.955619492046216878e-01,-4.558675849688846871e-01,-3.361266855329014258e-01,-2.045176563683822890e-01,4.742760094915876579e-02,-8.282940239544009930e-01,7.334203010039169746e-02,3.233934770971697709e-02
-5.396699570716041450e-01,-5.353182775716637254e-01,1.056496587489591521e-02,1.206774654338679809e-01,7.214738502712990664e-01,-4.243169654742834362e-01,-2.522883076740559671e-01,-2.629537867686770891e-01,1.321115280444686291e-01,-6.383897108074576554e-01,7.015103701538147329e-02,5.530156740010810923e-03
-4.331613090299810120e-01,-6.535533617578170862e-01,-2.210477380973685166e-02,2.081481273797747278e-01,7.426907254030649108e-01,-3.954226769967156274e-01,-3.691647035411977917e-01,-2.931499886046984304e-01,1.192297843215050085e-01,-6.309184593741866687e-01,6.480303661801448123e-02,5.735059927833112414e-02
-2.034771254424354303e-01,-6.810331316720497075e-01,-1.059275489928737379e-01,3.465556210086584987e-01,7.088371077506047113e-01,-1.948798906221361205e-01,-1.835823632582307408e-01,-4.230843334202624151e-01,2.056658693523037984e-01,-6.689805077580301962e-01,1.051470015931121466e-01,1.292820002628789489e-01
-1.395156033673094764e-01,-8.059938427547311823e-01,2.178853115784544492e-02,3.432134306936013846e-01,8.087104377532270405e-01,-1.577512319314881561e-01,-1.662770091729723898e-01,-3.694324336473698289e-01,1.643001338408560663e-01,-3.837278954600205627e-01,9.352668861891189067e-02,1.229754684197952169e-01
-1.597257001369837282e-01,-9.155680471576463919e-01,-8.491093635396436412e-02,3.877157811074122828e-01,7.780596632586811445e-01,-1.053799414892457043e-01,-1.000589401891295305e-01,-5.516976215521930405e-01,5.612543699762687077e-02,-5.131158666003958757e-01,-1.959537852366126376e-02,1.640581832372089433e-01
4.551225033925705016e-02,-1.022979444711243469e+00,-1.708930611800240917e-01,2.927543585103342672e-01,5.555047905033835276e-01,2.449479122738534853e-02,-5.441482968345779520e-02,-4.308627891292642897e-01,8.124845846326289589e-02,-3.736436094344076642e-01,-2.993010282708295777e-02,1.046000234353750835e-01
2.282685373000306606e-01,-8.664836625970383510e-01,-8.794146843625215426e-02,3.271404229498297012e-01,6.181833130725916670e-01,-6.782519190389696417e-02,2.257804064317648837e-02,-4.580264080864068221e-01,7.162433986858014745e-02,-2.400998530660672092e-01,6.452999915933535502e-02,1.461218207233295763e-01
3.686274985155416628e-01,-9.350441047057989064e-01,-1.916658426362903567e-01,5.001728223549611885e-01,5.181436671411564499e-01,8.452324933156044051e-02,1.522129103386648530e-01,-4.720576327577764575e-01,2.481736263794779088e-02,-2.573501062264829664e-01,-1.550718459570938623e-01,2.321375610274136747e-01
5.132732478182685520e-01,-9.525991767676467159e-01,-1.194889978107311901e-01,5.311850544600404955e-01,4.768737895720131514e-01,3.492532490994099126e-02,9.403508160613019418e-02,-5.423899076703417865e-01,-5.687893896486141687e-02,-1.230159308827148273e-01,-1.093194575547641184e-01,2.695202343324520911e-01
6.102311682224648148e-01,-9.460104374993256737e-01,-1.478612882505905279e-01,3.582215044111866087e-01,3.363725680139683094e-01,2.333549577920575324e-01,1.830863739333333517e-01,-5.004049468283935376e-01,-1.594582585127915231e-01,7.837832502125277601e-02,-1.482288231276024382e-01,2.966347914795524621e-01
7.000479450604069065e-01,-8.929763094751512753e-01,-2.744855410804138973e-01,3.617454918548073106e-01,2.995001822878223252e-01,2.086629102662429791e-01,4.078252533223793996e-01,-4.092851431080132274e-01,-7.250764866595935110e-02,1.551941792171493140e-01,-1.173236962780353498e-01,1.706594922157025074e-01
8.605833431842915271e-01,-7.268332683475440259e-01,-3.431785824211026070e-01,4.433945319449396072e-01,2.822156491952190205e-01,2.362206025742136783e-01,4.796555884087216892e-01,-2.720873180550342774e-01,-4.575121076487154159e-02,9.478323398789020859e-02,-1.365070999503378291e-01,1.484877627222849217e-01
9.460723373738529896e-01,-6.685178016654531596e-01,-2.715720813766007158e-01,3.736963086996418215e-01,2.775265102772495607e-01,1.718134512445563533e-01,5.017134652927625060e-01,-2.168588285930664328e-01,-2.860661985238620586e-01,2.684108801531820410e-01,-1.765846451863847255e-01,2.498713847794436782e-01
9.503035120623781751e-01,-6.684327822516736850e-01,-1.693407546303069278e-01,2.049269021505478183e-01,2.139340101094075186e-01,3.240051575641154646e-01,5.347434878779908640e-01,-2.531313805509642911e-01,-3.078802503887678732e-01,2.564610318280011736e-01,-2.733630763895417148e-01,1.252441344961718883e-01
1.089373969137002796e+00,-5.912920600981798058e-01,-3.438075110046854843e-01,2.921926350827970809e-01,-2.287303472931386666e-02,1.405607003694581969e-01,5.498980740274987955e-01,-3.132387322198473822e-01,-3.270861130634249991e-01,3.351764670907737553e-01,-3.371353454086772339e-01,1.095030097756136966e-01
1.012176773991877665e+00,-4.454421338436520550e-01,-3.569829295283828419e-01,1.359017449403697730e-01,-1.406520659477846213e-01,1.927510174800953768e-01,6.511849166554821711e-01,-1.543929946768170525e-01,-3.728152933134125657e-01,2.485751185705991628e-01,-2.830354061764687179e-01,2.055656387299316656e-01
1.047631078316030084e+00,-3.035110338502480798e-01,-2.970347688489637927e-01,2.245020247992698392e-01,-8.611308167014120052e-02,3.118030598192943481e-01,6.948355020312196872e-01,-1.570257639527722071e-01,-4.414620654675361355e-01,2.400124236019196278e-01,-4.321111181277332847e-01,1.094753656004808090e-01
1.212364510222044611e+00,-2.897730533151201548e-01,-2.707723848898185848e-01,7.753233020708594214e-02,-1.786122367298294544e-01,1.362268373593722159e-01,6.408703955820843623e-01,-1.110917762909495871e-01,-4.993058157208667969e-01,4.161554795088809877e-01,-3.791453067516432629e-01,1.667430654454546413e-01
1.086605809458077720e+00,2.397329646913078094e-02,-4.049521054873308490e-01,1.158126280746490377e-01,-3.904429440492621639e-01,1.788303683586719706e-01,5.442221642672645521e-01,-1.099396218863352842e-01,-4.725582057947086412e-01,2.847556727740524485e-01,-5.264018524151438116e-01,-3.678331766299924865e-02
1.184998590335237800e+00,1.012903296931578906e-01,-3.872135383351208437e-01,1.139999513955310961e-01,-4.089320486972535806e-01,-1.111470101430296620e-02,5.836444200324432119e-01,-1.660586781152145058e-02,-5.156659144819022433e-01,3.718697397927535064e-01,-5.369023872548330800e-01,-4.258707505470284149e-02
1.053552312486231379e+00,2.003737119144054779e-01,-4.090923254793661923e-01,5.189575990366595420e-02,-3.755158693265032710e-01,-1.054163339904938684e-01,5.577395431167680995e-01,1.863471980726568444e-01,-6.063950537790012696e-01,2.422264054336492056e-01,-4.270514812037772279e-01,1.505403425105383830e-03
1.017448921587297717e+00,3.147937797134725546e-01,-4.017327377024248469e-01,6.656664776296039587e-02,-5.338300234021341462e-01,-1.937389778207303515e-01,6.787594494178308402e-01,1.857971831683268293e-01,-6.837656076324750698e-01,2.232281041976681424e-01,-4.082283308638379182e-01,-9.108516997370894042e-02
1.033236969335673106e+00,2.834823763248545125e-01,-3.559465018079190357e-01,-4.653973392110322127e-02,-4.682756596130625004e-01,-2.179979736232343090e-01,4.644083962315201930e-01,1.814038090153090588e-01,-6.742882572401445174e-01,2.731020299494544279e-01,-3.609171869405594646e-01,-1.226899273968548587e-02
9.498274339235270869e-01,3.839165164153259813e-01,-2.759635257930007080e-01,-1.047783871409908585e-01,-4.312431893955986917e-01,-4.295250277777989956e-01,4.635229052997416610e-01,2.649849975919818523e-01,-7.443417132684392312e-01,2.724559358641183426e-02,-2.344864768163084645e-01,-9.012926149368293005e-02
7.710321712943674077e-01,5.622744275717727058e-01,-2.617657572103317398e-01,-1.694851275031357130e-01,-5.898706806328609664e-01,-5.026932240400466823e-01,3.800231212067885500e-01,1.453139069926158711e-01,-6.799954389443949587e-01,1.119426305917439607e-01,-1.621258940564700990e-01,-7.914595752602034129e-02
6.653391101534491536e-01,5.618838912439418909e-01,-1.966122676799692826e-01,-7.585842678981349896e-02,-5.469081419017095547e-01,-5.521774891893551640e-01,3.999933115495589719e-01,3.251992841858740713e-01,-7.847907903102960825e-01,7.471066220023453441e-02,-2.223069997013615295e-01,-1.533588783603467287e-01
3.991500940050096702e-01,5.775232629243415294e-01,-1.493139686838280966e-01,-9.414036565060154849e-02,-5.000273219372377564e-01,-6.266060059985234520e-01,3.324034462083938490e-01,3.352789913514866993e-01,-8.305970278512854188e-01,5.551285236578992754e-02,-2.987889806606834897e-01,-1.490053627533261260e-01
4.223707999788706147e-01,6.889541028839807346e-01,5.226034805288166246e-02,-2.507139479114666725e-01,-5.565634990914112290e-01,-5.403738437449834286e-01,2.523869100707610835e-01,2.487046953637091218e-01,-8.392283656452453888e-01,2.257540253364262450e-02,-1.736227401310296292e-01,-3.598768060823824833e-01
1.938914903038843340e-01,7.820177194006691090e-01,7.070888284550914948e-02,-1.690880590624705415e-01,-5.284159458974478918e-01,-6.656383687851415987e-01,1.934244987163564189e-01,3.194229351555370466e-01,-7.583195689132440354e-01,-1.556761186343930403e-01,6.654607465165857105e-02,-2.970333851114718704e-01
2.144284795367640273e-02,7.571641345475750295e-01,-2.110089089865318374e-02,-1.233976290195203662e-01,-4.306245236383263175e-01,-6.900932230942140588e-01,2.695409729818692424e-01,1.113238391157506807e-01,-8.805839109388159391e-01,-6.166754291844175895e-02,-1.599301712724218727e-02,-3.714823530796293460e-01
-3.490961070030412228e-01,7.714023020889912985e-01,2.759218078713084055e-02,-1.656498299327997803e-01,-3.794262285753495223e-01,-8.852250479620645818e-01,6.528547510861518188e-02,2.881222511145425935e-01,-8.217268416586436253e-01,-1.133919417170826394e-01,5.859502147702377872e-02,-3.239626289213967669e-01
-5.249253290392121851e-01,6.264435239431979108e-01,1.204832232943221365e-01,-2.083780729172455548e-01,-3.464340524502960150e-01,-7.810185376597114093e-01,1.050938062159033626e-01,2.055784736299383630e-01,-6.293759081800816002e-01,-2.358800892850191899e-01,2.134707552280531162e-01,-1.785531388818450971e-01
-6.304693685032171091e-01,6.548754436286120528e-01,1.284097847851540242e-01,-1.874497640116044028e-01,-1.310641375754767468e-01,-8.662181965523516602e-01,1.210498585788158388e-03,1.260368384007647391e-01,-7.170725386002786417e-01,-2.405811274290260149e-01,2.639277702782896196e-01,-1.118929861549447097e-01
-8.326743456793096465e-01,5.368075397943889993e-01,3.382029307676484020e-01,-1.850601242973461957e-01,-1.003267955822256807e-01,-8.540291965702763166e-01,-7.342135612293203273e-02,-2.557787309940653953e-02,-5.654517563374118483e-01,-3.895528372845724063e-01,3.329560425641778232e-01,-1.120105140109657060e-01
-9.222988732480893459e-01,3.740256376775362157e-01,2.052657755641623671e-01,-1.645689254270191193e-01,-1.354066212659322255e-01,-9.309839216945762219e-01,-1.072692480866487552e-01,3.304396097530819948e-02,-5.007055154528492480e-01,-3.865825937489157926e-01,3.959985121883894954e-01,-1.591976229673205956e-01
-1.127932855385601840e+00,3.795270212372636731e-01,3.345469918419110011e-01,-3.796488757291376775e-02,3.788232426132389502e-02,-1.032361657542054001e+00,-2.622857846203183740e-01,-5.849943329759202393e-02,-5.255203520875885159e-01,-4.236588151710963812e-01,4.218716528836492508e-01,-1.201366593588011900e-01
-1.229878539450920183e+00,1.960610135371723683e-01,3.309159286191833971e-01,-7.612934548520677858e-02,8.515440707369924256e-02,-8.102671588157515092e-01,-2.316787751295432407e-01,-1.259210761242238463e-01,-4.898577923707543857e-01,-4.068903769085426836e-01,5.353767320814647457e-01,2.455830044597662187e-02
-1.266150478500883469e+00,2.055214727340265446e-02,4.971776275795905531e-01,-6.519516861647112194e-02,3.466505095499168854e-01,-7.966235173697621130e-01,-2.982487389729903682e-01,-2.441017831380661030e-01,-3.138802652517642677e-01,-3.144099538146516437e-01,6.258416374329444087e-01,-3.549660346911960584e-02
-1.523858012460745037e+00,-2.485657804821641559e-01,4.907061632327947565e-01,1.108006259544034311e-01,3.929002057807745585e-01,-7.525699792146016698e-01,-5.006772201005487144e-01,-1.664944485953738784e-01,-2.109720748459150697e-01,-4.592850093323649352e-01,5.368051901653585478e-01,9.962068767750194287e-02
-1.399012355003312003e+00,-4.132991850096283115e-01,3.537879024015768148e-01,1.000709048883686447e-01,4.430473541812748883e-01,-6.722351518194620290e-01,-5.436242806234350411e-01,-2.776893306947409990e-01,-1.940968499390001434e-01,-4.261212865844697939e-01,6.274076996582717003e-01,1.778632546611820520e-01
-1.415448982624466501e+00,-7.416120320461736526e-01,4.524714248895417290e-01,1.584030200089723284e-01,3.913642050352155177e-01,-5.772994108158765458e-01,-3.750861084447630334e-01,-4.375934082313353013e-01,-2.472978635969874106e-01,-3.627586222375985825e-01,5.923405455241037565e-01,2.801421179731483635e-01
-1.438377119467937559e+00,-7.530463758844789801e-01,4.616765093885697446e-01,2.510016190267739256e-01,4.216790758377910175e-01,-5.260150164015422458e-01,-5.681956879402860761e-01,-5.441628273183173325e-01,-1.231233333947347602e-01,-4.430581040008477189e-01,6.597321239019343642e-01,2.347329689082835458e-01
-1.305320321941487949e+00,-9.674165158079788274e-01,3.326380117563486061e-01,4.474444552675757580e-01,4.578864315842545718e-01,-3.224359712447049664e-01,-3.870105866788422500e-01,-5.988710657651620251e-01,1.160278441081131345e-01,-4.141782997436105340e-01,5.305673674502625614e-01,3.581908897942460701e-01
-1.384737797393522429e+00,-1.048074440814771080e+00,3.588178062401794488e-01,5.231878492780845935e-01,6.373097883953433573e-01,-2.816827565229315655e-01,-5.271676977919361740e-01,-5.949495384058900438e-01,2.906375997635587960e-01,-3.127393709137079036e-01,5.244070876462829656e-01,5.139402604410781006e-01
-1.138845175713945723e+00,-1.246539385918250975e+00,3.984762368671018740e-01,5.058752025929361684e-01,4.682471762587385178e-01,-1.745135901434198278e-01,-4.211948577034995145e-01,-7.920882230195964713e-01,2.962598379191671016e-01,-3.608637183555091221e-01,5.413249436681581983e-01,5.161406322141538494e-01
-1.103194789457386582e+00,-1.478419620471765894e+00,2.641700494942064159e-01,5.040418562350079679e-01,5.091972070756338731e-01,-5.451855232833244941e-02,-4.834448324570529976e-01,-8.056317270406043729e-01,4.330827756825703090e-01,-3.195750672020685190e-01,4.745229564527702060e-01,5.522865227296993584e-01
-8.334218335739262962e-01,-1.543278169629767937e+00,3.256293268084098913e-01,5.010730879311181551e-01,6.122590407187011863e-01,4.425750019960491416e-02,-2.902704540189410820e-01,-8.156796108860066008e-01,4.848769305688713782e-01,-2.275796758823679378e-01,3.240814279884250970e-01,6.190172138706708793e-01
-6.663031150805717173e-01,-1.474560270498806336e+00,1.721852867357834271e-01,5.069045747726059759e-01,4.575329646668171435e-01,2.833874976822624014e-01,-3.150210856161237416e-01,-7.908639700441150167e-01,5.173453286760675285e-01,-1.610046033495411144e-01,2.556878457522072101e-01,6.564951146230155743e-01
-5.061800571887458133e-01,-1.553097590211540480e+00,3.325694026151587712e-01,4.587377389695783125e-01,5.560548990965827887e-01,3.911577470409071666e-01,-1.634814001743253031e-01,-9.038513449767475727e-01,5.652229218953428447e-01,4.594217785780135843e-02,1.866888597973941077e-01,8.588601753557475460e-01
-3.175955681319904689e-01,-1.751209571057909198e+00,2.836340441877801544e-01,5.201269704301602070e-01,2.881347752339042945e-01,4.668153384267354489e-01,-1.606115506311087959e-01,-9.022951081588402866e-01,5.585965195753641588e-01,2.535248333193262926e-02,2.135218982335718163e-01,8.716178077531131496e-01
-4.938711835344991585e-02,-1.597871217190506954e+00,4.631607631643247514e-02,5.669321143047317824e-01,2.817127597727615007e-01,4.238648171319413516e-01,-1.832157427178615350e-01,-9.021194450037718360e-01,6.100777152627708810e-01,1.896988468147706441e-01,2.240702638311493911e-02,7.786914881195287075e-01
7.939705403001563744e-02,-1.586058516143117547e+00,3.455783863231316755e-02,3.668750796022990368e-01,1.304841453811620977e-01,5.782059164378204885e-01,-1.256919013652966488e-01,-8.693055177108810483e-01,5.366399586945755917e-01,3.633737822477564050e-01,-4.075167917006927015e-02,6.840252456843468609e-01
2.573304319728316192e-01,-1.404589077658379592e+00,1.436951691125987751e-01,3.557132271136932422e-01,1.353110007999405173e-01,6.459321979324542662e-01,-1.834747192762118673e-01,-7.438977952512280112e-01,5.514373269690457935e-01,4.885278704103424019e-01,-1.710502239763178056e-01,6.985781823261157930e-01
5.196438339494121594e-01,-1.482839771786903738e+00,3.970778908982318389e-02,3.716258090066463238e-01,-6.790363704989124671e-02,7.526379630836231849e-01,-7.968943572667659681e-02,-7.859734540378396916e-01,3.912612820298265182e-01,4.437551788021810717e-01,-2.545587010891713353e-01,5.028107034000771636e-01
6.776268860286411844e-01,-1.304663953142461752e+00,-1.134922848847092353e-01,4.061071105308590723e-01,-3.259075674907500608e-01,7.555670171109704070e-01,-4.956302550121190892e-02,-8.320561105148468473e-01,3.200696801772175415e-01,5.866185229819346203e-01,-2.074906599515371763e-01,5.307668667887962544e-01
7.651354565246805128e-01,-1.051522987653427776e+00,-1.243689229629724446e-01,2.253208388129123718e-01,-2.654089778750701178e-01,7.464017218356161498e-01,-1.825897358773885260e-01,-7.270549463218262121e-01,2.467093730556977893e-01,7.195545385048035536e-01,-3.872073811669682897e-01,5.120247486829652139e-01
9.530725899638885501e-01,-9.341285143809296976e-01,-1.489977787699055811e-01,2.100479641287984200e-01,-3.965377309850610654e-01,7.578801163720689793e-01,7.999823387970776689e-03,-7.473755762148905912e-01,2.092250104600066607e-01,8.407419018136720323e-01,-3.997748454945835306e-01,3.901165704266589263e-01
1.210450693398188227e+00,-6.255301471808009106e-01,-2.480462046429471878e-01,1.282292326527124937e-01,-4.776200255812663720e-01,6.872664206140665089e-01,7.638211456322333004e-03,-5.660420030652116852e-01,2.090988525516190299e-01,7.509421976907988405e-01,-3.450976991791630533e-01,1.776574384793992989e-01
1.133418959421542471e+00,-4.498153402022256331e-01,-1.206083868275062559e-01,6.248920176908047408e-02,-6.704595151776591155e-01,6.412664886722841961e-01,-1.249055461335465550e-01,-5.581942664993807535e-01,1.850054710086358190e-01,8.908609674075435025e-01,-4.444058271158078943e-01,1.720806355767564577e-01
1.136428327034809227e+00,-1.793209251725018938e-01,-3.033562789278007044e-01,2.077457033572405881e-02,-7.748861004578581069e-01,6.658417534803748872e-01,-4.177910730640364834e-02,-5.730937312828680019e-01,4.284474044254409780e-02,9.904419027128290587e-01,-3.583988575231008555e-01,-9.560229534574242460e-03
1.273466163844013899e+00,8.263438670004985553e-02,-2.450579382477282853e-01,6.298471018682035016e-02,-8.035455765995080935e-01,6.801396323335706651e-01,-7.977199946531231267e-02,-3.386246890551107280e-01,-1.564609697895998075e-01,1.023490067258645109e+00,-3.854720267907197906e-01,-8.939502725205111799e-02
1.319066041782311238e+00,4.087643926745937462e-01,-1.368755896509426528e-01,-6.955543605537511942e-02,-9.193910627343510056e-01,5.041417552695872661e-01,-5.723636004935932914e-02,-3.264196659035470960e-01,-2.150973560597952972e-01,8.125880852926296027e-01,-2.990521734530791065e-01,-2.300074051579693302e-01
1.266385925280651970e+00,6.997936528097655762e-01,-1.928719528214540846e-01,-7.285996341990777503e-02,-9.715457259645104982e-01,5.801775138493888706e-01,4.864191102966750752e-02,-1.713223498994702054e-01,-2.753520109503539426e-01,8.333722803715560845e-01,-2.625097820845858076e-01,-3.412553041740766235e-01
1.005220723709914221e+00,9.309865572218529728e-01,-1.788587505258861232e-01,-1.111841391624675962e-01,-9.817410894793909826e-01,4.539402155511951253e-01,-1.281635066712907833e-01,-1.441584981749686190e-01,-3.017297345913882989e-01,8.863648229069649442e-01,-2.389538127258943601e-01,-4.438766295141508555e-01
9.307750787401072312e-01,1.156468767852953938e+00,-1.335065511794158999e-01,-3.239269679512987721e-01,-1.124199933509995919e+00,2.837594584610818038e-01,-7.748105832697277373e-02,-8.885376065725289485e-02,-4.727940958550582162e-01,7.178497111745155701e-01,-1.878818395566399790e-01,-4.266440523804184148e-01
9.320098323453439582e-01,1.180552452399903363e+00,-2.212035001002342627e-01,-3.621503626336091686e-01,-1.088903871987741967e+00,3.322720511425065193e-01,-1.209888536113204183e-01,-1.093451535213481873e-01,-4.467581015451613236e-01,6.422373236533703844e-01,-1.270354608822321929e-01,-5.501069333551387164e-01
5.938440756263317910e-01,1.320490572195798240e+00,-2.299756159575135350e-01,-3.371045016535653138e-01,-1.262865497807659887e+00,8.417269574567226575e-02,-2.137682377273621148e-01,9.933677086496311981e-02,-6.125552019429525430e-01,5.246606889119854733e-01,-3.519031224073466968e-03,-5.267263844060537936e-01
5.180083718486296895e-01,1.578332430629131533e+00,-1.644348873324509575e-01,-3.263591687198883484e-01,-1.196209293824716413e+00,-6.318956825313368220e-02,-2.811312775882938708e-01,1.154038740810536395e-01,-6.063460294133260486e-01,4.491955087699611160e-01,-9.618263844824406772e-03,-6.236986886894840820e-01
3.203178496468189196e-01,1.502524699643937645e+00,-3.419531061196332683e-03,-4.338264162281014191e-01,-1.139607556006185352e+00,-2.309452277796958664e-01,-2.613288205841460266e-01,9.505946334020898281e-02,-5.434707224386120528e-01,4.303385896043860903e-01,1.861716780555872641e-01,-5.844758415004762675e-01
1.324380548667091206e-01,1.568519232589607126e+00,1.594650987518390073e-01,-4.105384135661878653e-01,-1.066712605329969143e+00,-2.985606984542670261e-01,-4.059160444962436887e-01,1.673445959905746627e-01,-4.862782922496945992e-01,3.674793613997860975e-01,2.253882540804929002e-01,-7.039859714581875316e-01
-3.448617556491949399e-02,1.685109035096418628e+00,3.013829395241803266e-01,-4.968153017330736998e-01,-1.075364109787098288e+00,-4.176826796078262904e-01,-5.216935840861041118e-01,3.023027101271972827e-01,-4.755447013051659622e-01,2.779048040221889782e-01,4.063137230296151037e-01,-7.424909585934756917e-01
-3.122025400207482093e-01,1.617442932944215483e+00,2.710087290888483769e-01,-5.227424672275347017e-01,-8.086046875461622152e-01,-4.731329094829538340e-01,-6.298413855917909254e-01,3.800051548660291489e-01,-5.923528039977511428e-01,5.745560968273433211e-02,3.821400518231368171e-01,-6.764055786854172858e-01
-4.922587037970439505e-01,1.635918176383955203e+00,4.076687913767792493e-01,-5.641305645327416851e-01,-8.207280993154502102e-01,-3.934522208217628991e-01,-5.741793541244544219e-01,3.665502917675254602e-01,-5.087644344623896142e-01,6.643014327853807854e-02,4.318374303763982125e-01,-5.158307273307427554e-01
-7.005570719765126242e-01,1.516819678432875129e+00,4.009116982525872674e-01,-5.559400065625760279e-01,-6.597298988683003573e-01,-4.894785679100666087e-01,-6.878611551239740551e-01,3.865627758949100601e-01,-4.043139016280676845e-01,-9.986934274161145264e-02,6.072240717446726332e-01,-5.433980218588703170e-01
-1.002988413661821232e+00,1.363814662506986464e+00,4.121553753848881119e-01,-4.606332074704628243e-01,-5.305176152764929931e-01,-6.658835078996705459e-01,-8.531588979829805020e-01,5.269207892545570981e-01,-2.570331556469430678e-01,-1.643153845910489408e-01,6.234368224817607995e-01,-4.405119657995466564e-01
-1.205097136895074694e+00,1.311707820329245600e+00,5.404062521948197473e-01,-4.439677010036088278e-01,-2.270848642006137730e-01,-5.668330765658806669e-01,-8.229381792218353198e-01,3.162360733541796365e-01,-2.253950474138412263e-01,-1.626243924859611667e-01,6.252173834646626016e-01,-5.714262684046135243e-01
-1.386030251213355102e+00,1.023035526940610840e+00,5.839655922381098430e-01,-4.192524177804681784e-01,-8.248306249716630401e-02,-5.533809855070038752e-01,-8.606639673282143743e-01,2.824889089489768246e-01,-2.452611749434157329e-01,-3.079366094983032043e-01,8.613830924529622957e-01,-3.872026498368746905e-01
-1.451786222171921770e+00,7.693592989811480765e-01,5.261216514106863418e-01,-3.380378924764860793e-01,-4.766119467250708869e-02,-6.942483859953205716e-01,-9.436599714285458518e-01,4.592113851366782518e-01,-1.945347615357501114e-01,-4.859473534367416692e-01,7.759872219766416057e-01,-3.397277273236333217e-01
-1.414431931050751157e+00,6.247527580416044612e-01,6.650451953660618809e-01,-4.393833662239966520e-01,8.359976477260069871e-02,-6.224438957814457662e-01,-9.000518729406837837e-01,3.645617903417583960e-01,1.820243822563263891e-02,-4.528859684450569079e-01,8.636329147317879373e-01,-3.967853311328508048e-01
-1.574169368104733735e+00,4.525492920421310128e-01,6.679985457472691346e-01,-2.768647583964949366e-01,2.902948546519500406e-01,-6.412557333501147649e-01,-1.009266572349773350e+00,3.121879948836690510e-01,1.019379795108868447e-02,-6.041134407999162459e-01,8.112611743261510799e-01,-1.396378127711049855e-01
-1.492973486509731940e+00,4.779327541577224614e-02,7.614526631961131553e-01,-2.283262822151777005e-01,4.340901907523738723e-01,-5.679887600159757577e-01,-1.075092495334424525e+00,2.741309449901822015e-01,1.765236667200121012e-01,-5.506137292883652723e-01,8.031143116552212913e-01,-2.102144907309087540e-01
-1.475662072627512922e+00,2.739829591142967091e-02,6.887941642542474430e-01,-1.271275844016876988e-01,5.287579474651402656e-01,-3.890330322703751120e-01,-1.082270658226145432e+00,1.232572931534806071e-01,3.947200813926485807e-01,-5.390837156427271681e-01,9.005130018927486324e-01,-1.942286083941032609e-02
-1.513164470569832387e+00,-3.045552064865796882e-01,7.053501693312829168e-01,-1.312706956274976022e-01,6.367104098107618793e-01,-3.084409426158472023e-01,-9.234075196624168536e-01,8.584984251916806530e-02,3.574719520614674795e-01,-4.588875882737019074e-01,9.115184160925438039e-01,1.626211996354726685e-01
