1.05762779712677,0.072842583060264587,-0.10000000149011612,0,0.91239374876022339,0.068175226449966431,-0.10000000149011612,0,1.0245348215103149,0.011334285140037537,-0.10000000149011612,0,0.91246020793914795,0.093333259224891663,-0.10000000149011612,0,1.0237820148468018,0.16380514204502106,-0.10000000149011612,0,1.0350034236907959,-0.0060668401420116425,-0.10000000149011612,0
0.92921549081802368,0.03640834242105484,-0.20513968169689178,-0.012257248163223267,0.93947947025299072,0.13823756575584412,-0.19061627984046936,-0.011790512129664421,0.92865675687789917,0.19685386121273041,-0.20183038711547852,-0.0061064180918037891,1.0799939632415771,0.10690649598836899,-0.19062292575836182,-0.014306316152215004,0.93527668714523315,0.084803983569145203,-0.2017551064491272,-0.021353505551815033,0.9515191912651062,0.036048173904418945,-0.20287725329399109,-0.0043663056567311287
0.99310404062271118,0.15409684181213379,-0.29617345333099365,-0.02602328360080719,0.91388320922851562,0.033251151442527771,-0.28279018402099609,-0.035020127892494202,0.97694903612136841,0.19127480685710907,-0.29313474893569946,-0.035790756344795227,1.043174147605896,0.21064755320549011,-0.2967231273651123,-0.034387484192848206,0.81909126043319702,0.18557694554328918,-0.29296371340751648,-0.039734110236167908,1.0031332969665527,-0.0097484961152076721,-0.29654791951179504,-0.018032979220151901
0.94842720031738281,0.13027048110961914,-0.39234426617622375,-0.055999491363763809,0.99547344446182251,0.034516774117946625,-0.37067487835884094,-0.052190154790878296,1.0003763437271118,0.29146924614906311,-0.38722324371337891,-0.069272786378860474,0.82921016216278076,0.17754305899143219,-0.39748159050941467,-0.069993987679481506,0.87289422750473022,0.3319399356842041,-0.37107139825820923,-0.072613276541233063,1.0291460752487183,-0.001520499587059021,-0.39411666989326477,-0.031693063676357269
0.90605378150939941,0.096316762268543243,-0.48195743560791016,-0.088188841938972473,0.84539645910263062,0.10182464867830276,-0.46531713008880615,-0.07375025749206543,0.90149825811386108,0.23943525552749634,-0.48140314221382141,-0.11724463850259781,0.86166638135910034,0.26746052503585815,-0.47444510459899902,-0.10707888007164001,0.75590014457702637,0.27578720450401306,-0.45243760943412781,-0.12380816042423248,0.81785756349563599,0.065564826130867004,-0.49299943447113037,-0.050942912697792053
0.70513588190078735,0.18629695475101471,-0.56517404317855835,-0.12123870849609375,0.81601238250732422,0.10021258145570755,-0.54328978061676025,-0.10661335289478302,0.8472670316696167,0.41828140616416931,-0.56272274255752563,-0.16439774632453918,0.87819451093673706,0.34570956230163574,-0.55233043432235718,-0.1567518413066864,0.69408726692199707,0.41581514477729797,-0.51905149221420288,-0.17311510443687439,0.92483508586883545,0.2400059849023819,-0.5691799521446228,-0.081698782742023468
0.67029267549514771,0.20411844551563263,-0.62613683938980103,-0.16721901297569275,0.85228359699249268,0.18389272689819336,-0.6162039041519165,-0.14298805594444275,0.83321517705917358,0.33382847905158997,-0.63576763868331909,-0.23318566381931305,0.80241119861602783,0.42969059944152832,-0.62891304492950439,-0.2178134024143219,0.69206207990646362,0.43520843982696533,-0.57661700248718262,-0.23943030834197998,0.87495380640029907,0.31515172123908997,-0.65405398607254028,-0.13349556922912598
0.70440542697906494,0.14270275831222534,-0.68094885349273682,-0.21772663295269012,0.74369519948959351,0.095604009926319122,-0.69048196077346802,-0.191130131483078,0.61989200115203857,0.49710148572921753,-0.70353132486343384,-0.29673218727111816,0.7013893723487854,0.24173605442047119,-0.69440358877182007,-0.29070103168487549,0.6967584490776062,0.354848712682724,-0.63032341003417969,-0.31013435125350952,0.64228194952011108,0.28713676333427429,-0.73083525896072388,-0.19670496881008148
0.64655542373657227,0.2224995344877243,-0.73631882667541504,-0.26450377702713013,0.68249213695526123,0.075243055820465088,-0.75104421377182007,-0.23383720219135284,0.52193635702133179,0.38223379850387573,-0.74638038873672485,-0.37957993149757385,0.55750751495361328,0.47226166725158691,-0.74575918912887573,-0.34759590029716492,0.50614476203918457,0.35772186517715454,-0.6806488037109375,-0.3750326931476593,0.63619190454483032,0.33951321244239807,-0.78072744607925415,-0.26053732633590698
0.46473526954650879,0.17877376079559326,-0.78323262929916382,-0.32172265648841858,0.61751127243041992,0.15024182200431824,-0.80298501253128052,-0.27725380659103394,0.54578930139541626,0.37770718336105347,-0.77504682540893555,-0.45255556702613831,0.50868028402328491,0.37707489728927612,-0.77957719564437866,-0.42974269390106201,0.46157965064048767,0.46809554100036621,-0.70837181806564331,-0.44231665134429932,0.41243129968643188,0.3459717333316803,-0.82652544975280762,-0.33169072866439819
0.45272475481033325,0.30635532736778259,-0.80882656574249268,-0.37654545903205872,0.3799625039100647,0.27171680331230164,-0.84594494104385376,-0.33048278093338013,0.48773863911628723,0.3572414219379425,-0.80229091644287109,-0.52604943513870239,0.40356352925300598,0.48660069704055786,-0.80421662330627441,-0.5035407543182373,0.38556063175201416,0.30290436744689941,-0.72811955213546753,-0.52159738540649414,0.35123518109321594,0.26624554395675659,-0.84612357616424561,-0.40532416105270386
0.3766116201877594,0.17576265335083008,-0.8303336501121521,-0.44505760073661804,0.40545570850372314,0.15382584929466248,-0.86223524808883667,-0.39766395092010498,0.28986972570419312,0.22778227925300598,-0.81990534067153931,-0.59839355945587158,0.33076459169387817,0.36719346046447754,-0.81452083587646484,-0.58905684947967529,0.21694336831569672,0.40995398163795471,-0.73619967699050903,-0.584847092628479,0.19476921856403351,0.36895674467086792,-0.85581815242767334,-0.47150078415870667
0.21024991571903229,0.19587351381778717,-0.84068828821182251,-0.50115311145782471,0.28282850980758667,0.036859042942523956,-0.87763243913650513,-0.45344755053520203,0.36819976568222046,0.1601068377494812,-0.81402546167373657,-0.65821701288223267,0.20760911703109741,0.40021508932113647,-0.8132283091545105,-0.66261184215545654,0.19047963619232178,0.30532020330429077,-0.72422236204147339,-0.65880942344665527,0.10058408975601196,0.27614521980285645,-0.84651482105255127,-0.54801827669143677
0.11933472007513046,0.12198757380247116,-0.83155262470245361,-0.55942511558532715,0.18879668414592743,-0.015073373913764954,-0.87789684534072876,-0.49795258045196533,0.31481850147247314,0.24876499176025391,-0.81304019689559937,-0.71060776710510254,-0.021958351135253906,0.31571170687675476,-0.7959703803062439,-0.73894637823104858,-0.0088400542736053467,0.17701604962348938,-0.70599520206451416,-0.72125190496444702,0.17573091387748718,0.21695815026760101,-0.82404565811157227,-0.6143152117729187
0.049435731023550034,0.0013588592410087585,-0.81048446893692017,-0.60949110984802246,0.17171180248260498,0.044397622346878052,-0.8665432333946228,-0.53700017929077148,0.14820198714733124,0.23299664258956909,-0.80411756038665771,-0.77148890495300293,-0.12549228966236115,0.33971595764160156,-0.75206708908081055,-0.8054966926574707,-0.099678635597229004,0.022246144711971283,-0.66484439373016357,-0.76956844329833984,0.076287254691123962,0.13437835872173309,-0.80593430995941162,-0.67316293716430664
-0.04219166561961174,0.048984382301568985,-0.78006798028945923,-0.64613455533981323,0.030332647264003754,-0.013640120625495911,-0.85161000490188599,-0.58118700981140137,0.085833661258220673,0.15031689405441284,-0.77556121349334717,-0.82997006177902222,-0.10871269553899765,0.17082668840885162,-0.69477450847625732,-0.8718494176864624,-0.085284702479839325,0.076286666095256805,-0.61246335506439209,-0.80006051063537598,-0.13052819669246674,0.17890641093254089,-0.77506494522094727,-0.72248530387878418
-0.11202643811702728,-0.08525983989238739,-0.73885595798492432,-0.68579965829849243,-0.0051063299179077148,-0.14419573545455933,-0.8204345703125,-0.61855208873748779,0.10795716941356659,0.034143414348363876,-0.73803776502609253,-0.87839877605438232,-0.22418858110904694,0.16119846701622009,-0.63621711730957031,-0.91805064678192139,-0.28067421913146973,-0.036138303577899933,-0.56033170223236084,-0.83316171169281006,-0.086795270442962646,0.075797319412231445,-0.72125351428985596,-0.77441799640655518
-0.18271535634994507,-0.17412066459655762,-0.68894475698471069,-0.7097436785697937,-0.18316057324409485,-0.20292188227176666,-0.78405129909515381,-0.6410784125328064,-0.082103773951530457,-0.031442534178495407,-0.70055204629898071,-0.91304236650466919,-0.28569075465202332,0.018635831773281097,-0.56417942047119141,-0.96008914709091187,-0.23959976434707642,-0.23582327365875244,-0.48733979463577271,-0.85222166776657104,-0.21387454867362976,0.072341844439506531,-0.66956812143325806,-0.81304019689559937
-0.19911964237689972,-0.24769140779972076,-0.63108491897583008,-0.72217035293579102,-0.19488675892353058,-0.30384993553161621,-0.72896909713745117,-0.65578240156173706,-0.16855548322200775,-0.15622784197330475,-0.64257103204727173,-0.93904727697372437,-0.39166122674942017,-0.10298199206590652,-0.48434975743293762,-0.98402696847915649,-0.22922366857528687,-0.29069483280181885,-0.41796231269836426,-0.84756451845169067,-0.1310420036315918,-0.14152492582798004,-0.6035761833190918,-0.84850591421127319
-0.23693141341209412,-0.39036804437637329,-0.57132720947265625,-0.72428512573242188,-0.21847756206989288,-0.38815692067146301,-0.67232620716094971,-0.65756279230117798,-0.083395227789878845,-0.19243481755256653,-0.57501286268234253,-0.9495282769203186,-0.31159603595733643,-0.21404099464416504,-0.39323008060455322,-0.9916839599609375,-0.27675214409828186,-0.48797950148582458,-0.35028630495071411,-0.83399903774261475,-0.24162544310092926,-0.34018343687057495,-0.54451501369476318,-0.85908216238021851
-0.36712062358856201,-0.27304947376251221,-0.50805550813674927,-0.70914733409881592,-0.29722866415977478,-0.48857858777046204,-0.61358863115310669,-0.64808452129364014,-0.21673360466957092,-0.3158835768699646,-0.51587051153182983,-0.95296359062194824,-0.42102125287055969,-0.22328999638557434,-0.31030389666557312,-0.98365592956542969,-0.36970800161361694,-0.49757051467895508,-0.27895379066467285,-0.79742413759231567,-0.28099045157432556,-0.28299549221992493,-0.47423753142356873,-0.84678953886032104
-0.48719877004623413,-0.30619734525680542,-0.43291190266609192,-0.70268923044204712,-0.30080857872962952,-0.42976009845733643,-0.5478132963180542,-0.6257021427154541,-0.24561038613319397,-0.44347158074378967,-0.44359195232391357,-0.94109147787094116,-0.42409059405326843,-0.47894877195358276,-0.21735113859176636,-0.97062915563583374,-0.39124807715415955,-0.54930382966995239,-0.20058901607990265,-0.75657069683074951,-0.42674273252487183,-0.35899651050567627,-0.40107274055480957,-0.83679741621017456
-0.48381537199020386,-0.47295606136322021,-0.34654989838600159,-0.68921971321105957,-0.18633782863616943,-0.6673014760017395,-0.48320290446281433,-0.60607010126113892,-0.18310493230819702,-0.32835951447486877,-0.36946651339530945,-0.91294014453887939,-0.27671694755554199,-0.46376684308052063,-0.12531846761703491,-0.92749512195587158,-0.31932860612869263,-0.74049466848373413,-0.12259015440940857,-0.70690137147903442,-0.36340048909187317,-0.56639790534973145,-0.31428554654121399,-0.81562900543212891
-0.49052247405052185,-0.55711591243743896,-0.26173418760299683,-0.65486347675323486,-0.3291621208190918,-0.68088352680206299,-0.43141847848892212,-0.55959314107894897,-0.31319791078567505,-0.45585200190544128,-0.3034534752368927,-0.89278918504714966,-0.23890203237533569,-0.61028116941452026,-0.050741679966449738,-0.88157129287719727,-0.41098892688751221,-0.83030766248703003,-0.054739300161600113,-0.63454359769821167,-0.27318838238716125,-0.63264209032058716,-0.23542603850364685,-0.76953643560409546
-0.35206374526023865,-0.63031613826751709,-0.17848476767539978,-0.60808742046356201,-0.29560652375221252,-0.73760378360748291,-0.36798557639122009,-0.50947237014770508,-0.43605485558509827,-0.6119617223739624,-0.22584456205368042,-0.85673171281814575,-0.28556457161903381,-0.79878866672515869,0.017305145040154457,-0.8175734281539917,-0.30848351120948792,-0.96527481079101562,0.018256459385156631,-0.55028116703033447,-0.29593896865844727,-0.74470776319503784,-0.1683712899684906,-0.7131848931312561
-0.3365742564201355,-0.62121802568435669,-0.1119261309504509,-0.55014282464981079,-0.11742579936981201,-0.787098228931427,-0.31079599261283875,-0.45083731412887573,-0.48911833763122559,-0.65390092134475708,-0.13822665810585022,-0.80142843723297119,-0.25623407959938049,-0.81287133693695068,0.086411610245704651,-0.73173969984054565,-0.35333165526390076,-1.0813041925430298,0.076356478035449982,-0.44941699504852295,-0.39656561613082886,-0.72104203701019287,-0.10226166248321533,-0.64264333248138428
-0.42088732123374939,-0.79032939672470093,-0.050212740898132324,-0.49015918374061584,-0.25173157453536987,-1.004331111907959,-0.27469673752784729,-0.38477417826652527,-0.39432641863822937,-0.78043293952941895,-0.048598580062389374,-0.73791861534118652,-0.05417238175868988,-0.94472378492355347,0.14788593351840973,-0.64159584045410156,-0.18817843496799469,-1.0625569820404053,0.1335633248090744,-0.33468908071517944,-0.20887374877929688,-0.75337052345275879,-0.030009321868419647,-0.57162028551101685
-0.39260590076446533,-0.69900572299957275,0.01656443253159523,-0.41056913137435913,-0.091887384653091431,-0.94601356983184814,-0.2286771684885025,-0.2956041693687439,-0.2599150538444519,-0.80523157119750977,0.027833495289087296,-0.65769416093826294,-0.14111299812793732,-1.0247979164123535,0.18428820371627808,-0.53577131032943726,-0.23059156537055969,-1.1446425914764404,0.16819298267364502,-0.21970584988594055,-0.3035007119178772,-0.86245286464691162,0.019491659477353096,-0.49421378970146179
-0.32891064882278442,-0.83702605962753296,0.076139375567436218,-0.33728653192520142,-0.11296107620000839,-0.98800241947174072,-0.20336316525936127,-0.21053299307823181,-0.30227792263031006,-0.85631132125854492,0.086358636617660522,-0.57168871164321899,0.0053028836846351624,-1.138845682144165,0.22389505803585052,-0.42078849673271179,-0.112052321434021,-1.1794357299804688,0.20113007724285126,-0.095508381724357605,-0.21703964471817017,-0.79626083374023438,0.074297480285167694,-0.40391972661018372
-0.33616197109222412,-0.857921302318573,0.12532924115657806,-0.24769589304924011,-0.072193421423435211,-1.0014808177947998,-0.18033011257648468,-0.12053414434194565,-0.33512485027313232,-0.88890397548675537,0.14447835087776184,-0.478200763463974,0.073252998292446136,-1.0468007326126099,0.2428954541683197,-0.29314768314361572,0.074008643627166748,-1.0666420459747314,0.21583168208599091,0.033032484352588654,-0.15285086631774902,-0.84377360343933105,0.11562538146972656,-0.31808200478553772
-0.28568422794342041,-0.81214314699172974,0.17048241198062897,-0.15412774682044983,0.03147771954536438,-1.1532790660858154,-0.16599297523498535,-0.028602808713912964,-0.24461820721626282,-1.062952995300293,0.20087146759033203,-0.37914580106735229,0.15368384122848511,-1.0432918071746826,0.24863487482070923,-0.17456182837486267,0.15521752834320068,-1.1246707439422607,0.20544326305389404,0.15022414922714233,0.050580576062202454,-0.83309942483901978,0.14600817859172821,-0.22597262263298035
-0.19014658033847809,-0.81954073905944824,0.20565330982208252,-0.063474990427494049,-0.048395410180091858,-1.0974588394165039,-0.16668401658535004,0.078648515045642853,-0.28210493922233582,-0.90966224670410156,0.24293653666973114,-0.26049873232841492,0.27460548281669617,-1.1815941333770752,0.24039818346500397,-0.056780360639095306,0.078815728425979614,-1.0529710054397583,0.1811707615852356,0.27197185158729553,0.040018819272518158,-0.87893790006637573,0.15127792954444885,-0.13399367034435272
-0.059573277831077576,-0.8752901554107666,0.22654314339160919,0.029101714491844177,0.14521282911300659,-1.1308296918869019,-0.16471704840660095,0.17961515486240387,-0.30618995428085327,-0.90710771083831787,0.28258785605430603,-0.15582811832427979,0.29287958145141602,-1.0936822891235352,0.21426339447498322,0.073687829077243805,0.15525183081626892,-0.94377976655960083,0.15863518416881561,0.38458389043807983,0.10658058524131775,-0.93737697601318359,0.15299691259860992,-0.037741929292678833
-0.037729158997535706,-0.71084755659103394,0.22964164614677429,0.12771536409854889,0.089511588215827942,-0.97911959886550903,-0.18714423477649689,0.28338757157325745,-0.082229658961296082,-0.97405833005905151,0.31919535994529724,-0.050093322992324829,0.30482128262519836,-1.052499532699585,0.17997585237026215,0.19325220584869385,0.34361493587493896,-0.9533926248550415,0.12299624085426331,0.4844544529914856,0.23268276453018188,-0.90035873651504517,0.14326243102550507,0.063839457929134369
-0.019274249672889709,-0.67314702272415161,0.22563238441944122,0.20942437648773193,0.098290808498859406,-1.0002459287643433,-0.20902213454246521,0.37022709846496582,-0.1187366396188736,-0.99331086874008179,0.32792055606842041,0.063498198986053467,0.38087910413742065,-1.1550545692443848,0.13876187801361084,0.30624818801879883,0.23930186033248901,-0.85215020179748535,0.063776493072509766,0.58289164304733276,0.25735202431678772,-0.72845971584320068,0.11592675745487213,0.16060197353363037
0.1785627156496048,-0.73814082145690918,0.21573922038078308,0.28665482997894287,0.18105338513851166,-0.95588964223861694,-0.23596014082431793,0.45755016803741455,0.048969972878694534,-1.0297062397003174,0.33459317684173584,0.17874108254909515,0.54733115434646606,-0.96595090627670288,0.084579654037952423,0.42674601078033447,0.4787115752696991,-0.85903465747833252,0.010461777448654175,0.66764628887176514,0.31725895404815674,-0.67080962657928467,0.081482492387294769,0.23821225762367249
0.08225800096988678,-0.70535075664520264,0.18228335678577423,0.36941146850585938,0.18845368921756744,-0.94038784503936768,-0.27534914016723633,0.53855383396148682,-0.024327844381332397,-0.85716706514358521,0.31872254610061646,0.29723724722862244,0.57057464122772217,-1.0544378757476807,0.0080974865704774857,0.52488815784454346,0.46187311410903931,-0.74305629730224609,-0.070676550269126892,0.74990993738174438,0.51175069808959961,-0.68398237228393555,0.037402607500553131,0.30786103010177612
0.18877521157264709,-0.58277183771133423,0.1545509546995163,0.44670966267585754,0.12846407294273376,-0.88045549392700195,-0.31926104426383972,0.61554378271102905,0.094464495778083801,-0.80209481716156006,0.30438780784606934,0.39695191383361816,0.68013095855712891,-0.96929633617401123,-0.075113065540790558,0.62746405601501465,0.3953934907913208,-0.72006726264953613,-0.15371641516685486,0.81602811813354492,0.48186025023460388,-0.6796879768371582,-0.029315412044525146,0.37620100378990173
0.22282218933105469,-0.57219278812408447,0.11249560862779617,0.50988918542861938,0.34770148992538452,-0.85844713449478149,-0.36072906851768494,0.68387711048126221,0.10448118299245834,-0.79131472110748291,0.27330434322357178,0.48982515931129456,0.63753098249435425,-0.85497570037841797,-0.17386184632778168,0.71674859523773193,0.48144316673278809,-0.64679241180419922,-0.23287895321846008,0.87530583143234253,0.49080595374107361,-0.53198647499084473,-0.096027210354804993,0.44036784768104553
0.25651460886001587,-0.37403890490531921,0.064155697822570801,0.56952571868896484,0.24675720930099487,-0.69549554586410522,-0.4272606372833252,0.74752157926559448,0.24971717596054077,-0.75578916072845459,0.23679429292678833,0.57949590682983398,0.67944687604904175,-0.81295782327651978,-0.27217543125152588,0.78913396596908569,0.57228749990463257,-0.38047230243682861,-0.32310104370117188,0.92294996976852417,0.69202291965484619,-0.38840547204017639,-0.16640891134738922,0.48604714870452881
0.23796728253364563,-0.27242836356163025,0.0097820274531841278,0.60657131671905518,0.29483470320701599,-0.6509367823600769,-0.4864482581615448,0.79116570949554443,0.26972001791000366,-0.57413274049758911,0.18152883648872375,0.66323971748352051,0.71997570991516113,-0.62326729297637939,-0.37766775488853455,0.85197740793228149,0.51869457960128784,-0.29750216007232666,-0.42421475052833557,0.93917852640151978,0.66741859912872314,-0.44771355390548706,-0.25874540209770203,0.51358360052108765
0.39523303508758545,-0.27035385370254517,-0.044240381568670273,0.63052105903625488,0.29170632362365723,-0.56806433200836182,-0.55224525928497314,0.82713860273361206,0.24729248881340027,-0.57483863830566406,0.12044289708137512,0.72554779052734375,0.72048324346542358,-0.51423394680023193,-0.48968082666397095,0.89021408557891846,0.31142765283584595,-0.2672082781791687,-0.52014619112014771,0.94198054075241089,0.67291456460952759,-0.22598892450332642,-0.34941548109054565,0.54228740930557251
0.32074710726737976,-0.20785854756832123,-0.11484376341104507,0.65142756700515747,0.30003434419631958,-0.60031533241271973,-0.61910837888717651,0.85132801532745361,0.23615598678588867,-0.44677579402923584,0.058881748467683792,0.7845003604888916,0.86243623495101929,-0.55679404735565186,-0.60294824838638306,0.91173875331878662,0.4276735782623291,-0.18438757956027985,-0.59489250183105469,0.93696504831314087,0.63841444253921509,-0.16801643371582031,-0.44149762392044067,0.54413092136383057
0.20642897486686707,-0.037007242441177368,-0.1785983145236969,0.66244316101074219,0.13844896852970123,-0.3863588273525238,-0.68759059906005859,0.87526673078536987,0.37329912185668945,-0.41775107383728027,-0.0041138641536235809,0.82721787691116333,0.86143237352371216,-0.32977083325386047,-0.73077553510665894,0.93175256252288818,0.31277090311050415,-0.080985091626644135,-0.68054825067520142,0.91998165845870972,0.57959860563278198,-0.091698408126831055,-0.52964764833450317,0.53558641672134399
0.32344284653663635,-0.087623082101345062,-0.2310715913772583,0.65313452482223511,0.29275587201118469,-0.33688065409660339,-0.74067807197570801,0.87425500154495239,0.28745663166046143,-0.25890541076660156,-0.082555599510669708,0.86363399028778076,0.90189141035079956,-0.29357025027275085,-0.85870122909545898,0.92258250713348389,0.29690185189247131,0.02585010789334774,-0.75333547592163086,0.88850414752960205,0.63995492458343506,0.12556692957878113,-0.61094188690185547,0.51507967710494995
0.3459371030330658,0.15684264898300171,-0.2944563627243042,0.64633595943450928,0.18554574251174927,-0.29219606518745422,-0.80881506204605103,0.86566174030303955,0.21759131550788879,-0.0096164494752883911,-0.15373529493808746,0.88003778457641602,0.79950606822967529,-0.1386164128780365,-0.98941969871520996,0.90348780155181885,0.33703386783599854,0.16602125763893127,-0.82251685857772827,0.84291958808898926,0.56145870685577393,0.15124112367630005,-0.69674545526504517,0.46893143653869629
0.24030992388725281,0.20302630960941315,-0.35935753583908081,0.6119810938835144,0.072083160281181335,-0.18244528770446777,-0.86537915468215942,0.84926515817642212,0.19565907120704651,-0.07713906466960907,-0.21830070018768311,0.86787068843841553,0.66322678327560425,0.11221428215503693,-1.1081355810165405,0.86251604557037354,0.20103907585144043,0.16990610957145691,-0.89301341772079468,0.78016155958175659,0.40466716885566711,0.15367963910102844,-0.77186977863311768,0.41623634099960327
0.28316938877105713,0.32168287038803101,-0.41158309578895569,0.56999439001083374,0.025177434086799622,-0.13925763964653015,-0.90942913293838501,0.81918269395828247,0.18831132352352142,0.045669019222259521,-0.2796654999256134,0.85932081937789917,0.5836944580078125,0.13103258609771729,-1.2104462385177612,0.79081279039382935,0.19166746735572815,0.27851992845535278,-0.9463503360748291,0.71390032768249512,0.42345651984214783,0.23932795226573944,-0.82822638750076294,0.35988980531692505
0.11283516883850098,0.40573456883430481,-0.46568122506141663,0.51380646228790283,-0.044991426169872284,-0.011688150465488434,-0.9470180869102478,0.78277826309204102,0.066399678587913513,0.20657928287982941,-0.33948796987533569,0.83549171686172485,0.57753133773803711,0.17046543955802917,-1.3006004095077515,0.71258658170700073,0.00040487945079803467,0.34502792358398438,-0.99512255191802979,0.63453811407089233,0.21918177604675293,0.28544217348098755,-0.88330864906311035,0.29252693057060242
0.12140040099620819,0.43687671422958374,-0.49961459636688232,0.44687318801879883,-0.025686107575893402,0.041097402572631836,-0.97554558515548706,0.73197448253631592,0.1007402092218399,0.42988660931587219,-0.3855614960193634,0.79274517297744751,0.44419458508491516,0.22560274600982666,-1.3856862783432007,0.62642121315002441,-0.071580812335014343,0.59482252597808838,-1.0205179452896118,0.54659414291381836,0.32897824048995972,0.4327734112739563,-0.91427028179168701,0.21823312342166901
0.10346093773841858,0.29224568605422974,-0.53086447715759277,0.37555527687072754,-0.26860910654067993,0.040144346654415131,-1.003299355506897,0.67479002475738525,-0.024384565651416779,0.40945658087730408,-0.43265622854232788,0.72564297914505005,0.16357606649398804,0.44355282187461853,-1.4526233673095703,0.53104770183563232,-0.057354271411895752,0.61312687397003174,-1.034183144569397,0.43295583128929138,0.24883249402046204,0.5431053638458252,-0.95232397317886353,0.12812940776348114
-0.033999141305685043,0.40651962161064148,-0.5565791130065918,0.31759080290794373,-0.40626659989356995,0.14004743099212646,-1.0037441253662109,0.61667698621749878,-0.15719735622406006,0.55338180065155029,-0.4636080265045166,0.65865987539291382,0.11789499223232269,0.53575599193572998,-1.4863386154174805,0.4111446738243103,-0.24692332744598389,0.49641337990760803,-1.0435346364974976,0.31751555204391479,0.067051522433757782,0.55643153190612793,-0.9776451587677002,0.02566152811050415
-0.16179443895816803,0.49410423636436462,-0.56550490856170654,0.24728131294250488,-0.36670929193496704,0.14742673933506012,-0.98753046989440918,0.54891359806060791,-0.20449304580688477,0.59946960210800171,-0.4777546226978302,0.57616239786148071,-0.13380216062068939,0.61529254913330078,-1.5093128681182861,0.28109174966812134,-0.28551259636878967,0.61464065313339233,-1.028130054473877,0.2140008956193924,0.005490478128194809,0.62245839834213257,-0.97953474521636963,-0.078759707510471344
-0.1204724982380867,0.47862881422042847,-0.55809909105300903,0.16820758581161499,-0.64638471603393555,0.17070759832859039,-0.97200369834899902,0.48164084553718567,-0.32045432925224304,0.53621584177017212,-0.48298090696334839,0.48886668682098389,-0.33276352286338806,0.56830614805221558,-1.5005068778991699,0.14275303483009338,-0.26947927474975586,0.57240742444992065,-1.003814697265625,0.10007458180189133,-0.10832136869430542,0.44677817821502686,-0.97006350755691528,-0.18922695517539978
-0.22992751002311707,0.58175933361053467,-0.55093932151794434,0.09154239296913147,-0.66842460632324219,0.30258792638778687,-0.92526060342788696,0.41323131322860718,-0.47184848785400391,0.49332129955291748,-0.47223728895187378,0.40818038582801819,-0.42189317941665649,0.45929610729217529,-1.4649800062179565,0.010412886738777161,-0.38308769464492798,0.58210384845733643,-0.97558867931365967,-0.0077093318104743958,-0.26959133148193359,0.52427834272384644,-0.94377666711807251,-0.28096687793731689
-0.44251155853271484,0.47816810011863708,-0.52906602621078491,0.0053979009389877319,-0.78204548358917236,0.19902701675891876,-0.87320280075073242,0.33438456058502197,-0.39992010593414307,0.65346091985702515,-0.44240871071815491,0.33282056450843811,-0.51428848505020142,0.58051800727844238,-1.4141801595687866,-0.10843490809202194,-0.45628944039344788,0.52560460567474365,-0.93081760406494141,-0.11438760161399841,-0.45584318041801453,0.44598355889320374,-0.896964430809021,-0.37857791781425476
-0.40203511714935303,0.56201356649398804,-0.48178669810295105,-0.068762935698032379,-0.74976271390914917,0.27058082818984985,-0.80618619918823242,0.26897403597831726,-0.53430348634719849,0.58107149600982666,-0.41621118783950806,0.24339973926544189,-0.56119728088378906,0.47914054989814758,-1.3485472202301025,-0.23613809049129486,-0.66503399610519409,0.5472145676612854,-0.87370020151138306,-0.21252477169036865,-0.57306951284408569,0.47990274429321289,-0.82696443796157837,-0.46542331576347351
-0.61133193969726562,0.41870537400245667,-0.43516159057617188,-0.14849503338336945,-0.82754021883010864,0.18052895367145538,-0.73956263065338135,0.20014840364456177,-0.55797135829925537,0.58352679014205933,-0.37229165434837341,0.16307783126831055,-0.68830960988998413,0.29428160190582275,-1.2722816467285156,-0.34964388608932495,-0.87722480297088623,0.53195363283157349,-0.79118388891220093,-0.30937099456787109,-0.55779117345809937,0.45559811592102051,-0.74135923385620117,-0.55163836479187012
-0.64365726709365845,0.41053560376167297,-0.36393225193023682,-0.21108084917068481,-0.8977738618850708,0.099181801080703735,-0.66215378046035767,0.14407001435756683,-0.69408482313156128,0.58404135704040527,-0.32228460907936096,0.085194990038871765,-0.66757678985595703,0.21748465299606323,-1.1781352758407593,-0.44016385078430176,-0.88968384265899658,0.39613425731658936,-0.68314653635025024,-0.39998415112495422,-0.83453506231307983,0.39769420027732849,-0.65352779626846313,-0.63062858581542969
-0.74660760164260864,0.4868873655796051,-0.28680181503295898,-0.26891747117042542,-0.94683259725570679,0.18760553002357483,-0.57541507482528687,0.10032528638839722,-0.87568742036819458,0.50330358743667603,-0.25510469079017639,0.010232821106910706,-0.85081398487091064,0.16541033983230591,-1.0821472406387329,-0.51775819063186646,-0.94826197624206543,0.41220548748970032,-0.5700303316116333,-0.47107806801795959,-0.85836958885192871,0.34310954809188843,-0.53464102745056152,-0.69896841049194336
-0.69975227117538452,0.3526548445224762,-0.19698074460029602,-0.33019319176673889,-1.0047804117202759,0.054185867309570312,-0.4821355938911438,0.05232427641749382,-0.74602973461151123,0.53758096694946289,-0.16645525395870209,-0.052847631275653839,-0.73737066984176636,0.29355904459953308,-0.96457493305206299,-0.58488810062408447,-1.0986678600311279,0.30875393748283386,-0.44822564721107483,-0.53771090507507324,-0.82625597715377808,0.230253666639328,-0.4107130765914917,-0.75551176071166992
-0.87350612878799438,0.42220216989517212,-0.10935765504837036,-0.37319707870483398,-1.0284373760223389,-0.026228256523609161,-0.38125541806221008,0.022603102028369904,-0.89649856090545654,0.5384211540222168,-0.088186986744403839,-0.11455424129962921,-0.97621697187423706,0.10030712932348251,-0.85574114322662354,-0.65856772661209106,-1.1138523817062378,0.29465967416763306,-0.30882564187049866,-0.58752602338790894,-1.052592396736145,0.21542002260684967,-0.28795680403709412,-0.79425430297851562
-0.81238436698913574,0.33977001905441284,-0.0027665812522172928,-0.41853025555610657,-1.0645426511764526,0.029086947441101074,-0.27716013789176941,0.0061252955347299576,-0.8424447774887085,0.34816431999206543,0.0077091348357498646,-0.17206810414791107,-0.87440603971481323,-0.0094010625034570694,-0.72003686428070068,-0.70705080032348633,-1.0600554943084717,0.087103337049484253,-0.16629847884178162,-0.6286889910697937,-1.0028859376907349,0.17798593640327454,-0.1414051353931427,-0.82516735792160034
-0.86787748336791992,0.21810625493526459,0.099302560091018677,-0.45003700256347656,-1.0479068756103516,-0.014234527945518494,-0.16928349435329437,-0.010604711249470711,-0.79210847616195679,0.44127580523490906,0.10046251118183136,-0.20542901754379272,-1.0302562713623047,-0.24645823240280151,-0.59294813871383667,-0.73751240968704224,-1.0363385677337646,0.048874542117118835,-0.027992080897092819,-0.64175194501876831,-0.99453961849212646,-0.1435849666595459,0.00080003216862678528,-0.8448563814163208
-0.94263166189193726,0.11971316486597061,0.20785185694694519,-0.46410512924194336,-1.0799409151077271,-0.043645977973937988,-0.062910623848438263,-0.017533630132675171,-0.94142937660217285,0.38827145099639893,0.18926334381103516,-0.24328058958053589,-0.98972225189208984,-0.31811773777008057,-0.44955146312713623,-0.73775839805603027,-1.1003185510635376,-0.0080627128481864929,0.10773045569658279,-0.64403265714645386,-1.2179681062698364,-0.088304892182350159,0.14226362109184265,-0.82519382238388062
-0.94083893299102783,0.14699527621269226,0.3238997757434845,-0.46284815669059753,-1.1867876052856445,-0.17419488728046417,0.046347413212060928,-0.016188319772481918,-0.89856386184692383,0.31625199317932129,0.29432529211044312,-0.27117979526519775,-0.95063602924346924,-0.37276867032051086,-0.31108942627906799,-0.72370576858520508,-1.0921450853347778,-0.16159319877624512,0.24911873042583466,-0.63385593891143799,-1.1700035333633423,-0.17661899328231812,0.30421081185340881,-0.80414676666259766
-0.89341449737548828,0.063837543129920959,0.43898284435272217,-0.45855617523193359,-0.94159626960754395,-0.24565654993057251,0.16554243862628937,0.0036368910223245621,-0.82893633842468262,0.3575272262096405,0.39583346247673035,-0.28647848963737488,-0.95367878675460815,-0.37728148698806763,-0.17809760570526123,-0.69738996028900146,-0.84779351949691772,-0.17025989294052124,0.38830256462097168,-0.60135841369628906,-1.2125940322875977,-0.45165348052978516,0.45930576324462891,-0.76634585857391357
-0.80104202032089233,0.045194704085588455,0.54839295148849487,-0.44025209546089172,-0.95022433996200562,-0.23604527115821838,0.2584896981716156,0.03641229122877121,-0.98469042778015137,0.21274864673614502,0.49050721526145935,-0.30076143145561218,-0.89721959829330444,-0.45797637104988098,-0.046938862651586533,-0.6641731858253479,-0.84176850318908691,-0.255583256483078,0.50056785345077515,-0.56127512454986572,-1.0544881820678711,-0.39538079500198364,0.61581355333328247,-0.69356417655944824
-0.72374218702316284,-0.13408708572387695,0.64697378873825073,-0.41475683450698853,-0.96159219741821289,-0.33418479561805725,0.35009068250656128,0.072644598782062531,-0.94856268167495728,0.11631092429161072,0.60087674856185913,-0.29576936364173889,-0.76717281341552734,-0.46009549498558044,0.076104834675788879,-0.61657136678695679,-0.80870848894119263,-0.32267862558364868,0.60953778028488159,-0.50732630491256714,-1.0574715137481689,-0.5278974175453186,0.75191611051559448,-0.61908012628555298
-0.64990389347076416,-0.21323481202125549,0.735942542552948,-0.36658981442451477,-0.7624775767326355,-0.35419219732284546,0.44045588374137878,0.12302039563655853,-0.94899976253509521,0.0099257435649633408,0.70669752359390259,-0.27567598223686218,-0.56746745109558105,-0.59913402795791626,0.18300993740558624,-0.5629352331161499,-0.6966705322265625,-0.54251682758331299,0.71183991432189941,-0.44158506393432617,-1.0189448595046997,-0.62501537799835205,0.88376486301422119,-0.5250401496887207
-0.46091821789741516,-0.14158692955970764,0.81457775831222534,-0.30638375878334045,-0.69348627328872681,-0.29152977466583252,0.50784134864807129,0.17957690358161926,-0.77099782228469849,-0.16396082937717438,0.81090342998504639,-0.23980681598186493,-0.46293863654136658,-0.69149935245513916,0.26661106944084167,-0.49041309952735901,-0.66509044170379639,-0.4522494375705719,0.79903143644332886,-0.34918212890625,-0.79454678297042847,-0.75408810377120972,1.0062627792358398,-0.41531753540039062
-0.44843319058418274,-0.2437380850315094,0.87083035707473755,-0.24980711936950684,-0.65931528806686401,-0.47180771827697754,0.56509530544281006,0.2328658401966095,-0.81167799234390259,-0.21842582523822784,0.89487606287002563,-0.18159034848213196,-0.38666737079620361,-0.82396125793457031,0.3356318473815918,-0.40494883060455322,-0.47755005955696106,-0.48204702138900757,0.8779265284538269,-0.26204568147659302,-0.75341540575027466,-0.92227715253829956,1.100101113319397,-0.28727954626083374
-0.33297565579414368,-0.39513343572616577,0.92267036437988281,-0.18057045340538025,-0.61446672677993774,-0.26139819622039795,0.6159253716468811,0.30669775605201721,-0.68060523271560669,-0.2246246337890625,0.97949838638305664,-0.1141141876578331,-0.35495054721832275,-0.79168474674224854,0.39234530925750732,-0.30333852767944336,-0.3775920569896698,-0.61599260568618774,0.93324261903762817,-0.16854897141456604,-0.49599480628967285,-0.99000471830368042,1.182874321937561,-0.13855387270450592
-0.071343809366226196,-0.39452618360519409,0.9591984748840332,-0.094047665596008301,-0.42972135543823242,-0.34270942211151123,0.65828216075897217,0.36155644059181213,-0.62024188041687012,-0.21139019727706909,1.0471304655075073,-0.042230330407619476,-0.076932415366172791,-0.73229420185089111,0.44048061966896057,-0.20276866853237152,-0.33016848564147949,-0.53110706806182861,0.97356867790222168,-0.059489414095878601,-0.45537731051445007,-0.92181730270385742,1.2319936752319336,0.020134150981903076
-0.025621674954891205,-0.34195166826248169,0.96503305435180664,-0.0063081905245780945,-0.27451401948928833,-0.22364473342895508,0.67917239665985107,0.42631083726882935,-0.47276744246482849,-0.30047234892845154,1.1047301292419434,0.031245511025190353,0.00044878013432025909,-0.70679479837417603,0.4555128812789917,-0.10637073218822479,-0.061882928013801575,-0.65084850788116455,1.0034775733947754,0.042407434433698654,-0.4055982232093811,-1.0781865119934082,1.2688535451889038,0.17345735430717468
0.0050856098532676697,-0.4041786789894104,0.96189576387405396,0.075917281210422516,-0.34665954113006592,-0.21704384684562683,0.68119144439697266,0.47979414463043213,-0.31523159146308899,-0.47192388772964478,1.1435693502426147,0.11603616178035736,0.019714370369911194,-0.67813032865524292,0.45791947841644287,-0.012375853955745697,0.11446952819824219,-0.46014952659606934,1.0013042688369751,0.1571308821439743,-0.12375427782535553,-0.93295353651046753,1.2928811311721802,0.34329515695571899
0.12768681347370148,-0.33011403679847717,0.9516182541847229,0.16369707882404327,-0.21704398095607758,-0.24426144361495972,0.68775278329849243,0.53238451480865479,-0.16297988593578339,-0.43849363923072815,1.1621963977813721,0.2193751186132431,0.30559107661247253,-0.56012409925460815,0.45371019840240479,0.078286580741405487,0.1676667183637619,-0.54927122592926025,0.97580409049987793,0.25196152925491333,-0.016179203987121582,-0.93183028697967529,1.2801285982131958,0.49874630570411682
0.2092423141002655,-0.36500179767608643,0.92477941513061523,0.24301235377788544,-0.10689608007669449,-0.20865900814533234,0.67869633436203003,0.58769524097442627,-0.12562215328216553,-0.33943799138069153,1.1603431701660156,0.31965345144271851,0.25248846411705017,-0.45647862553596497,0.41643083095550537,0.15637415647506714,0.34552249312400818,-0.36778002977371216,0.94042712450027466,0.35384529829025269,0.21580041944980621,-1.003791332244873,1.2489674091339111,0.65248227119445801
0.39907947182655334,-0.33390453457832336,0.88600790500640869,0.32398751378059387,0.0069452635943889618,-0.042374655604362488,0.65593099594116211,0.63865071535110474,0.0086784251034259796,-0.38998576998710632,1.1497788429260254,0.40930920839309692,0.41513460874557495,-0.39371174573898315,0.38081070780754089,0.221756711602211,0.4923679530620575,-0.40075558423995972,0.88241839408874512,0.43518584966659546,0.41587391495704651,-0.8258395791053772,1.187157154083252,0.81090676784515381
0.40646061301231384,-0.19608761370182037,0.82446742057800293,0.39942026138305664,0.077266305685043335,0.027200320735573769,0.61938935518264771,0.67152810096740723,0.089330263435840607,-0.30351129174232483,1.1213918924331665,0.50293576717376709,0.50173568725585938,-0.35133922100067139,0.32589647173881531,0.27868378162384033,0.55637365579605103,-0.35127848386764526,0.80604153871536255,0.51643234491348267,0.5609857439994812,-0.82038742303848267,1.0978462696075439,0.94747519493103027
0.52567911148071289,-0.040668748319149017,0.75882095098495483,0.45754089951515198,0.063954927027225494,0.096808776259422302,0.57440829277038574,0.69542592763900757,0.25946557521820068,-0.28977423906326294,1.0804604291915894,0.58591979742050171,0.39507210254669189,-0.18672263622283936,0.25983330607414246,0.32828801870346069,0.60857200622558594,-0.143143430352211,0.71969956159591675,0.58842670917510986,0.68443596363067627,-0.78133237361907959,0.98778915405273438,1.0782060623168945
0.56785118579864502,-0.041795153170824051,0.67877137660980225,0.49649292230606079,0.26267924904823303,0.18286503851413727,0.52985018491744995,0.70997709035873413,0.38728737831115723,-0.33709189295768738,1.0186437368392944,0.6649775505065918,0.54234635829925537,-0.19031330943107605,0.20238135755062103,0.35783618688583374,0.64347434043884277,-0.097101509571075439,0.62509548664093018,0.63486510515213013,0.74734055995941162,-0.47479754686355591,0.85957157611846924,1.1987437009811401
0.76053589582443237,-0.084766224026679993,0.59306627511978149,0.53133398294448853,0.35253861546516418,0.25083953142166138,0.46497365832328796,0.71361613273620605,0.51835751533508301,-0.26244169473648071,0.94049859046936035,0.74520027637481689,0.58999228477478027,-0.12743175029754639,0.12909051775932312,0.38470223546028137,0.78192031383514404,0.077981732785701752,0.52528131008148193,0.67170536518096924,0.76409274339675903,-0.34264186024665833,0.71986812353134155,1.2815004587173462
0.61572551727294922,0.019062109291553497,0.48689404129981995,0.56599301099777222,0.27293077111244202,0.28161203861236572,0.39133447408676147,0.70720869302749634,0.62266045808792114,-0.16727831959724426,0.84574383497238159,0.81357204914093018,0.54157567024230957,0.032007195055484772,0.050155725330114365,0.40146797895431519,0.73110002279281616,0.2228529304265976,0.41041243076324463,0.68584400415420532,0.88023418188095093,-0.28598445653915405,0.5752444863319397,1.343578577041626
0.74035453796386719,0.16207520663738251,0.39414086937904358,0.58477330207824707,0.4169791042804718,0.3889458179473877,0.32643356919288635,0.69410187005996704,0.66560393571853638,0.049060486257076263,0.73774909973144531,0.86728924512863159,0.47740128636360168,0.25499778985977173,-0.024279322475194931,0.39825993776321411,0.87900882959365845,0.26049670577049255,0.30063819885253906,0.6796950101852417,0.89733427762985229,-0.15514853596687317,0.4168207049369812,1.3924120664596558
0.80394810438156128,0.22365018725395203,0.28856879472732544,0.58452260494232178,0.29095685482025146,0.5150797963142395,0.24818402528762817,0.66711580753326416,0.78025698661804199,0.059793345630168915,0.62346154451370239,0.89366728067398071,0.47152531147003174,0.3124052882194519,-0.091673590242862701,0.36907118558883667,0.79006737470626831,0.47395578026771545,0.17706286907196045,0.66436082124710083,0.81468790769577026,0.087506823241710663,0.25524556636810303,1.4199792146682739
0.86266022920608521,0.15809369087219238,0.17730768024921417,0.57286596298217773,0.31721633672714233,0.6245688796043396,0.18436630070209503,0.62379318475723267,0.84995406866073608,0.19519138336181641,0.49710908532142639,0.9131242036819458,0.43363296985626221,0.40621751546859741,-0.15660876035690308,0.33097204566001892,0.79483908414840698,0.56006795167922974,0.063914254307746887,0.62163090705871582,0.9511527419090271,0.18922716379165649,0.10157092660665512,1.4150738716125488
0.90569859743118286,0.48894685506820679,0.061448290944099426,0.56230455636978149,0.3370189368724823,0.7573542594909668,0.12047470360994339,0.56661796569824219,0.66227906942367554,0.33099788427352905,0.36360660195350647,0.91263657808303833,0.45727729797363281,0.47213304042816162,-0.21545544266700745,0.28049987554550171,0.87320041656494141,0.64556664228439331,-0.046881545335054398,0.56492912769317627,0.72088825702667236,0.52169394493103027,-0.064548708498477936,1.3923850059509277
0.88829010725021362,0.49406161904335022,-0.057467803359031677,0.51296192407608032,0.22361810505390167,0.68680733442306519,0.057844288647174835,0.49334311485290527,0.77341115474700928,0.44352784752845764,0.24972774088382721,0.89193224906921387,0.44899639487266541,0.52945065498352051,-0.27378988265991211,0.22082421183586121,0.73835420608520508,0.78991258144378662,-0.16200333833694458,0.49452096223831177,0.67770832777023315,0.61931377649307251,-0.2054784893989563,1.3283296823501587
0.74909281730651855,0.49742221832275391,-0.17144826054573059,0.45750159025192261,0.16391120851039886,0.82144832611083984,0.0105881467461586,0.42446494102478027,0.63765829801559448,0.59938591718673706,0.12647488713264465,0.85444074869155884,0.56975847482681274,0.62802767753601074,-0.32796511054039001,0.15288764238357544,0.59841054677963257,0.96486139297485352,-0.25942179560661316,0.40439194440841675,0.7306329607963562,0.71017444133758545,-0.33802670240402222,1.2479031085968018
0.73325365781784058,0.65865033864974976,-0.26804074645042419,0.39638257026672363,0.080269873142242432,0.82631838321685791,-0.026977546513080597,0.34020182490348816,0.57457089424133301,0.78517884016036987,0.01942974328994751,0.79546773433685303,0.42350631952285767,0.84967869520187378,-0.39050048589706421,0.072822555899620056,0.66426485776901245,1.0919264554977417,-0.33775678277015686,0.29248502850532532,0.61719083786010742,0.90334010124206543,-0.47104185819625854,1.1523000001907349
0.72058498859405518,0.72731328010559082,-0.35940802097320557,0.31471803784370422,-0.0029317736625671387,0.95379918813705444,-0.051754634827375412,0.25410857796669006,0.51456624269485474,0.72032606601715088,-0.07770693302154541,0.71295952796936035,0.36500418186187744,0.91443616151809692,-0.43403935432434082,-0.032018616795539856,0.45511558651924133,1.1712214946746826,-0.41662395000457764,0.16467329859733582,0.42098173499107361,0.90440785884857178,-0.58712959289550781,1.0313611030578613
0.57352465391159058,0.73337054252624512,-0.44487795233726501,0.22215235233306885,0.085158891975879669,0.82177448272705078,-0.063775770366191864,0.154571533203125,0.52408385276794434,0.92102980613708496,-0.16413477063179016,0.63262009620666504,0.25018006563186646,0.88211429119110107,-0.46624299883842468,-0.14484745264053345,0.48715108633041382,1.2641956806182861,-0.46772870421409607,0.025806397199630737,0.26098644733428955,1.1733146905899048,-0.67685884237289429,0.9052959680557251
0.54627913236618042,0.72712844610214233,-0.51050597429275513,0.12530733644962311,0.054671630263328552,0.79208743572235107,-0.079581096768379211,0.068259380757808685,0.54360532760620117,0.87429255247116089,-0.24698056280612946,0.52841287851333618,0.099894262850284576,0.90724575519561768,-0.48115259408950806,-0.25534254312515259,0.31139817833900452,1.2624943256378174,-0.51481270790100098,-0.12403407692909241,0.11108987033367157,1.1758327484130859,-0.74376028776168823,0.74866342544555664
0.38279497623443604,0.83872485160827637,-0.56818443536758423,0.026426292955875397,-0.106180340051651,0.75595563650131226,-0.08794691413640976,-0.015332251787185669,0.40039649605751038,1.074444055557251,-0.3260800838470459,0.4254087507724762,-0.03929341584444046,1.0340538024902344,-0.47544583678245544,-0.36840373277664185,-0.04155537486076355,1.2347586154937744,-0.53657650947570801,-0.27511224150657654,0.08056718111038208,1.2114595174789429,-0.78746587038040161,0.58942806720733643
0.28824537992477417,0.84986782073974609,-0.60423773527145386,-0.085866615176200867,-0.22189207375049591,0.81797361373901367,-0.07601841539144516,-0.095205873250961304,0.26315003633499146,1.1828172206878662,-0.38524347543716431,0.2990976870059967,-0.052321754395961761,1.0512157678604126,-0.45023331046104431,-0.49315744638442993,-0.18658578395843506,1.3401591777801514,-0.51539629697799683,-0.42355775833129883,0.029587406665086746,1.2827799320220947,-0.81992805004119873,0.42544880509376526
0.13343451917171478,0.83568078279495239,-0.6250271201133728,-0.2003670334815979,-0.37631124258041382,0.93171000480651855,-0.048620957881212234,-0.18019038438796997,0.26803860068321228,1.238024115562439,-0.42403212189674377,0.1597941517829895,-0.11043651401996613,1.0903090238571167,-0.41767105460166931,-0.61759620904922485,-0.36934077739715576,1.2831555604934692,-0.47246280312538147,-0.58056509494781494,-0.21558463573455811,1.2311086654663086,-0.83893531560897827,0.25374490022659302
0.086978331208229065,0.80308717489242554,-0.62451177835464478,-0.31376916170120239,-0.26949682831764221,0.84464478492736816,-0.001726025715470314,-0.27465653419494629,0.20796263217926025,1.1550898551940918,-0.45614036917686462,0.013908982276916504,-0.1586165577173233,1.0579007863998413,-0.37331190705299377,-0.74354958534240723,-0.47168213129043579,1.1765540838241577,-0.40371334552764893,-0.72875863313674927,-0.28394249081611633,1.2001920938491821,-0.82476818561553955,0.087332785129547119
-0.042908109724521637,0.93110692501068115,-0.61371451616287231,-0.42317968606948853,-0.27862977981567383,0.74845898151397705,0.038893051445484161,-0.35749545693397522,0.052968330681324005,1.2733259201049805,-0.47478610277175903,-0.12437048554420471,-0.43123722076416016,0.86155462265014648,-0.31814751029014587,-0.86327135562896729,-0.64153850078582764,1.0086151361465454,-0.31778848171234131,-0.86194974184036255,-0.52733010053634644,1.1848312616348267,-0.79557788372039795,-0.074246235191822052
-0.20428921282291412,0.81817722320556641,-0.58455497026443481,-0.5441734790802002,-0.47155866026878357,0.68331658840179443,0.084291897714138031,-0.42817968130111694,-0.037265229970216751,1.1661467552185059,-0.47093960642814636,-0.27453920245170593,-0.41322702169418335,0.91770708560943604,-0.23011100292205811,-0.95986920595169067,-0.80308067798614502,0.92935013771057129,-0.20878981053829193,-0.9732440710067749,-0.63699233531951904,1.1311554908752441,-0.73419535160064697,-0.23183074593544006
-0.34621813893318176,0.77545547485351562,-0.53342199325561523,-0.65167033672332764,-0.40879017114639282,0.6232304573059082,0.1522158682346344,-0.48965150117874146,-0.18217599391937256,1.0126566886901855,-0.45062586665153503,-0.41286301612854004,-0.72128027677536011,0.91726678609848022,-0.13962027430534363,-1.0571023225784302,-0.80515474081039429,0.91429859399795532,-0.078781425952911377,-1.0704978704452515,-0.70705753564834595,1.1385728120803833,-0.65439242124557495,-0.38001322746276855
-0.39521357417106628,0.64605355262756348,-0.46306896209716797,-0.7516823410987854,-0.60933399200439453,0.66634029150009155,0.21649673581123352,-0.54135388135910034,-0.10893431305885315,1.010258674621582,-0.40906879305839539,-0.53396570682525635,-0.73310524225234985,0.72732192277908325,-0.014052685350179672,-1.1491855382919312,-0.98263418674468994,0.77327501773834229,0.05546068400144577,-1.1591752767562866,-0.79291319847106934,0.99288231134414673,-0.5607110857963562,-0.52404552698135376
-0.53100037574768066,0.47693854570388794,-0.38328111171722412,-0.83463233709335327,-0.59135633707046509,0.52988159656524658,0.30300262570381165,-0.59384834766387939,-0.26630741357803345,0.87602084875106812,-0.36907240748405457,-0.65200740098953247,-0.7177807092666626,0.64940649271011353,0.11649428308010101,-1.2154560089111328,-1.0261616706848145,0.6583859920501709,0.21102419495582581,-1.2265218496322632,-0.93016916513442993,0.87268358469009399,-0.45186525583267212,-0.64795255661010742
-0.54959654808044434,0.40057879686355591,-0.28628665208816528,-0.89618611335754395,-0.60761892795562744,0.52442944049835205,0.38978227972984314,-0.62806797027587891,-0.41772276163101196,0.93040704727172852,-0.3077177107334137,-0.75390076637268066,-0.96679240465164185,0.52909493446350098,0.24799098074436188,-1.267029881477356,-1.0131505727767944,0.36334466934204102,0.37332028150558472,-1.2742236852645874,-1.0220190286636353,0.68010067939758301,-0.3238101601600647,-0.75365471839904785
-0.42717915773391724,0.24383921921253204,-0.18497590720653534,-0.9448968768119812,-0.68685096502304077,0.37316861748695374,0.47934919595718384,-0.65721356868743896,-0.37687444686889648,0.69552075862884521,-0.22653663158416748,-0.85754668712615967,-0.91087841987609863,0.40019887685775757,0.40613424777984619,-1.2997119426727295,-1.0379736423492432,0.11230207979679108,0.53567618131637573,-1.2840533256530762,-0.99866646528244019,0.61173522472381592,-0.18211141228675842,-0.83307182788848877
-0.50775474309921265,0.16540013253688812,-0.094115778803825378,-0.97259193658828735,-0.59187012910842896,0.4667031466960907,0.57773059606552124,-0.66659736633300781,-0.52675890922546387,0.72938036918640137,-0.14479191601276398,-0.93302100896835327,-0.83482348918914795,0.19754272699356079,0.55932599306106567,-1.3114362955093384,-1.12562096118927,0.088985949754714966,0.69999158382415771,-1.260643482208252,-0.97362023591995239,0.50484418869018555,-0.03968144953250885,-0.89811086654663086
-0.48854720592498779,-0.03381829708814621,0.0056130252778530121,-0.98775207996368408,-0.59054946899414062,0.20762158930301666,0.66646760702133179,-0.68038362264633179,-0.47323867678642273,0.4064062237739563,-0.044814784079790115,-1.0073459148406982,-0.84743976593017578,-0.0023129358887672424,0.70454078912734985,-1.2952038049697876,-1.1428834199905396,-0.2464650571346283,0.8708837628364563,-1.2268764972686768,-0.94748681783676147,0.24178491532802582,0.10259079188108444,-0.9449724555015564
-0.57876229286193848,-0.129865363240242,0.10355357825756073,-0.97793638706207275,-0.49735277891159058,0.29398679733276367,0.75520521402359009,-0.66376292705535889,-0.59947013854980469,0.26115497946739197,0.052883531898260117,-1.0439383983612061,-0.86718690395355225,-0.010190606117248535,0.84930509328842163,-1.2518652677536011,-0.95615214109420776,-0.40937241911888123,1.0407580137252808,-1.1512763500213623,-0.97574490308761597,0.20106162130832672,0.24369361996650696,-0.95816099643707275
-0.57401400804519653,-0.25386220216751099,0.20941725373268127,-0.95370662212371826,-0.40229791402816772,0.089508697390556335,0.83324366807937622,-0.65146940946578979,-0.49901697039604187,0.14063668251037598,0.16441597044467926,-1.0609192848205566,-0.97144496440887451,-0.20480626821517944,0.99298685789108276,-1.2008099555969238,-0.97198998928070068,-0.59564840793609619,1.1871411800384521,-1.0514086484909058,-0.94116830825805664,0.0053568407893180847,0.38739889860153198,-0.96017801761627197
-0.40458822250366211,-0.35129821300506592,0.31294149160385132,-0.91196352243423462,-0.45970568060874939,0.078780964016914368,0.90067905187606812,-0.61492383480072021,-0.40649121999740601,0.11865077167749405,0.26605257391929626,-1.0601959228515625,-0.7566148042678833,-0.30643847584724426,1.1436601877212524,-1.123465895652771,-0.83092445135116577,-0.63287234306335449,1.329229474067688,-0.92625600099563599,-0.94219154119491577,-0.088451787829399109,0.52685141563415527,-0.93546551465988159
-0.39926588535308838,-0.48712056875228882,0.39680224657058716,-0.85558867454528809,-0.30866837501525879,0.01116807758808136,0.97161757946014404,-0.57417964935302734,-0.46927815675735474,-0.24894624948501587,0.35776734352111816,-1.0522241592407227,-0.74731296300888062,-0.48274978995323181,1.2680652141571045,-1.0289475917816162,-0.73303979635238647,-0.81885528564453125,1.4501020908355713,-0.79109477996826172,-0.76063024997711182,-0.31726434826850891,0.66430830955505371,-0.89459115266799927
-0.30961593985557556,-0.6057971715927124,0.47680467367172241,-0.78181254863739014,-0.29849547147750854,-0.018794633448123932,1.0249841213226318,-0.52340030670166016,-0.43043345212936401,-0.41025149822235107,0.45479291677474976,-1.002981424331665,-0.4832097589969635,-0.59771996736526489,1.3860647678375244,-0.91120040416717529,-0.46421155333518982,-0.84461307525634766,1.5537115335464478,-0.63216650485992432,-0.75290578603744507,-0.37946870923042297,0.78071999549865723,-0.82425451278686523
-0.29853218793869019,-0.73340749740600586,0.5436747670173645,-0.69264990091323853,-0.23965799808502197,-0.016863398253917694,1.0744756460189819,-0.46728715300559998,-0.28885164856910706,-0.51941686868667603,0.54488062858581543,-0.93308985233306885,-0.4541211724281311,-0.69551163911819458,1.4710631370544434,-0.77682185173034668,-0.35647228360176086,-0.92640048265457153,1.6218889951705933,-0.46650025248527527,-0.63845187425613403,-0.4740385115146637,0.89213597774505615,-0.74234658479690552
-0.10626202821731567,-0.80611538887023926,0.60458576679229736,-0.58795636892318726,-0.12647704780101776,-0.13877061009407043,1.1149846315383911,-0.40925559401512146,-0.054817318916320801,-0.50613683462142944,0.61677312850952148,-0.84823721647262573,-0.2162279337644577,-0.81494081020355225,1.5459402799606323,-0.62927448749542236,-0.072040922939777374,-1.0091559886932373,1.6706292629241943,-0.29029706120491028,-0.48314890265464783,-0.6724313497543335,0.9873390793800354,-0.64595133066177368
-0.10819404572248459,-0.94420069456100464,0.64068377017974854,-0.47361528873443604,-0.068015426397323608,-0.16733972728252411,1.1410371065139771,-0.33738040924072266,0.074523985385894775,-0.62343573570251465,0.66059446334838867,-0.76166605949401855,-0.047996591776609421,-0.88300317525863647,1.5892239809036255,-0.46697992086410522,-0.035816609859466553,-1.0476073026657104,1.681860089302063,-0.10449239611625671,-0.33841294050216675,-0.58883166313171387,1.0616250038146973,-0.52558302879333496
-0.055145464837551117,-1.0316870212554932,0.67106389999389648,-0.34438297152519226,0.0073760710656642914,-0.26102924346923828,1.1575067043304443,-0.26180055737495422,0.035916298627853394,-0.76153123378753662,0.68690347671508789,-0.66172522306442261,0.21368233859539032,-0.83542859554290771,1.6073439121246338,-0.2967379093170166,0.1007387638092041,-0.96150076389312744,1.6801584959030151,0.084558159112930298,-0.12603861093521118,-0.88315284252166748,1.1149884462356567,-0.41063043475151062
0.14491719007492065,-1.0316624641418457,0.68952322006225586,-0.2056964784860611,0.19838768243789673,-0.22038669884204865,1.1625760793685913,-0.17650365829467773,0.3763260543346405,-0.91474258899688721,0.71193927526473999,-0.54728925228118896,0.28929179906845093,-0.83740401268005371,1.590717077255249,-0.1314130425453186,0.29579639434814453,-0.86793428659439087,1.6554104089736938,0.26373547315597534,-0.055939815938472748,-0.9107285737991333,1.1410653591156006,-0.26430824398994446
0.31753215193748474,-1.0754494667053223,0.68096435070037842,-0.066958621144294739,0.37537920475006104,-0.27825421094894409,1.1442707777023315,-0.095550410449504852,0.48515915870666504,-0.94465810060501099,0.69708722829818726,-0.4170001745223999,0.43581569194793701,-0.67403537034988403,1.5584112405776978,0.032252386212348938,0.43907332420349121,-0.86340928077697754,1.6024004220962524,0.43120896816253662,0.12675543129444122,-0.7813950777053833,1.1526933908462524,-0.11484342813491821
0.38442710041999817,-1.0164116621017456,0.64829790592193604,0.07486782968044281,0.30590465664863586,-0.16762468218803406,1.1043546199798584,-0.010225147008895874,0.60382771492004395,-0.91202634572982788,0.66496509313583374,-0.28526994585990906,0.53343415260314941,-0.60023415088653564,1.5035152435302734,0.17695459723472595,0.7129819393157959,-0.79563033580780029,1.5270645618438721,0.59455025196075439,0.38149824738502502,-0.74676728248596191,1.1385465860366821,0.02133498340845108
0.63042056560516357,-0.91761684417724609,0.60209250450134277,0.20828229188919067,0.49735689163208008,-0.28869518637657166,1.0673915147781372,0.061520475894212723,0.71497923135757446,-0.89642632007598877,0.61462533473968506,-0.15922112762928009,0.55871105194091797,-0.62952727079391479,1.4320034980773926,0.31064504384994507,0.88495171070098877,-0.77997571229934692,1.4166842699050903,0.74634939432144165,0.5142713189125061,-0.8473513126373291,1.0922415256500244,0.15249857306480408
0.64478206634521484,-0.91485381126403809,0.52494096755981445,0.32868817448616028,0.5627855658531189,-0.31837263703346252,1.0079455375671387,0.14308792352676392,0.89725708961486816,-0.92905449867248535,0.54721575975418091,-0.038021132349967957,0.8124275803565979,-0.49428540468215942,1.3517612218856812,0.44287553429603577,1.0094865560531616,-0.60741585493087769,1.2822458744049072,0.89014798402786255,0.59787756204605103,-0.85363203287124634,1.0264248847961426,0.29060053825378418
0.76635342836380005,-0.79249095916748047,0.44084620475769043,0.44423076510429382,0.70572447776794434,-0.18480692803859711,0.9382706880569458,0.2241586297750473,0.91930460929870605,-0.77152431011199951,0.45597115159034729,0.082334220409393311,0.83963555097579956,-0.56880319118499756,1.2400714159011841,0.55676746368408203,1.2427725791931152,-0.4420936107635498,1.1290405988693237,1.0091090202331543,0.86603087186813354,-0.69869697093963623,0.9457898736000061,0.42519700527191162
0.79772210121154785,-0.81706780195236206,0.3393724262714386,0.54263508319854736,0.69158464670181274,-0.16722330451011658,0.85070449113845825,0.28790271282196045,1.1798796653747559,-0.65099090337753296,0.35710501670837402,0.18164902925491333,0.97617721557617188,-0.35007503628730774,1.1206929683685303,0.67184716463088989,1.1574325561523438,-0.46953213214874268,0.94754546880722046,1.1031776666641235,1.0682071447372437,-0.5994611382484436,0.83214855194091797,0.53945136070251465
0.92508774995803833,-0.73102986812591553,0.23050041496753693,0.63783764839172363,0.63590490818023682,0.062193013727664948,0.76192784309387207,0.34513658285140991,1.0845236778259277,-0.77905726432800293,0.22785854339599609,0.26337504386901855,1.1826523542404175,-0.36664712429046631,0.9826812744140625,0.7584003210067749,1.2405091524124146,-0.24002134799957275,0.77103716135025024,1.1903781890869141,1.0293271541595459,-0.58671832084655762,0.69331586360931396,0.63741880655288696
0.98662590980529785,-0.5500720739364624,0.10483579337596893,0.71842902898788452,0.74355220794677734,0.038542717695236206,0.67642617225646973,0.37465733289718628,1.3592537641525269,-0.51902830600738525,0.10488877445459366,0.3509710431098938,1.2039188146591187,-0.16543968021869659,0.82057774066925049,0.83920812606811523,1.4300752878189087,0.0077024400234222412,0.5829845666885376,1.2453067302703857,1.161104679107666,-0.43094933032989502,0.55436432361602783,0.72659742832183838
1.044922947883606,-0.5122978687286377,-0.030207429081201553,0.77417314052581787,0.92117232084274292,0.24801518023014069,0.57922440767288208,0.40210714936256409,1.488730788230896,-0.41440138220787048,-0.049143925309181213,0.40590310096740723,1.1436548233032227,-0.13702601194381714,0.65333908796310425,0.89133024215698242,1.425112247467041,0.15054543316364288,0.37441545724868774,1.2657686471939087,1.3639922142028809,-0.37818235158920288,0.39866596460342407,0.79273337125778198
1.0843958854675293,-0.30968320369720459,-0.17301104962825775,0.81907683610916138,0.93223077058792114,0.27209055423736572,0.46350124478340149,0.40360486507415771,1.5005992650985718,-0.36040928959846497,-0.21789629757404327,0.44237014651298523,1.1795591115951538,0.15480947494506836,0.49057692289352417,0.93196940422058105,1.5148595571517944,0.23309698700904846,0.16662469506263733,1.2614467144012451,1.4757828712463379,-0.0094472616910934448,0.22036013007164001,0.84543764591217041
1.0762370824813843,-0.26513853669166565,-0.32110518217086792,0.83633768558502197,0.78208625316619873,0.36717450618743896,0.3473188579082489,0.39693081378936768,1.4448162317276001,-0.22414223849773407,-0.3885975182056427,0.46481868624687195,1.2627830505371094,0.27079290151596069,0.32321745157241821,0.93507766723632812,1.4944106340408325,0.37169349193572998,-0.04863111674785614,1.2385631799697876,1.4689022302627563,-0.025975480675697327,0.029365252703428268,0.85207295417785645
0.92690622806549072,0.05046418309211731,-0.46831905841827393,0.84167176485061646,0.77668190002441406,0.45972174406051636,0.24720674753189087,0.37501218914985657,1.5734188556671143,-0.069228127598762512,-0.55377316474914551,0.46501171588897705,1.3763802051544189,0.46839052438735962,0.14842385053634644,0.91824549436569214,1.2335197925567627,0.62634867429733276,-0.25936278700828552,1.1912579536437988,1.5762754678726196,0.25790300965309143,-0.16008144617080688,0.85082155466079712
0.88663798570632935,0.055783413350582123,-0.59994781017303467,0.80809140205383301,0.87231951951980591,0.45150625705718994,0.14934888482093811,0.33899685740470886,1.497407078742981,0.06540873646736145,-0.73078948259353638,0.44149795174598694,1.2697329521179199,0.53202241659164429,-0.035803243517875671,0.87306594848632812,1.3364126682281494,0.91527020931243896,-0.44033980369567871,1.1083023548126221,1.4901635646820068,0.24638450145721436,-0.35902279615402222,0.81176894903182983
0.78041243553161621,0.16305920481681824,-0.7250596284866333,0.76764249801635742,0.86793512105941772,0.54249417781829834,0.044328056275844574,0.29916104674339294,1.5031758546829224,0.1911395788192749,-0.89793229103088379,0.39586400985717773,1.2014466524124146,0.71375924348831177,-0.20597094297409058,0.81264317035675049,1.2265413999557495,0.9255182147026062,-0.62635308504104614,0.98797148466110229,1.2802160978317261,0.49343308806419373,-0.54617130756378174,0.76421815156936646
0.74396181106567383,0.34035980701446533,-0.8367578387260437,0.71049624681472778,0.77131742238998413,0.43437445163726807,-0.057618912309408188,0.24525198340415955,1.4268410205841064,0.26280945539474487,-1.0623410940170288,0.32962936162948608,1.2500847578048706,0.8803325891494751,-0.36524486541748047,0.72596073150634766,0.99314719438552856,1.0454679727554321,-0.79423612356185913,0.85811507701873779,1.3271421194076538,0.61473530530929565,-0.7087942361831665,0.68295192718505859
0.62977856397628784,0.40990278124809265,-0.94127309322357178,0.63042128086090088,0.69144916534423828,0.52961426973342896,-0.14658799767494202,0.19742098450660706,1.2082219123840332,0.37007290124893188,-1.2147982120513916,0.24846439063549042,1.0594316720962524,0.97448563575744629,-0.52407944202423096,0.61524045467376709,0.78244256973266602,1.131557822227478,-0.93127584457397461,0.70872414112091064,1.1268477439880371,0.71985101699829102,-0.87105506658554077,0.58197462558746338
0.51172208786010742,0.4106469452381134,-1.0297366380691528,0.53869342803955078,0.64247030019760132,0.62168073654174805,-0.2246372401714325,0.13593961298465729,1.1748367547988892,0.62280374765396118,-1.340407133102417,0.14949712157249451,0.96230196952819824,0.91579973697662354,-0.65735286474227905,0.48789587616920471,0.66216695308685303,1.2983057498931885,-1.0389621257781982,0.54484009742736816,0.94760501384735107,0.87899482250213623,-1.007253885269165,0.46304577589035034
0.31721609830856323,0.53979957103729248,-1.1012817621231079,0.44306346774101257,0.73359662294387817,0.46847561001777649,-0.29424482583999634,0.061753310263156891,0.92529988288879395,0.72705709934234619,-1.4569731950759888,0.019626930356025696,0.78925096988677979,0.99625903367996216,-0.77375012636184692,0.36058574914932251,0.43432915210723877,1.2577140331268311,-1.1257998943328857,0.35994714498519897,0.98894339799880981,1.0622496604919434,-1.1187653541564941,0.32217040657997131
0.20006281137466431,0.55273324251174927,-1.1481747627258301,0.33155614137649536,0.52978205680847168,0.58497577905654907,-0.36884203553199768,-0.00011180341243743896,0.80818331241607666,0.68458878993988037,-1.5414009094238281,-0.12565618753433228,0.75198578834533691,1.2117531299591064,-0.86578583717346191,0.22023449838161469,0.36783221364021301,1.4320605993270874,-1.1801180839538574,0.17594699561595917,0.71331256628036499,0.95916277170181274,-1.2267102003097534,0.15830190479755402
0.15348263084888458,0.68748605251312256,-1.177514910697937,0.2171182781457901,0.43436875939369202,0.56799525022506714,-0.41951641440391541,-0.076951161026954651,0.71589779853820801,0.8688623309135437,-1.6063659191131592,-0.26998579502105713,0.46610039472579956,1.1790206432342529,-0.94654196500778198,0.054631471633911133,-0.042203590273857117,1.4915812015533447,-1.2182978391647339,-0.027042537927627563,0.60873204469680786,1.127231240272522,-1.2982701063156128,0.00039507448673248291
-0.095240592956542969,0.58771175146102905,-1.1963233947753906,0.088459119200706482,0.3895280659198761,0.59613585472106934,-0.45651251077651978,-0.15413370728492737,0.60362380743026733,0.82154566049575806,-1.6545200347900391,-0.43507415056228638,0.34500497579574585,1.1856948137283325,-0.98997092247009277,-0.11068243533372879,-0.18107564747333527,1.4215326309204102,-1.2051414251327515,-0.23661798238754272,0.28612637519836426,1.0455487966537476,-1.3510733842849731,-0.17689335346221924
-0.24613186717033386,0.72087162733078003,-1.1837440729141235,-0.030356280505657196,0.45075586438179016,0.52212995290756226,-0.48495572805404663,-0.23548920452594757,0.35119983553886414,0.94620430469512939,-1.6829367876052856,-0.59679687023162842,0.26077598333358765,1.1397587060928345,-1.0127986669540405,-0.27779340744018555,-0.399361252784729,1.4405422210693359,-1.1677576303482056,-0.43722844123840332,0.074788771569728851,1.1262383460998535,-1.3624705076217651,-0.34753477573394775
-0.33275485038757324,0.59870153665542603,-1.1502453088760376,-0.16112175583839417,0.36326205730438232,0.43702432513237,-0.51529866456985474,-0.3103516697883606,0.163204625248909,0.84706747531890869,-1.677891731262207,-0.77139091491699219,0.034029200673103333,1.1362273693084717,-1.0187509059906006,-0.4404047429561615,-0.48989951610565186,1.4176857471466064,-1.098801851272583,-0.63663077354431152,-0.15422764420509338,1.0995103120803833,-1.3441768884658813,-0.525748610496521
-0.52265524864196777,0.63668960332870483,-1.1017900705337524,-0.27718955278396606,0.19687929749488831,0.41097143292427063,-0.53298032283782959,-0.37774604558944702,0.017329014837741852,0.79943251609802246,-1.6453959941864014,-0.93473255634307861,-0.049346424639225006,1.1825523376464844,-0.99390465021133423,-0.60194569826126099,-0.7742534875869751,1.2136090993881226,-1.011305570602417,-0.82907581329345703,-0.18588683009147644,0.99912792444229126,-1.2942330837249756,-0.69926947355270386
-0.74596172571182251,0.74459850788116455,-1.0288746356964111,-0.39392325282096863,0.16367149353027344,0.25128853321075439,-0.53056198358535767,-0.44299453496932983,-0.23595401644706726,0.73200255632400513,-1.5903923511505127,-1.0906767845153809,-0.36867165565490723,1.0666544437408447,-0.95284223556518555,-0.76587694883346558,-0.94995152950286865,1.1010725498199463,-0.88634896278381348,-0.9955628514289856,-0.48401463031768799,0.81996536254882812,-1.2328054904937744,-0.85918718576431274
-0.83802801370620728,0.52172714471817017,-0.92827773094177246,-0.51709437370300293,-0.091345518827438354,0.16564729809761047,-0.52159315347671509,-0.49174788594245911,-0.32268494367599487,0.72058212757110596,-1.502647876739502,-1.2361711263656616,-0.44279956817626953,0.98652791976928711,-0.87195098400115967,-0.91515493392944336,-1.0893406867980957,1.0013536214828491,-0.73632174730300903,-1.1435447931289673,-0.56580626964569092,0.76905244588851929,-1.1339951753616333,-0.99713736772537231
-0.99188494682312012,0.54917776584625244,-0.81297576427459717,-0.61220818758010864,-0.098762273788452148,0.17936500906944275,-0.48475399613380432,-0.53118729591369629,-0.66072803735733032,0.56315743923187256,-1.3995416164398193,-1.3752533197402954,-0.63252526521682739,0.75729870796203613,-0.77672731876373291,-1.0514674186706543,-1.2567430734634399,0.87536323070526123,-0.56593132019042969,-1.2731719017028809,-0.66581445932388306,0.60858172178268433,-1.0207611322402954,-1.1242228746414185
-1.1703231334686279,0.42083337903022766,-0.67827653884887695,-0.70374047756195068,-0.17482538521289825,0.11143000423908234,-0.44544139504432678,-0.56992071866989136,-0.71777945756912231,0.38912203907966614,-1.2563570737838745,-1.4925988912582397,-0.68619263172149658,0.64282697439193726,-0.6563456654548645,-1.1592720746994019,-1.3864381313323975,0.69615656137466431,-0.37341597676277161,-1.3809187412261963,-0.97111666202545166,0.47957110404968262,-0.89191180467605591,-1.228838324546814
-1.342187762260437,0.33148756623268127,-0.52202099561691284,-0.77516943216323853,-0.16180115938186646,0.015355408191680908,-0.39684119820594788,-0.59966427087783813,-0.93460863828659058,0.35890442132949829,-1.1025240421295166,-1.5846892595291138,-0.9178047776222229,0.48668256402015686,-0.5259861946105957,-1.2489713430404663,-1.4449654817581177,0.5028383731842041,-0.16377246379852295,-1.4604997634887695,-0.91855150461196899,0.20697177946567535,-0.72813260555267334,-1.3134931325912476
-1.3926353454589844,0.23543736338615417,-0.34600037336349487,-0.8294481635093689,-0.079823203384876251,-0.046058431267738342,-0.34836709499359131,-0.61719816923141479,-0.95827454328536987,0.17514351010322571,-0.92338693141937256,-1.6655339002609253,-1.0298668146133423,0.16863375902175903,-0.36881709098815918,-1.3160145282745361,-1.5037580728530884,0.14437924325466156,0.054375045001506805,-1.5098274946212769,-1.0123189687728882,0.23101496696472168,-0.56642055511474609,-1.3622158765792847
-1.482435941696167,-0.078751303255558014,-0.16333253681659698,-0.86503016948699951,-0.2807273268699646,-0.13556168973445892,-0.30752089619636536,-0.62607085704803467,-0.92631363868713379,-0.034061521291732788,-0.73897898197174072,-1.7185901403427124,-1.0410217046737671,0.074923150241374969,-0.19808700680732727,-1.3430191278457642,-1.5887037515640259,-0.082644492387771606,0.27949559688568115,-1.5121536254882812,-1.0805104970932007,-0.019310198724269867,-0.39391642808914185,-1.4049974679946899
-1.4528580904006958,-0.1322990357875824,0.028946634382009506,-0.85988754034042358,-0.25083693861961365,-0.21549497544765472,-0.24639753997325897,-0.62390661239624023,-0.98457276821136475,-0.30821385979652405,-0.55627775192260742,-1.7412247657775879,-1.0777772665023804,-0.15891322493553162,-0.025962360203266144,-1.3519939184188843,-1.558135986328125,-0.1279708594083786,0.51182371377944946,-1.4805675745010376,-1.1960227489471436,-0.23135043680667877,-0.21354049444198608,-1.4139012098312378
-1.3789684772491455,-0.37633204460144043,0.21681420505046844,-0.83986014127731323,-0.09651648998260498,-0.40066730976104736,-0.18875172734260559,-0.61072283983230591,-1.0359563827514648,-0.47529172897338867,-0.36776337027549744,-1.727217435836792,-1.1074091196060181,-0.50424647331237793,0.14921166002750397,-1.3289694786071777,-1.614928126335144,-0.52106130123138428,0.73807662725448608,-1.4330921173095703,-1.0691571235656738,-0.33387032151222229,-0.022294491529464722,-1.3925755023956299
-1.4470329284667969,-0.52012962102890015,0.39512625336647034,-0.78621160984039307,-0.1830790787935257,-0.38313597440719604,-0.14755277335643768,-0.57623732089996338,-0.9504932165145874,-0.67572897672653198,-0.17598184943199158,-1.687214732170105,-1.1568590402603149,-0.78376805782318115,0.32511234283447266,-1.2628437280654907,-1.3921908140182495,-0.78190940618515015,0.96623802185058594,-1.3353519439697266,-0.94663971662521362,-0.52435469627380371,0.1540127694606781,-1.351620078086853
-1.4108443260192871,-0.63618409633636475,0.57646572589874268,-0.70965015888214111,-0.084279485046863556,-0.55909138917922974,-0.099669240415096283,-0.54167097806930542,-0.88709437847137451,-0.7078360915184021,0.0040690302848815918,-1.6178803443908691,-0.98978567123413086,-0.91839140653610229,0.50157356262207031,-1.1604303121566772,-1.3552097082138062,-0.97451257705688477,1.1658433675765991,-1.2007894515991211,-1.0505834817886353,-0.67113375663757324,0.31493300199508667,-1.2831035852432251
-1.2328764200210571,-0.65395212173461914,0.74924904108047485,-0.61294233798980713,-0.11736123263835907,-0.7506975531578064,-0.063683010637760162,-0.4873431921005249,-0.90330630540847778,-0.92390233278274536,0.17321012914180756,-1.5368133783340454,-0.87786382436752319,-0.95851618051528931,0.65513491630554199,-1.0364173650741577,-1.1623834371566772,-1.0760695934295654,1.3538150787353516,-1.0378787517547607,-0.9358099102973938,-0.95692676305770874,0.48183757066726685,-1.1923335790634155
-1.0934305191040039,-0.91705358028411865,0.89834964275360107,-0.50646781921386719,-0.15829256176948547,-0.81444013118743896,-0.027314549311995506,-0.41240373253822327,-0.72961419820785522,-1.0156686305999756,0.33888703584671021,-1.4262335300445557,-0.58954828977584839,-1.1842961311340332,0.79038006067276001,-0.901528000831604,-0.98816907405853271,-1.3236153125762939,1.5132313966751099,-0.85647976398468018,-0.82341396808624268,-1.1013824939727783,0.63171082735061646,-1.0652496814727783
-1.0993211269378662,-1.0582320690155029,1.0272815227508545,-0.36693179607391357,-0.074646949768066406,-0.82486081123352051,0.0091936979442834854,-0.32974836230278015,-0.635986328125,-1.1836028099060059,0.48066329956054688,-1.2989269495010376,-0.52092897891998291,-1.3671858310699463,0.88924288749694824,-0.73817539215087891,-0.85789519548416138,-1.3207434415817261,1.645211935043335,-0.64352864027023315,-0.67957597970962524,-1.0833910703659058,0.76309078931808472,-0.91705894470214844
-0.8773428201675415,-1.2908089160919189,1.1490601301193237,-0.20773564279079437,-0.0631905198097229,-0.98055052757263184,0.032999459654092789,-0.24475041031837463,-0.46079099178314209,-1.4165351390838623,0.60586243867874146,-1.1485697031021118,-0.40146470069885254,-1.634852409362793,0.97250425815582275,-0.5526353120803833,-0.58825629949569702,-1.5203557014465332,1.7527527809143066,-0.42562824487686157,-0.50937473773956299,-1.1461365222930908,0.87189877033233643,-0.76505720615386963
-0.76447504758834839,-1.3384759426116943,1.2399652004241943,-0.02021770179271698,-0.028584372252225876,-1.1004468202590942,0.0512843057513237,-0.1435292512178421,-0.35370627045631409,-1.5414750576019287,0.70528465509414673,-0.96963000297546387,-0.12311188876628876,-1.6699239015579224,1.0340735912322998,-0.33734405040740967,-0.46173292398452759,-1.8016265630722046,1.8218233585357666,-0.18377634882926941,-0.25332349538803101,-1.2519506216049194,0.95544970035552979,-0.60231709480285645
-0.58620560169219971,-1.2767430543899536,1.3096919059753418,0.17541921138763428,0.12360008060932159,-1.013453483581543,0.060960885137319565,-0.030039869248867035,-0.2701764702796936,-1.415467381477356,0.78448027372360229,-0.77436697483062744,0.11311832070350647,-1.5776350498199463,1.0567175149917603,-0.11682529747486115,-0.19280178844928741,-1.7112597227096558,1.8657840490341187,0.088130488991737366,-0.13719695806503296,-1.3817031383514404,1.0047817230224609,-0.42585456371307373
-0.37497887015342712,-1.304619312286377,1.3514281511306763,0.36713129281997681,0.097665682435035706,-1.0717324018478394,0.049714908003807068,0.074524246156215668,-0.018634803593158722,-1.5501298904418945,0.84511899948120117,-0.58898299932479858,0.28915554285049438,-1.6959651708602905,1.0446308851242065,0.094216600060462952,-0.060372836887836456,-1.8047479391098022,1.8690557479858398,0.35149255394935608,-0.0015893615782260895,-1.492084264755249,1.0334182977676392,-0.23506304621696472
-0.27507087588310242,-1.421546459197998,1.3622479438781738,0.56251204013824463,0.24832504987716675,-1.0777413845062256,0.035932485014200211,0.18370544910430908,0.16841727495193481,-1.6373701095581055,0.87100660800933838,-0.38827234506607056,0.32878780364990234,-1.6128416061401367,1.0045208930969238,0.31517544388771057,0.27656027674674988,-1.6468662023544312,1.845967173576355,0.62272512912750244,0.28056010603904724,-1.4252088069915771,1.038827657699585,-0.032998159527778625
-0.075414955615997314,-1.3541101217269897,1.3532931804656982,0.7689061164855957,0.2359728217124939,-0.97379034757614136,0.001740429550409317,0.29212182760238647,0.52442359924316406,-1.6252398490905762,0.86804640293121338,-0.17880094051361084,0.64652776718139648,-1.5492731332778931,0.94970929622650146,0.52445048093795776,0.4852287769317627,-1.8162779808044434,1.7758407592773438,0.87533128261566162,0.43785426020622253,-1.2909409999847412,1.0059397220611572,0.16138914227485657
0.072756417095661163,-1.2951322793960571,1.3141647577285767,0.96682518720626831,0.1938537210226059,-1.0369231700897217,-0.036394886672496796,0.38776719570159912,0.60784006118774414,-1.5475102663040161,0.81908696889877319,0.028005018830299377,0.71887433528900146,-1.5768105983734131,0.85305798053741455,0.72333884239196777,0.70205515623092651,-1.6744616031646729,1.6727225780487061,1.1398172378540039,0.53155642747879028,-1.3175820112228394,0.94786036014556885,0.33950290083885193
0.28352198004722595,-1.0567635297775269,1.2506203651428223,1.1556674242019653,0.28922191262245178,-0.94688481092453003,-0.074837103486061096,0.48723340034484863,0.82685297727584839,-1.5179840326309204,0.75180655717849731,0.22331467270851135,0.89189165830612183,-1.435870885848999,0.73988354206085205,0.91893529891967773,1.0299478769302368,-1.5936070680618286,1.5354113578796387,1.3833454847335815,0.65143716335296631,-1.1615133285522461,0.87191516160964966,0.51628261804580688
0.60589474439620972,-0.95682758092880249,1.1570043563842773,1.3163360357284546,0.43701571226119995,-0.91166073083877563,-0.12752304971218109,0.57516425848007202,1.0252115726470947,-1.3905099630355835,0.65333133935928345,0.41110888123512268,1.1655153036117554,-1.4236011505126953,0.60038554668426514,1.0935908555984497,1.2154176235198975,-1.4589133262634277,1.3540557622909546,1.6104423999786377,0.83459299802780151,-0.96718114614486694,0.77566385269165039,0.67257720232009888
0.78093326091766357,-0.86867666244506836,1.0237443447113037,1.4613544940948486,0.43187969923019409,-0.83478301763534546,-0.19903287291526794,0.65640479326248169,1.1097438335418701,-1.1260223388671875,0.52629482746124268,0.58008837699890137,1.2601103782653809,-1.2089309692382812,0.4257088303565979,1.2589939832687378,1.2156188488006592,-1.2043447494506836,1.1439896821975708,1.8136360645294189,1.1805412769317627,-0.92578846216201782,0.65392416715621948,0.80367815494537354
0.92584836483001709,-0.73460078239440918,0.86659896373748779,1.5900272130966187,0.46037158370018005,-0.72687685489654541,-0.27362361550331116,0.72589516639709473,1.20697021484375,-0.90615302324295044,0.38319340348243713,0.71524864435195923,1.3657598495483398,-0.95375686883926392,0.2344355583190918,1.3932127952575684,1.4474421739578247,-0.97393089532852173,0.92510759830474854,1.9796602725982666,1.1494665145874023,-0.7573583722114563,0.4918285608291626,0.92376887798309326
1.0639821290969849,-0.37890499830245972,0.68954247236251831,1.6966756582260132,0.47006475925445557,-0.56590735912322998,-0.35405451059341431,0.78045254945755005,1.3829478025436401,-0.73371469974517822,0.22453947365283966,0.82046341896057129,1.5344277620315552,-0.87531602382659912,0.027114473283290863,1.4915657043457031,1.7291266918182373,-0.81746697425842285,0.67615073919296265,2.1107234954833984,1.4083151817321777,-0.53786450624465942,0.32787835597991943,1.018207311630249
0.96487706899642944,-0.14448270201683044,0.4944722056388855,1.7582850456237793,0.40240350365638733,-0.56883078813552856,-0.43766671419143677,0.81457316875457764,1.3531231880187988,-0.68524074554443359,0.044044014066457748,0.89988893270492554,1.4561667442321777,-0.61553442478179932,-0.20067267119884491,1.5711517333984375,1.7655210494995117,-0.48503535985946655,0.3940589427947998,2.2129433155059814,1.3588211536407471,-0.39547020196914673,0.13436849415302277,1.0819547176361084
1.0915036201477051,-0.071029938757419586,0.3074641227722168,1.7863674163818359,0.22687473893165588,-0.37598592042922974,-0.51568859815597534,0.84461551904678345,1.4574441909790039,-0.36792641878128052,-0.13629412651062012,0.9649960994720459,1.5086492300033569,-0.31964847445487976,-0.42317217588424683,1.6129359006881714,1.7825609445571899,-0.13426041603088379,0.1050020158290863,2.2672543525695801,1.450996994972229,-0.099081441760063171,-0.056156374514102936,1.1214421987533569
1.0161689519882202,0.20405405759811401,0.10756208002567291,1.7976295948028564,0.23993884027004242,-0.29863584041595459,-0.57716542482376099,0.85130620002746582,1.372281551361084,-0.14569135010242462,-0.32917848229408264,0.9889979362487793,1.6063719987869263,-0.16525503993034363,-0.65161144733428955,1.6138062477111816,1.7206735610961914,-0.0054701566696166992,-0.18665866553783417,2.2717747688293457,1.4112755060195923,0.020745851099491119,-0.2566753625869751,1.1215699911117554
0.94669747352600098,0.30364340543746948,-0.084120966494083405,1.7713721990585327,0.27258917689323425,-0.17581702768802643,-0.63989841938018799,0.84716290235519409,1.3919587135314941,0.04558388888835907,-0.51353830099105835,0.98103457689285278,1.6362231969833374,0.11994713544845581,-0.88844287395477295,1.5878715515136719,1.6848433017730713,0.17359429597854614,-0.47053807973861694,2.2488839626312256,1.45517897605896,0.17010964453220367,-0.4519791305065155,1.0997424125671387
0.92032480239868164,0.51478457450866699,-0.2663567066192627,1.7257870435714722,0.12019453942775726,-0.050121158361434937,-0.7052994966506958,0.82764381170272827,1.2970720529556274,0.24775075912475586,-0.69832104444503784,0.94482517242431641,1.4574512243270874,0.25919511914253235,-1.1254940032958984,1.5218006372451782,1.6424012184143066,0.40416166186332703,-0.74792730808258057,2.1941118240356445,1.3963394165039062,0.43726927042007446,-0.64937078952789307,1.0534020662307739
0.93098104000091553,0.73440074920654297,-0.44255274534225464,1.6503093242645264,0.14050637185573578,-0.027267064899206161,-0.75408285856246948,0.79242438077926636,1.287334680557251,0.47993424534797668,-0.87066304683685303,0.87943547964096069,1.4563604593276978,0.62874215841293335,-1.3399051427841187,1.4304280281066895,1.6187586784362793,0.62840110063552856,-1.0166200399398804,2.1028296947479248,1.2172763347625732,0.60653126239776611,-0.83734405040740967,0.97081822156906128
0.84553724527359009,0.89913070201873779,-0.61496299505233765,1.5445780754089355,-0.084330029785633087,0.17568886280059814,-0.80284202098846436,0.75271302461624146,1.0954029560089111,0.73999810218811035,-1.037705659866333,0.78266429901123047,1.3016272783279419,0.81767159700393677,-1.5483273267745972,1.2920074462890625,1.4753366708755493,1.0196444988250732,-1.2767348289489746,1.9763303995132446,1.1958259344100952,0.78390979766845703,-1.0021328926086426,0.86247491836547852
0.76235729455947876,0.95251071453094482,-0.77249658107757568,1.4144587516784668,-0.066829010844230652,0.19351226091384888,-0.82683885097503662,0.6905287504196167,0.9671940803527832,0.77054643630981445,-1.1797019243240356,0.65218269824981689,1.0308923721313477,1.0483380556106567,-1.7330938577651978,1.1251915693283081,1.3488000631332397,1.2098462581634521,-1.5145958662033081,1.7985595464706421,0.8633882999420166,0.9162716269493103,-1.1583619117736816,0.72887390851974487
0.7466425895690918,1.1288058757781982,-0.91425973176956177,1.2719780206680298,-0.20528121292591095,0.183540940284729,-0.84934383630752563,0.62575626373291016,0.83753836154937744,1.002581000328064,-1.3015036582946777,0.51239782571792603,0.99283218383789062,1.2809784412384033,-1.8813397884368896,0.92716014385223389,1.1191272735595703,1.3664157390594482,-1.7294806241989136,1.5910474061965942,0.83324676752090454,1.1384267807006836,-1.2737298011779785,0.5750998854637146
0.49212917685508728,1.3078935146331787,-1.0464825630187988,1.1057056188583374,-0.34438809752464294,0.23021319508552551,-0.85464221239089966,0.56126528978347778,0.64317655563354492,1.0586972236633301,-1.4026292562484741,0.34422329068183899,0.64385414123535156,1.3786497116088867,-2.0150079727172852,0.69972634315490723,0.82006621360778809,1.5332804918289185,-1.90973961353302,1.3584851026535034,0.53867596387863159,1.3045098781585693,-1.3777174949645996,0.39433133602142334
0.2393689900636673,1.4871311187744141,-1.1441614627838135,0.915985107421875,-0.45355534553527832,0.25672847032546997,-0.84278982877731323,0.49224546551704407,0.45079490542411804,1.1518130302429199,-1.475325345993042,0.16645608842372894,0.44785934686660767,1.4973180294036865,-2.101635217666626,0.45729520916938782,0.5239751935005188,1.7381993532180786,-2.0474038124084473,1.1017211675643921,0.43732601404190063,1.217748761177063,-1.442610502243042,0.19290950894355774
0.052961058914661407,1.5110872983932495,-1.2065209150314331,0.70466548204421997,-0.56009608507156372,0.26769545674324036,-0.81666219234466553,0.42159357666969299,0.24887955188751221,1.2965925931930542,-1.5194898843765259,-0.023130178451538086,0.16887608170509338,1.475799560546875,-2.1560671329498291,0.20019990205764771,0.42397063970565796,1.7596199512481689,-2.1418325901031494,0.81921923160552979,0.18235637247562408,1.3899641036987305,-1.4869475364685059,-0.0018082559108734131
-0.11383756250143051,1.4874308109283447,-1.239342212677002,0.48916581273078918,-0.71426224708557129,0.23498222231864929,-0.77652978897094727,0.35158455371856689,0.071706071496009827,1.2454888820648193,-1.533759593963623,-0.22820939123630524,-0.022344455122947693,1.6018579006195068,-2.1694762706756592,-0.055848494172096252,0.073772542178630829,1.8830116987228394,-2.2116236686706543,0.53163957595825195,0.0078359469771385193,1.286635160446167,-1.4958281517028809,-0.21473914384841919
-0.23700337111949921,1.6157990694046021,-1.2445622682571411,0.27574238181114197,-0.79418879747390747,0.39445725083351135,-0.71774923801422119,0.28727886080741882,-0.14612399041652679,1.2649722099304199,-1.5200244188308716,-0.42761000990867615,-0.18931329250335693,1.6426886320114136,-2.1509463787078857,-0.32357412576675415,-0.17744673788547516,1.8363161087036133,-2.2316586971282959,0.23004195094108582,-0.31205374002456665,1.2927956581115723,-1.4766122102737427,-0.41645202040672302
-0.54173862934112549,1.5304107666015625,-1.226819634437561,0.0505523681640625,-0.83015912771224976,0.35185205936431885,-0.64814436435699463,0.21034950017929077,-0.42730322480201721,1.3317553997039795,-1.4746756553649902,-0.62703347206115723,-0.59069466590881348,1.5764731168746948,-2.1025211811065674,-0.59279310703277588,-0.55706882476806641,1.6775951385498047,-2.2114484310150146,-0.066003188490867615,-0.5628160834312439,1.2562475204467773,-1.4154958724975586,-0.61656844615936279
-0.72328609228134155,1.502618670463562,-1.1675155162811279,-0.16381332278251648,-1.0202027559280396,0.27278682589530945,-0.57155054807662964,0.14162145555019379,-0.6291966438293457,1.3256597518920898,-1.3915742635726929,-0.82963746786117554,-0.82345467805862427,1.5820991992950439,-2.0008714199066162,-0.85130488872528076,-0.88493674993515015,1.7739545106887817,-2.1386795043945312,-0.34332656860351562,-0.76590961217880249,1.1881760358810425,-1.3197324275970459,-0.80874383449554443
-0.80882567167282104,1.3381938934326172,-1.079765796661377,-0.37111487984657288,-1.13140869140625,0.12734358012676239,-0.47301179170608521,0.085037179291248322,-0.87344062328338623,1.0641704797744751,-1.2787259817123413,-1.0262367725372314,-1.1922935247421265,1.4439623355865479,-1.8637231588363647,-1.1037133932113647,-1.0583599805831909,1.6177098751068115,-2.0197861194610596,-0.62493908405303955,-0.86651259660720825,1.060602068901062,-1.1946994066238403,-0.98815232515335083
-0.99361532926559448,1.3010640144348145,-0.97369968891143799,-0.55631852149963379,-0.98255020380020142,0.023933723568916321,-0.36115247011184692,0.048250123858451843,-1.0320008993148804,1.0237247943878174,-1.1323795318603516,-1.1898502111434937,-1.4013748168945312,1.2531816959381104,-1.6779934167861938,-1.333915114402771,-1.3019402027130127,1.3348065614700317,-1.8702865839004517,-0.88325977325439453,-1.0143454074859619,0.91351830959320068,-1.0514633655548096,-1.1474676132202148
-1.086801290512085,1.1099841594696045,-0.84060531854629517,-0.73138046264648438,-1.0747910737991333,-0.089485466480255127,-0.26304659247398376,0.027596030384302139,-1.429288387298584,0.98293578624725342,-0.96295243501663208,-1.3411217927932739,-1.544419527053833,1.1728345155715942,-1.4610649347305298,-1.5343680381774902,-1.513869047164917,1.1728470325469971,-1.6845142841339111,-1.1042460203170776,-1.0721137523651123,0.75533658266067505,-0.88641375303268433,-1.2839586734771729
-1.295509934425354,0.84842991828918457,-0.69031590223312378,-0.87962484359741211,-1.1616144180297852,-0.1338171660900116,-0.1553007960319519,0.023291345685720444,-1.5669875144958496,0.69704931974411011,-0.74732959270477295,-1.478946328163147,-1.696198582649231,0.97579312324523926,-1.2212151288986206,-1.7147493362426758,-1.8458709716796875,0.92855769395828247,-1.467717170715332,-1.2984209060668945,-1.3597484827041626,0.62797445058822632,-0.70982801914215088,-1.3955732583999634
-1.3550827503204346,0.71853739023208618,-0.51271986961364746,-0.99331623315811157,-1.1610367298126221,-0.26523065567016602,-0.039329946041107178,0.028804842382669449,-1.5159790515899658,0.58147162199020386,-0.51242637634277344,-1.5766005516052246,-1.8420630693435669,0.67643797397613525,-0.95871156454086304,-1.8623749017715454,-1.9168678522109985,0.76549935340881348,-1.2094143629074097,-1.4561755657196045,-1.4974377155303955,0.37183165550231934,-0.50002849102020264,-1.4849745035171509
-1.4359488487243652,0.62386989593505859,-0.32461929321289062,-1.0844781398773193,-1.131935715675354,-0.24731263518333435,0.075586326420307159,0.053192552179098129,-1.5474224090576172,0.22681111097335815,-0.27923130989074707,-1.6504068374633789,-2.0619552135467529,0.43855923414230347,-0.67591577768325806,-1.9660909175872803,-2.1404061317443848,0.50293922424316406,-0.93777632713317871,-1.5837960243225098,-1.3831671476364136,0.18318852782249451,-0.27332141995429993,-1.5377711057662964
-1.3355151414871216,0.22536298632621765,-0.12507070600986481,-1.156251072883606,-1.0951238870620728,-0.28752315044403076,0.18566367030143738,0.081351272761821747,-1.6438167095184326,-0.020913232117891312,-0.040674619376659393,-1.6766903400421143,-2.0177366733551025,0.14227432012557983,-0.36773508787155151,-2.0313093662261963,-2.1376240253448486,0.17790155112743378,-0.63913041353225708,-1.6708568334579468,-1.4572372436523438,0.10818122327327728,-0.056828446686267853,-1.5601003170013428
-1.5441851615905762,0.0966329425573349,0.06676037609577179,-1.1778024435043335,-0.93302494287490845,-0.29326799511909485,0.28997361660003662,0.11882972717285156,-1.6786710023880005,-0.036488354206085205,0.20734213292598724,-1.6661742925643921,-2.1501815319061279,-0.078070670366287231,-0.062653258442878723,-2.0511670112609863,-2.1549718379974365,-0.25086936354637146,-0.33829405903816223,-1.7100197076797485,-1.5395095348358154,-0.18921172618865967,0.16683301329612732,-1.564023494720459
-1.4125109910964966,-0.11328967660665512,0.2793349027633667,-1.1768069267272949,-0.82500231266021729,-0.4877740740776062,0.37555989623069763,0.16183644533157349,-1.7434560060501099,-0.44205251336097717,0.456775963306427,-1.6418324708938599,-2.1280786991119385,-0.29212850332260132,0.25475960969924927,-2.0336947441101074,-2.1448929309844971,-0.48331260681152344,-0.035649858415126801,-1.6911009550094604,-1.5024410486221313,-0.37197500467300415,0.39752316474914551,-1.5270602703094482
-1.5586633682250977,-0.34170171618461609,0.47736796736717224,-1.1442539691925049,-0.77966177463531494,-0.64541906118392944,0.44767189025878906,0.22828200459480286,-1.5212318897247314,-0.44304734468460083,0.70992356538772583,-1.5646815299987793,-2.0100424289703369,-0.67108595371246338,0.56711548566818237,-1.9791407585144043,-2.1534533500671387,-0.74340677261352539,0.26315984129905701,-1.6340053081512451,-1.5056450366973877,-0.57671999931335449,0.6212308406829834,-1.4605787992477417
-1.3921024799346924,-0.39098957180976868,0.68716347217559814,-1.0792144536972046,-0.55800974369049072,-0.56446576118469238,0.51149618625640869,0.31366416811943054,-1.5605576038360596,-0.82466804981231689,0.93543469905853271,-1.4753228425979614,-1.7488061189651489,-0.73125714063644409,0.86300849914550781,-1.8714975118637085,-2.0465552806854248,-1.0593371391296387,0.55812430381774902,-1.5363961458206177,-1.3443107604980469,-0.85917866230010986,0.84055888652801514,-1.3629121780395508
-1.2229963541030884,-0.58552461862564087,0.87576127052307129,-0.99921834468841553,-0.6425291895866394,-0.59194689989089966,0.5485115647315979,0.3935929536819458,-1.4417600631713867,-0.95635974407196045,1.1590293645858765,-1.3371442556381226,-1.6009987592697144,-1.0265885591506958,1.1255810260772705,-1.743793249130249,-1.7310566902160645,-1.4018734693527222,0.83570694923400879,-1.3931336402893066,-1.1977587938308716,-1.0591024160385132,1.0375299453735352,-1.226701021194458
-1.0325582027435303,-0.86200523376464844,1.042294979095459,-0.89088821411132812,-0.56437355279922485,-0.52607262134552002,0.58977335691452026,0.47761258482933044,-1.1510206460952759,-1.0615410804748535,1.3624794483184814,-1.1755380630493164,-1.4886693954467773,-1.2083863019943237,1.3653860092163086,-1.574293851852417,-1.6298142671585083,-1.5402222871780396,1.0728857517242432,-1.2027060985565186,-1.0149567127227783,-1.2084696292877197,1.2118446826934814,-1.0615509748458862
-1.0028126239776611,-1.0916913747787476,1.1833600997924805,-0.747303307056427,-0.34505772590637207,-0.59850305318832397,0.61878424882888794,0.55657321214675903,-1.0187362432479858,-1.1993639469146729,1.5275512933731079,-0.99430316686630249,-1.3015488386154175,-1.428142786026001,1.5840346813201904,-1.3757451772689819,-1.2534407377243042,-1.9091904163360596,1.2889924049377441,-0.98783528804779053,-0.86032980680465698,-1.4119687080383301,1.3585799932479858,-0.87382453680038452
-0.72439169883728027,-1.1843760013580322,1.3134310245513916,-0.57462936639785767,-0.28033939003944397,-0.52767366170883179,0.62175607681274414,0.64372754096984863,-0.93438190221786499,-1.3689992427825928,1.6693533658981323,-0.7922062873840332,-1.0278748273849487,-1.4736324548721313,1.7727349996566772,-1.1455847024917603,-0.95942091941833496,-2.0369627475738525,1.4554296731948853,-0.72665959596633911,-0.69903272390365601,-1.454113245010376,1.4796029329299927,-0.65962076187133789
-0.46375834941864014,-1.1362670660018921,1.4062625169754028,-0.3872944712638855,-0.066259890794754028,-0.59213399887084961,0.61390328407287598,0.7234036922454834,-0.65479201078414917,-1.6573629379272461,1.7917860746383667,-0.56735336780548096,-0.75381118059158325,-1.6789361238479614,1.9214463233947754,-0.90292537212371826,-0.68271034955978394,-2.1705043315887451,1.5784397125244141,-0.44605714082717896,-0.45121574401855469,-1.4969840049743652,1.573089599609375,-0.43651884794235229
-0.26727521419525146,-1.2852169275283813,1.4631360769271851,-0.20132122933864594,-0.021398216485977173,-0.38940814137458801,0.58072924613952637,0.80863893032073975,-0.42208808660507202,-1.6809954643249512,1.8743150234222412,-0.30897653102874756,-0.54123938083648682,-1.6821246147155762,2.0297572612762451,-0.63385230302810669,-0.2903430163860321,-2.2221322059631348,1.6590578556060791,-0.14773166179656982,-0.17868387699127197,-1.5955020189285278,1.6301171779632568,-0.20587092638015747
