1.05762779712677,0.072842583060264587,0.91239374876022339,0.068175226449966431,1.0245348215103149,0.011334285140037537,0.91246020793914795,0.093333259224891663,1.0237820148468018,0.16380514204502106,1.0350034236907959,-0.0060668420046567917
0.92921549081802368,0.036408346146345139,0.93947947025299072,0.13823756575584412,0.92865675687789917,0.19685386121273041,1.0799939632415771,0.10690649598836899,0.93527668714523315,0.084803983569145203,0.9515191912651062,0.036048173904418945
0.99310404062271118,0.15409684181213379,0.91388320922851562,0.033251158893108368,0.97694903612136841,0.19127480685710907,1.043174147605896,0.21064755320549011,0.81909126043319702,0.18557694554328918,1.0031332969665527,-0.0097484961152076721
0.94842720031738281,0.13027048110961914,0.99547344446182251,0.034516774117946625,1.0003763437271118,0.29146924614906311,0.82921016216278076,0.17754305899143219,0.87289422750473022,0.3319399356842041,1.0291460752487183,-0.001520499587059021
0.90605378150939941,0.096316762268543243,0.84539645910263062,0.10182464867830276,0.90149825811386108,0.23943525552749634,0.86166638135910034,0.26746052503585815,0.75590014457702637,0.27578720450401306,0.81785756349563599,0.065564826130867004
0.70513588190078735,0.18629695475101471,0.81601238250732422,0.10021258145570755,0.8472670316696167,0.41828140616416931,0.87819451093673706,0.34570956230163574,0.69408726692199707,0.41581514477729797,0.92483508586883545,0.2400059849023819
0.67029267549514771,0.20411844551563263,0.85228359699249268,0.18389272689819336,0.83321517705917358,0.33382847905158997,0.80241119861602783,0.42969059944152832,0.69206207990646362,0.43520843982696533,0.87495380640029907,0.31515172123908997
0.70440542697906494,0.14270275831222534,0.74369519948959351,0.095604009926319122,0.61989200115203857,0.49710148572921753,0.7013893723487854,0.24173605442047119,0.6967584490776062,0.354848712682724,0.64228194952011108,0.28713676333427429
0.64655542373657227,0.2224995344877243,0.68249213695526123,0.075243055820465088,0.52193635702133179,0.38223379850387573,0.55750751495361328,0.47226166725158691,0.50614476203918457,0.35772186517715454,0.63619190454483032,0.33951321244239807
0.46473526954650879,0.17877376079559326,0.61751127243041992,0.15024182200431824,0.54578930139541626,0.37770718336105347,0.50868028402328491,0.37707489728927612,0.46157965064048767,0.46809554100036621,0.41243129968643188,0.3459717333316803
0.45272475481033325,0.30635532736778259,0.3799625039100647,0.27171680331230164,0.48773863911628723,0.3572414219379425,0.40356352925300598,0.48660069704055786,0.38556063175201416,0.30290436744689941,0.35123518109321594,0.26624554395675659
0.3766116201877594,0.17576265335083008,0.40545570850372314,0.15382584929466248,0.28986972570419312,0.22778227925300598,0.33076459169387817,0.36719346046447754,0.21694336831569672,0.40995398163795471,0.19476921856403351,0.36895674467086792
0.21024991571903229,0.19587351381778717,0.28282850980758667,0.036859042942523956,0.36819976568222046,0.1601068377494812,0.20760911703109741,0.40021508932113647,0.19047963619232178,0.30532020330429077,0.10058408975601196,0.27614521980285645
0.11933472007513046,0.12198757380247116,0.18879668414592743,-0.015073373913764954,0.31481850147247314,0.24876499176025391,-0.021958351135253906,0.31571170687675476,-0.0088400561362504959,0.17701604962348938,0.17573091387748718,0.21695815026760101
0.049435731023550034,0.0013588592410087585,0.17171180248260498,0.044397622346878052,0.14820198714733124,0.23299664258956909,-0.12549228966236115,0.33971595764160156,-0.099678635597229004,0.022246144711971283,0.076287254691123962,0.13437835872173309
-0.04219166561961174,0.048984382301568985,0.030332647264003754,-0.013640120625495911,0.085833661258220673,0.15031689405441284,-0.10871269553899765,0.17082668840885162,-0.085284702479839325,0.076286658644676208,-0.13052819669246674,0.17890641093254089
-0.11202643811702728,-0.085259847342967987,-0.0051063299179077148,-0.14419573545455933,0.10795716941356659,0.034143414348363876,-0.22418858110904694,0.16119846701622009,-0.28067421913146973,-0.036138303577899933,-0.086795277893543243,0.075797319412231445
-0.18271535634994507,-0.17412066459655762,-0.18316057324409485,-0.20292188227176666,-0.082103773951530457,-0.031442534178495407,-0.28569075465202332,0.018635833635926247,-0.23959976434707642,-0.23582327365875244,-0.21387454867362976,0.072341844439506531
-0.19911964237689972,-0.24769140779972076,-0.19488675892353058,-0.30384993553161621,-0.16855548322200775,-0.15622784197330475,-0.39166122674942017,-0.10298199206590652,-0.22922366857528687,-0.29069483280181885,-0.1310420036315918,-0.14152492582798004
-0.23693141341209412,-0.39036804437637329,-0.21847756206989288,-0.38815692067146301,-0.083395227789878845,-0.19243481755256653,-0.31159603595733643,-0.21404099464416504,-0.27675214409828186,-0.48797950148582458,-0.24162544310092926,-0.34018343687057495
-0.36712062358856201,-0.27304947376251221,-0.29722866415977478,-0.48857858777046204,-0.21673360466957092,-0.3158835768699646,-0.42102125287055969,-0.22328999638557434,-0.36970800161361694,-0.49757051467895508,-0.28099045157432556,-0.28299549221992493
-0.48719877004623413,-0.30619734525680542,-0.30080857872962952,-0.42976009845733643,-0.24561038613319397,-0.44347158074378967,-0.42409059405326843,-0.47894877195358276,-0.39124807715415955,-0.54930382966995239,-0.42674273252487183,-0.35899651050567627
-0.48381537199020386,-0.47295606136322021,-0.18633782863616943,-0.6673014760017395,-0.18310493230819702,-0.32835951447486877,-0.27671694755554199,-0.46376684308052063,-0.31932860612869263,-0.74049466848373413,-0.36340048909187317,-0.56639790534973145
-0.49052247405052185,-0.55711591243743896,-0.3291621208190918,-0.68088352680206299,-0.31319791078567505,-0.45585200190544128,-0.23890203237533569,-0.61028116941452026,-0.41098892688751221,-0.83030766248703003,-0.27318838238716125,-0.63264209032058716
-0.35206374526023865,-0.63031613826751709,-0.29560652375221252,-0.73760378360748291,-0.43605485558509827,-0.6119617223739624,-0.28556457161903381,-0.79878866672515869,-0.30848351120948792,-0.96527481079101562,-0.29593896865844727,-0.74470776319503784
-0.3365742564201355,-0.62121802568435669,-0.11742579191923141,-0.787098228931427,-0.48911833763122559,-0.65390092134475708,-0.25623407959938049,-0.81287133693695068,-0.35333165526390076,-1.0813041925430298,-0.39656561613082886,-0.72104203701019287
-0.42088732123374939,-0.79032939672470093,-0.25173157453536987,-1.004331111907959,-0.39432641863822937,-0.78043293952941895,-0.05417238175868988,-0.94472378492355347,-0.18817843496799469,-1.0625569820404053,-0.20887374877929688,-0.75337052345275879
-0.39260590076446533,-0.69900572299957275,-0.091887377202510834,-0.94601356983184814,-0.2599150538444519,-0.80523157119750977,-0.14111299812793732,-1.0247979164123535,-0.23059156537055969,-1.1446425914764404,-0.3035007119178772,-0.86245286464691162
-0.32891064882278442,-0.83702605962753296,-0.11296107620000839,-0.98800241947174072,-0.30227792263031006,-0.85631132125854492,0.0053028836846351624,-1.138845682144165,-0.112052321434021,-1.1794357299804688,-0.21703964471817017,-0.79626083374023438
-0.33616197109222412,-0.857921302318573,-0.072193421423435211,-1.0014808177947998,-0.33512485027313232,-0.88890397548675537,0.073252998292446136,-1.0468007326126099,0.074008643627166748,-1.0666420459747314,-0.15285086631774902,-0.84377360343933105
-0.28568422794342041,-0.81214314699172974,0.03147771954536438,-1.1532790660858154,-0.24461820721626282,-1.062952995300293,0.15368384122848511,-1.0432918071746826,0.15521752834320068,-1.1246707439422607,0.050580568611621857,-0.83309942483901978
-0.19014658033847809,-0.81954073905944824,-0.048395406454801559,-1.0974588394165039,-0.28210493922233582,-0.90966224670410156,0.27460548281669617,-1.1815941333770752,0.078815720975399017,-1.0529710054397583,0.040018819272518158,-0.87893790006637573
-0.059573281556367874,-0.8752901554107666,0.14521282911300659,-1.1308296918869019,-0.30618995428085327,-0.90710771083831787,0.29287958145141602,-1.0936822891235352,0.15525183081626892,-0.94377976655960083,0.10658058524131775,-0.93737697601318359
-0.037729158997535706,-0.71084755659103394,0.089511588215827942,-0.97911959886550903,-0.082229651510715485,-0.97405833005905151,0.30482128262519836,-1.052499532699585,0.34361493587493896,-0.9533926248550415,0.23268276453018188,-0.90035873651504517
-0.019274249672889709,-0.67314702272415161,0.098290808498859406,-1.0002459287643433,-0.1187366396188736,-0.99331086874008179,0.38087910413742065,-1.1550545692443848,0.23930186033248901,-0.85215020179748535,0.25735202431678772,-0.72845971584320068
0.1785627156496048,-0.73814082145690918,0.18105338513851166,-0.95588964223861694,0.048969969153404236,-1.0297062397003174,0.54733115434646606,-0.96595090627670288,0.4787115752696991,-0.85903465747833252,0.31725895404815674,-0.67080962657928467
0.082257993519306183,-0.70535075664520264,0.18845368921756744,-0.94038784503936768,-0.024327849969267845,-0.85716706514358521,0.57057464122772217,-1.0544378757476807,0.46187311410903931,-0.74305629730224609,0.51175069808959961,-0.68398237228393555
0.18877521157264709,-0.58277183771133423,0.12846407294273376,-0.88045549392700195,0.094464495778083801,-0.80209481716156006,0.68013095855712891,-0.96929633617401123,0.3953934907913208,-0.72006726264953613,0.48186025023460388,-0.6796879768371582
0.22282218933105469,-0.57219278812408447,0.34770148992538452,-0.85844713449478149,0.10448118299245834,-0.79131472110748291,0.63753098249435425,-0.85497570037841797,0.48144316673278809,-0.64679241180419922,0.49080595374107361,-0.53198647499084473
0.25651460886001587,-0.37403890490531921,0.24675720930099487,-0.69549554586410522,0.24971717596054077,-0.75578916072845459,0.67944687604904175,-0.81295782327651978,0.57228749990463257,-0.38047230243682861,0.69202291965484619,-0.38840547204017639
0.23796728253364563,-0.27242836356163025,0.29483470320701599,-0.6509367823600769,0.26972001791000366,-0.57413274049758911,0.71997570991516113,-0.62326729297637939,0.51869457960128784,-0.29750216007232666,0.66741859912872314,-0.44771355390548706
0.39523303508758545,-0.27035385370254517,0.29170632362365723,-0.56806433200836182,0.24729248881340027,-0.57483863830566406,0.72048324346542358,-0.51423394680023193,0.31142765283584595,-0.2672082781791687,0.67291456460952759,-0.22598892450332642
0.32074710726737976,-0.20785854756832123,0.30003434419631958,-0.60031533241271973,0.23615598678588867,-0.44677579402923584,0.86243623495101929,-0.55679404735565186,0.4276735782623291,-0.18438757956027985,0.63841444253921509,-0.16801643371582031
0.20642897486686707,-0.037007246166467667,0.13844896852970123,-0.3863588273525238,0.37329912185668945,-0.41775107383728027,0.86143237352371216,-0.32977083325386047,0.31277090311050415,-0.080985091626644135,0.57959860563278198,-0.091698408126831055
0.32344284653663635,-0.087623074650764465,0.29275587201118469,-0.33688065409660339,0.28745663166046143,-0.25890541076660156,0.90189141035079956,-0.29357025027275085,0.29690185189247131,0.02585010789334774,0.63995492458343506,0.12556692957878113
0.3459371030330658,0.15684264898300171,0.18554574251174927,-0.29219606518745422,0.21759131550788879,-0.0096164494752883911,0.79950606822967529,-0.1386164128780365,0.33703386783599854,0.16602125763893127,0.56145870685577393,0.15124112367630005
0.24030992388725281,0.20302630960941315,0.072083160281181335,-0.18244528770446777,0.19565907120704651,-0.07713906466960907,0.66322678327560425,0.11221428215503693,0.20103907585144043,0.16990610957145691,0.40466716885566711,0.15367963910102844
0.28316938877105713,0.32168287038803101,0.025177434086799622,-0.13925763964653015,0.18831132352352142,0.045669019222259521,0.5836944580078125,0.13103258609771729,0.19166746735572815,0.27851992845535278,0.42345651984214783,0.23932795226573944
0.11283516883850098,0.40573456883430481,-0.044991426169872284,-0.011688150465488434,0.066399678587913513,0.20657928287982941,0.57753133773803711,0.17046543955802917,0.00040487945079803467,0.34502792358398438,0.21918177604675293,0.28544217348098755
0.12140040099620819,0.43687671422958374,-0.025686107575893402,0.041097402572631836,0.1007402092218399,0.42988660931587219,0.44419458508491516,0.22560274600982666,-0.071580812335014343,0.59482252597808838,0.32897824048995972,0.4327734112739563
0.10346093773841858,0.29224568605422974,-0.26860910654067993,0.040144346654415131,-0.024384569376707077,0.40945658087730408,0.16357606649398804,0.44355282187461853,-0.057354278862476349,0.61312687397003174,0.24883249402046204,0.5431053638458252
-0.033999137580394745,0.40651962161064148,-0.40626659989356995,0.14004743099212646,-0.15719735622406006,0.55338180065155029,0.11789499223232269,0.53575599193572998,-0.24692332744598389,0.49641337990760803,0.067051522433757782,0.55643153190612793
-0.16179443895816803,0.49410423636436462,-0.36670929193496704,0.14742673933506012,-0.20449304580688477,0.59946960210800171,-0.13380216062068939,0.61529254913330078,-0.28551259636878967,0.61464065313339233,0.0054904799908399582,0.62245839834213257
-0.1204724982380867,0.47862881422042847,-0.64638471603393555,0.17070759832859039,-0.32045432925224304,0.53621584177017212,-0.33276352286338806,0.56830614805221558,-0.26947927474975586,0.57240742444992065,-0.10832136869430542,0.44677817821502686
-0.22992751002311707,0.58175933361053467,-0.66842460632324219,0.30258792638778687,-0.47184848785400391,0.49332129955291748,-0.42189317941665649,0.45929610729217529,-0.38308769464492798,0.58210384845733643,-0.26959133148193359,0.52427834272384644
-0.44251155853271484,0.47816810011863708,-0.78204548358917236,0.19902701675891876,-0.39992010593414307,0.65346091985702515,-0.51428848505020142,0.58051800727844238,-0.45628944039344788,0.52560460567474365,-0.45584318041801453,0.44598355889320374
-0.40203511714935303,0.56201356649398804,-0.74976271390914917,0.27058082818984985,-0.53430348634719849,0.58107149600982666,-0.56119728088378906,0.47914054989814758,-0.66503399610519409,0.5472145676612854,-0.57306951284408569,0.47990274429321289
-0.61133193969726562,0.41870537400245667,-0.82754021883010864,0.18052895367145538,-0.55797135829925537,0.58352679014205933,-0.68830960988998413,0.29428160190582275,-0.87722480297088623,0.53195363283157349,-0.55779117345809937,0.45559811592102051
-0.64365726709365845,0.41053560376167297,-0.8977738618850708,0.099181801080703735,-0.69408482313156128,0.58404135704040527,-0.66757678985595703,0.21748465299606323,-0.88968384265899658,0.39613425731658936,-0.83453506231307983,0.39769420027732849
-0.74660760164260864,0.4868873655796051,-0.94683259725570679,0.18760553002357483,-0.87568742036819458,0.50330358743667603,-0.85081398487091064,0.16541033983230591,-0.94826197624206543,0.41220548748970032,-0.85836958885192871,0.34310954809188843
-0.69975227117538452,0.3526548445224762,-1.0047804117202759,0.054185863584280014,-0.74602973461151123,0.53758096694946289,-0.73737066984176636,0.29355904459953308,-1.0986678600311279,0.30875393748283386,-0.82625597715377808,0.230253666639328
-0.87350612878799438,0.42220216989517212,-1.0284373760223389,-0.026228258386254311,-0.89649856090545654,0.5384211540222168,-0.97621697187423706,0.10030712932348251,-1.1138523817062378,0.29465967416763306,-1.052592396736145,0.21542002260684967
-0.81238436698913574,0.33977001905441284,-1.0645426511764526,0.029086947441101074,-0.8424447774887085,0.34816431999206543,-0.87440603971481323,-0.0094010625034570694,-1.0600554943084717,0.087103337049484253,-1.0028859376907349,0.17798593640327454
-0.86787748336791992,0.21810625493526459,-1.0479068756103516,-0.014234527945518494,-0.79210847616195679,0.44127580523490906,-1.0302562713623047,-0.24645823240280151,-1.0363385677337646,0.048874542117118835,-0.99453961849212646,-0.1435849666595459
-0.94263166189193726,0.11971316486597061,-1.0799409151077271,-0.043645977973937988,-0.94142937660217285,0.38827145099639893,-0.98972225189208984,-0.31811773777008057,-1.1003185510635376,-0.0080627128481864929,-1.2179681062698364,-0.088304892182350159
-0.94083893299102783,0.14699527621269226,-1.1867876052856445,-0.17419488728046417,-0.89856386184692383,0.31625199317932129,-0.95063602924346924,-0.37276867032051086,-1.0921450853347778,-0.16159319877624512,-1.1700035333633423,-0.17661899328231812
-0.89341449737548828,0.063837543129920959,-0.94159626960754395,-0.24565654993057251,-0.82893633842468262,0.3575272262096405,-0.95367878675460815,-0.37728148698806763,-0.84779351949691772,-0.17025989294052124,-1.2125940322875977,-0.45165348052978516
-0.80104202032089233,0.045194707810878754,-0.95022433996200562,-0.23604527115821838,-0.98469042778015137,0.21274864673614502,-0.89721959829330444,-0.45797637104988098,-0.84176850318908691,-0.255583256483078,-1.0544881820678711,-0.39538079500198364
-0.72374218702316284,-0.13408708572387695,-0.96159219741821289,-0.33418479561805725,-0.94856268167495728,0.11631092429161072,-0.76717281341552734,-0.46009549498558044,-0.80870848894119263,-0.32267862558364868,-1.0574715137481689,-0.5278974175453186
-0.64990389347076416,-0.21323481202125549,-0.7624775767326355,-0.35419219732284546,-0.94899976253509521,0.0099257435649633408,-0.56746745109558105,-0.59913402795791626,-0.6966705322265625,-0.54251682758331299,-1.0189448595046997,-0.62501537799835205
-0.46091821789741516,-0.14158692955970764,-0.69348627328872681,-0.29152977466583252,-0.77099782228469849,-0.16396082937717438,-0.46293863654136658,-0.69149935245513916,-0.66509044170379639,-0.4522494375705719,-0.79454678297042847,-0.75408810377120972
-0.44843319058418274,-0.2437380850315094,-0.65931528806686401,-0.47180771827697754,-0.81167799234390259,-0.21842582523822784,-0.38666737079620361,-0.82396125793457031,-0.47755005955696106,-0.48204702138900757,-0.75341540575027466,-0.92227715253829956
-0.33297565579414368,-0.39513343572616577,-0.61446672677993774,-0.26139819622039795,-0.68060523271560669,-0.2246246337890625,-0.35495054721832275,-0.79168474674224854,-0.3775920569896698,-0.61599260568618774,-0.49599480628967285,-0.99000471830368042
-0.071343809366226196,-0.39452618360519409,-0.42972135543823242,-0.34270942211151123,-0.62024188041687012,-0.21139019727706909,-0.076932415366172791,-0.73229420185089111,-0.33016848564147949,-0.53110706806182861,-0.45537731051445007,-0.92181730270385742
-0.025621674954891205,-0.34195166826248169,-0.27451401948928833,-0.22364473342895508,-0.47276744246482849,-0.30047234892845154,0.00044878013432025909,-0.70679479837417603,-0.061882920563220978,-0.65084850788116455,-0.4055982232093811,-1.0781865119934082
0.0050856098532676697,-0.4041786789894104,-0.34665954113006592,-0.21704384684562683,-0.31523159146308899,-0.47192388772964478,0.019714370369911194,-0.67813032865524292,0.11446952819824219,-0.46014952659606934,-0.12375427782535553,-0.93295353651046753
0.12768681347370148,-0.33011403679847717,-0.21704398095607758,-0.24426144361495972,-0.16297988593578339,-0.43849363923072815,0.30559107661247253,-0.56012409925460815,0.1676667183637619,-0.54927122592926025,-0.016179200261831284,-0.93183028697967529
0.2092423141002655,-0.36500179767608643,-0.10689608007669449,-0.20865900814533234,-0.12562215328216553,-0.33943799138069153,0.25248846411705017,-0.45647862553596497,0.34552249312400818,-0.36778002977371216,0.21580041944980621,-1.003791332244873
0.39907947182655334,-0.33390453457832336,0.0069452621974050999,-0.042374651879072189,0.0086784251034259796,-0.38998576998710632,0.41513460874557495,-0.39371174573898315,0.4923679530620575,-0.40075558423995972,0.41587391495704651,-0.8258395791053772
0.40646061301231384,-0.19608761370182037,0.077266305685043335,0.027200320735573769,0.089330263435840607,-0.30351129174232483,0.50173568725585938,-0.35133922100067139,0.55637365579605103,-0.35127848386764526,0.5609857439994812,-0.82038742303848267
0.52567911148071289,-0.040668748319149017,0.063954927027225494,0.096808776259422302,0.25946557521820068,-0.28977423906326294,0.39507210254669189,-0.18672263622283936,0.60857200622558594,-0.143143430352211,0.68443596363067627,-0.78133237361907959
0.56785118579864502,-0.041795153170824051,0.26267924904823303,0.18286503851413727,0.38728737831115723,-0.33709189295768738,0.54234635829925537,-0.19031330943107605,0.64347434043884277,-0.097101509571075439,0.74734055995941162,-0.47479754686355591
0.76053589582443237,-0.08476623147726059,0.35253861546516418,0.25083953142166138,0.51835751533508301,-0.26244169473648071,0.58999228477478027,-0.12743175029754639,0.78192031383514404,0.077981732785701752,0.76409274339675903,-0.34264186024665833
0.61572551727294922,0.019062109291553497,0.27293077111244202,0.28161203861236572,0.62266045808792114,-0.16727831959724426,0.54157567024230957,0.032007195055484772,0.73110002279281616,0.2228529304265976,0.88023418188095093,-0.28598445653915405
0.74035453796386719,0.16207520663738251,0.4169791042804718,0.3889458179473877,0.66560393571853638,0.049060486257076263,0.47740128636360168,0.25499778985977173,0.87900882959365845,0.26049670577049255,0.89733427762985229,-0.15514853596687317
0.80394810438156128,0.22365018725395203,0.29095685482025146,0.5150797963142395,0.78025698661804199,0.059793345630168915,0.47152531147003174,0.3124052882194519,0.79006737470626831,0.47395578026771545,0.81468790769577026,0.087506823241710663
0.86266022920608521,0.15809369087219238,0.31721633672714233,0.6245688796043396,0.84995406866073608,0.19519138336181641,0.43363296985626221,0.40621751546859741,0.79483908414840698,0.56006795167922974,0.9511527419090271,0.18922716379165649
0.90569859743118286,0.48894685506820679,0.3370189368724823,0.7573542594909668,0.66227906942367554,0.33099788427352905,0.45727729797363281,0.47213304042816162,0.87320041656494141,0.64556664228439331,0.72088825702667236,0.52169394493103027
0.88829010725021362,0.49406161904335022,0.22361810505390167,0.68680733442306519,0.77341115474700928,0.44352784752845764,0.44899639487266541,0.52945065498352051,0.73835420608520508,0.78991258144378662,0.67770832777023315,0.61931377649307251
0.74909281730651855,0.49742221832275391,0.16391120851039886,0.82144832611083984,0.63765829801559448,0.59938591718673706,0.56975847482681274,0.62802767753601074,0.59841054677963257,0.96486139297485352,0.7306329607963562,0.71017444133758545
0.73325365781784058,0.65865033864974976,0.080269873142242432,0.82631838321685791,0.57457089424133301,0.78517884016036987,0.42350631952285767,0.84967869520187378,0.66426485776901245,1.0919264554977417,0.61719083786010742,0.90334010124206543
0.72058498859405518,0.72731328010559082,-0.0029317736625671387,0.95379918813705444,0.51456624269485474,0.72032606601715088,0.36500418186187744,0.91443616151809692,0.45511558651924133,1.1712214946746826,0.42098173499107361,0.90440785884857178
0.57352465391159058,0.73337054252624512,0.085158891975879669,0.82177448272705078,0.52408385276794434,0.92102980613708496,0.25018006563186646,0.88211429119110107,0.48715108633041382,1.2641956806182861,0.26098644733428955,1.1733146905899048
0.54627913236618042,0.72712844610214233,0.054671630263328552,0.79208743572235107,0.54360532760620117,0.87429255247116089,0.099894262850284576,0.90724575519561768,0.31139817833900452,1.2624943256378174,0.11108987033367157,1.1758327484130859
0.38279497623443604,0.83872485160827637,-0.106180340051651,0.75595563650131226,0.40039649605751038,1.074444055557251,-0.03929341584444046,1.0340538024902344,-0.041555371135473251,1.2347586154937744,0.080567173659801483,1.2114595174789429
0.28824537992477417,0.84986782073974609,-0.22189207375049591,0.81797361373901367,0.26315003633499146,1.1828172206878662,-0.052321754395961761,1.0512157678604126,-0.18658578395843506,1.3401591777801514,0.029587410390377045,1.2827799320220947
0.13343451917171478,0.83568078279495239,-0.37631124258041382,0.93171000480651855,0.26803860068321228,1.238024115562439,-0.11043651401996613,1.0903090238571167,-0.36934077739715576,1.2831555604934692,-0.21558463573455811,1.2311086654663086
0.086978331208229065,0.80308717489242554,-0.26949682831764221,0.84464478492736816,0.20796263217926025,1.1550898551940918,-0.1586165577173233,1.0579007863998413,-0.47168213129043579,1.1765540838241577,-0.28394249081611633,1.2001920938491821
-0.042908109724521637,0.93110692501068115,-0.27862977981567383,0.74845898151397705,0.052968330681324005,1.2733259201049805,-0.43123722076416016,0.86155462265014648,-0.64153850078582764,1.0086151361465454,-0.52733010053634644,1.1848312616348267
-0.20428921282291412,0.81817722320556641,-0.47155866026878357,0.68331658840179443,-0.037265229970216751,1.1661467552185059,-0.41322702169418335,0.91770708560943604,-0.80308067798614502,0.92935013771057129,-0.63699233531951904,1.1311554908752441
-0.34621813893318176,0.77545547485351562,-0.40879017114639282,0.6232304573059082,-0.18217599391937256,1.0126566886901855,-0.72128027677536011,0.91726678609848022,-0.80515474081039429,0.91429859399795532,-0.70705753564834595,1.1385728120803833
-0.39521357417106628,0.64605355262756348,-0.60933399200439453,0.66634029150009155,-0.10893432050943375,1.010258674621582,-0.73310524225234985,0.72732192277908325,-0.98263418674468994,0.77327501773834229,-0.79291319847106934,0.99288231134414673
-0.53100037574768066,0.47693854570388794,-0.59135633707046509,0.52988159656524658,-0.26630741357803345,0.87602084875106812,-0.7177807092666626,0.64940649271011353,-1.0261616706848145,0.6583859920501709,-0.93016916513442993,0.87268358469009399
-0.54959654808044434,0.40057879686355591,-0.60761892795562744,0.52442944049835205,-0.41772276163101196,0.93040704727172852,-0.96679240465164185,0.52909493446350098,-1.0131505727767944,0.36334466934204102,-1.0220190286636353,0.68010067939758301
-0.42717915773391724,0.24383921921253204,-0.68685096502304077,0.37316861748695374,-0.37687444686889648,0.69552075862884521,-0.91087841987609863,0.40019887685775757,-1.0379736423492432,0.11230207979679108,-0.99866646528244019,0.61173522472381592
-0.50775474309921265,0.16540013253688812,-0.59187012910842896,0.4667031466960907,-0.52675890922546387,0.72938036918640137,-0.83482348918914795,0.19754272699356079,-1.12562096118927,0.088985957205295563,-0.97362023591995239,0.50484418869018555
-0.48854720592498779,-0.03381829708814621,-0.59054946899414062,0.20762158930301666,-0.47323867678642273,0.4064062237739563,-0.84743976593017578,-0.0023129358887672424,-1.1428834199905396,-0.2464650571346283,-0.94748681783676147,0.24178491532802582
-0.57876229286193848,-0.129865363240242,-0.49735277891159058,0.29398679733276367,-0.59947013854980469,0.26115497946739197,-0.86718690395355225,-0.010190598666667938,-0.95615214109420776,-0.40937241911888123,-0.97574490308761597,0.20106162130832672
-0.57401400804519653,-0.25386220216751099,-0.40229791402816772,0.089508697390556335,-0.49901697039604187,0.14063668251037598,-0.97144496440887451,-0.20480626821517944,-0.97198998928070068,-0.59564840793609619,-0.94116830825805664,0.0053568389266729355
-0.40458822250366211,-0.35129821300506592,-0.45970568060874939,0.078780964016914368,-0.40649121999740601,0.11865077167749405,-0.7566148042678833,-0.30643847584724426,-0.83092445135116577,-0.63287234306335449,-0.94219154119491577,-0.088451787829399109
-0.39926588535308838,-0.48712056875228882,-0.30866837501525879,0.01116807758808136,-0.46927815675735474,-0.24894624948501587,-0.74731296300888062,-0.48274978995323181,-0.73303979635238647,-0.81885528564453125,-0.76063024997711182,-0.31726434826850891
-0.30961593985557556,-0.6057971715927124,-0.29849547147750854,-0.018794633448123932,-0.43043345212936401,-0.41025149822235107,-0.4832097589969635,-0.59771996736526489,-0.46421155333518982,-0.84461307525634766,-0.75290578603744507,-0.37946870923042297
-0.29853218793869019,-0.73340749740600586,-0.23965799808502197,-0.016863398253917694,-0.28885164856910706,-0.51941686868667603,-0.4541211724281311,-0.69551163911819458,-0.35647228360176086,-0.92640048265457153,-0.63845187425613403,-0.4740385115146637
-0.10626202821731567,-0.80611538887023926,-0.12647704780101776,-0.13877061009407043,-0.054817318916320801,-0.50613683462142944,-0.2162279337644577,-0.81494081020355225,-0.072040922939777374,-1.0091559886932373,-0.48314890265464783,-0.6724313497543335
-0.10819404572248459,-0.94420069456100464,-0.068015426397323608,-0.16733972728252411,0.074523985385894775,-0.62343573570251465,-0.047996591776609421,-0.88300317525863647,-0.035816613584756851,-1.0476073026657104,-0.33841294050216675,-0.58883166313171387
-0.055145464837551117,-1.0316870212554932,0.0073760710656642914,-0.26102924346923828,0.035916291177272797,-0.76153123378753662,0.21368233859539032,-0.83542859554290771,0.1007387638092041,-0.96150076389312744,-0.12603861093521118,-0.88315284252166748
0.14491719007492065,-1.0316624641418457,0.19838768243789673,-0.22038669884204865,0.3763260543346405,-0.91474258899688721,0.28929179906845093,-0.83740401268005371,0.29579639434814453,-0.86793428659439087,-0.055939815938472748,-0.9107285737991333
0.31753215193748474,-1.0754494667053223,0.37537920475006104,-0.27825421094894409,0.48515915870666504,-0.94465810060501099,0.43581569194793701,-0.67403537034988403,0.43907332420349121,-0.86340928077697754,0.12675543129444122,-0.7813950777053833
0.38442710041999817,-1.0164116621017456,0.30590465664863586,-0.16762468218803406,0.60382771492004395,-0.91202634572982788,0.53343415260314941,-0.60023415088653564,0.7129819393157959,-0.79563033580780029,0.38149824738502502,-0.74676728248596191
0.63042056560516357,-0.91761684417724609,0.49735689163208008,-0.28869518637657166,0.71497923135757446,-0.89642632007598877,0.55871105194091797,-0.62952727079391479,0.88495171070098877,-0.77997571229934692,0.5142713189125061,-0.8473513126373291
0.64478206634521484,-0.91485381126403809,0.5627855658531189,-0.31837263703346252,0.89725708961486816,-0.92905449867248535,0.8124275803565979,-0.49428540468215942,1.0094865560531616,-0.60741585493087769,0.59787756204605103,-0.85363203287124634
0.76635342836380005,-0.79249095916748047,0.70572447776794434,-0.18480692803859711,0.91930460929870605,-0.77152431011199951,0.83963555097579956,-0.56880319118499756,1.2427725791931152,-0.4420936107635498,0.86603087186813354,-0.69869697093963623
0.79772210121154785,-0.81706780195236206,0.69158464670181274,-0.16722330451011658,1.1798796653747559,-0.65099090337753296,0.97617721557617188,-0.35007503628730774,1.1574325561523438,-0.46953213214874268,1.0682071447372437,-0.5994611382484436
0.92508774995803833,-0.73102986812591553,0.63590490818023682,0.062193021178245544,1.0845236778259277,-0.77905726432800293,1.1826523542404175,-0.36664712429046631,1.2405091524124146,-0.24002134799957275,1.0293271541595459,-0.58671832084655762
0.98662590980529785,-0.5500720739364624,0.74355220794677734,0.038542717695236206,1.3592537641525269,-0.51902830600738525,1.2039188146591187,-0.16543968021869659,1.4300752878189087,0.0077024362981319427,1.161104679107666,-0.43094933032989502
1.044922947883606,-0.5122978687286377,0.92117232084274292,0.24801518023014069,1.488730788230896,-0.41440138220787048,1.1436548233032227,-0.13702601194381714,1.425112247467041,0.15054543316364288,1.3639922142028809,-0.37818235158920288
1.0843958854675293,-0.30968320369720459,0.93223077058792114,0.27209055423736572,1.5005992650985718,-0.36040928959846497,1.1795591115951538,0.15480948984622955,1.5148595571517944,0.23309698700904846,1.4757828712463379,-0.0094472616910934448
1.0762370824813843,-0.26513853669166565,0.78208625316619873,0.36717450618743896,1.4448162317276001,-0.22414223849773407,1.2627830505371094,0.27079290151596069,1.4944106340408325,0.37169349193572998,1.4689022302627563,-0.025975480675697327
0.92690622806549072,0.050464175641536713,0.77668190002441406,0.45972174406051636,1.5734188556671143,-0.069228127598762512,1.3763802051544189,0.46839052438735962,1.2335197925567627,0.62634867429733276,1.5762754678726196,0.25790300965309143
0.88663798570632935,0.055783413350582123,0.87231951951980591,0.45150625705718994,1.497407078742981,0.06540873646736145,1.2697329521179199,0.53202241659164429,1.3364126682281494,0.91527020931243896,1.4901635646820068,0.24638450145721436
0.78041243553161621,0.16305920481681824,0.86793512105941772,0.54249417781829834,1.5031758546829224,0.1911395788192749,1.2014466524124146,0.71375924348831177,1.2265413999557495,0.9255182147026062,1.2802160978317261,0.49343308806419373
0.74396181106567383,0.34035980701446533,0.77131742238998413,0.43437445163726807,1.4268410205841064,0.26280945539474487,1.2500847578048706,0.8803325891494751,0.99314719438552856,1.0454679727554321,1.3271421194076538,0.61473530530929565
0.62977856397628784,0.40990278124809265,0.69144916534423828,0.52961426973342896,1.2082219123840332,0.37007290124893188,1.0594316720962524,0.97448563575744629,0.78244256973266602,1.131557822227478,1.1268477439880371,0.71985101699829102
0.51172208786010742,0.4106469452381134,0.64247030019760132,0.62168073654174805,1.1748367547988892,0.62280374765396118,0.96230196952819824,0.91579973697662354,0.66216695308685303,1.2983057498931885,0.94760501384735107,0.87899482250213623
0.31721609830856323,0.53979957103729248,0.73359662294387817,0.46847561001777649,0.92529988288879395,0.72705709934234619,0.78925096988677979,0.99625903367996216,0.43432915210723877,1.2577140331268311,0.98894339799880981,1.0622496604919434
0.20006281137466431,0.55273324251174927,0.52978205680847168,0.58497577905654907,0.80818331241607666,0.68458878993988037,0.75198578834533691,1.2117531299591064,0.36783221364021301,1.4320605993270874,0.71331256628036499,0.95916277170181274
0.15348263084888458,0.68748605251312256,0.43436875939369202,0.56799525022506714,0.71589779853820801,0.8688623309135437,0.46610039472579956,1.1790206432342529,-0.042203590273857117,1.4915812015533447,0.60873204469680786,1.127231240272522
-0.095240592956542969,0.58771175146102905,0.3895280659198761,0.59613585472106934,0.60362380743026733,0.82154566049575806,0.34500497579574585,1.1856948137283325,-0.18107564747333527,1.4215326309204102,0.28612637519836426,1.0455487966537476
-0.24613186717033386,0.72087162733078003,0.45075586438179016,0.52212995290756226,0.35119983553886414,0.94620430469512939,0.26077598333358765,1.1397587060928345,-0.399361252784729,1.4405422210693359,0.074788771569728851,1.1262383460998535
-0.33275485038757324,0.59870153665542603,0.36326205730438232,0.43702432513237,0.163204625248909,0.84706747531890869,0.034029200673103333,1.1362273693084717,-0.48989951610565186,1.4176857471466064,-0.15422764420509338,1.0995103120803833
-0.52265524864196777,0.63668960332870483,0.19687929749488831,0.41097143292427063,0.017329011112451553,0.79943251609802246,-0.049346424639225006,1.1825523376464844,-0.7742534875869751,1.2136090993881226,-0.18588683009147644,0.99912792444229126
-0.74596172571182251,0.74459850788116455,0.16367149353027344,0.25128853321075439,-0.23595401644706726,0.73200255632400513,-0.36867165565490723,1.0666544437408447,-0.94995152950286865,1.1010725498199463,-0.48401463031768799,0.81996536254882812
-0.83802801370620728,0.52172714471817017,-0.091345511376857758,0.16564729809761047,-0.32268494367599487,0.72058212757110596,-0.44279956817626953,0.98652791976928711,-1.0893406867980957,1.0013536214828491,-0.56580626964569092,0.76905244588851929
-0.99188494682312012,0.54917776584625244,-0.098762273788452148,0.17936500906944275,-0.66072803735733032,0.56315743923187256,-0.63252526521682739,0.75729870796203613,-1.2567430734634399,0.87536323070526123,-0.66581445932388306,0.60858172178268433
-1.1703231334686279,0.42083337903022766,-0.17482538521289825,0.11143000423908234,-0.71777945756912231,0.38912203907966614,-0.68619263172149658,0.64282697439193726,-1.3864381313323975,0.69615656137466431,-0.97111666202545166,0.47957110404968262
-1.342187762260437,0.33148756623268127,-0.16180115938186646,0.015355408191680908,-0.93460863828659058,0.35890442132949829,-0.9178047776222229,0.48668256402015686,-1.4449654817581177,0.5028383731842041,-0.91855150461196899,0.20697177946567535
-1.3926353454589844,0.23543736338615417,-0.079823203384876251,-0.046058431267738342,-0.95827454328536987,0.17514351010322571,-1.0298668146133423,0.16863375902175903,-1.5037580728530884,0.14437924325466156,-1.0123189687728882,0.23101496696472168
-1.482435941696167,-0.078751310706138611,-0.2807273268699646,-0.13556168973445892,-0.92631363868713379,-0.034061521291732788,-1.0410217046737671,0.074923150241374969,-1.5887037515640259,-0.082644492387771606,-1.0805104970932007,-0.019310200586915016
-1.4528580904006958,-0.1322990357875824,-0.25083693861961365,-0.21549497544765472,-0.98457276821136475,-0.30821385979652405,-1.0777772665023804,-0.15891322493553162,-1.558135986328125,-0.1279708594083786,-1.1960227489471436,-0.23135043680667877
-1.3789684772491455,-0.37633204460144043,-0.096516497433185577,-0.40066730976104736,-1.0359563827514648,-0.47529172897338867,-1.1074091196060181,-0.50424647331237793,-1.614928126335144,-0.52106130123138428,-1.0691571235656738,-0.33387032151222229
-1.4470329284667969,-0.52012962102890015,-0.1830790787935257,-0.38313597440719604,-0.9504932165145874,-0.67572897672653198,-1.1568590402603149,-0.78376805782318115,-1.3921908140182495,-0.78190940618515015,-0.94663971662521362,-0.52435469627380371
-1.4108443260192871,-0.63618409633636475,-0.084279485046863556,-0.55909138917922974,-0.88709437847137451,-0.7078360915184021,-0.98978567123413086,-0.91839140653610229,-1.3552097082138062,-0.97451257705688477,-1.0505834817886353,-0.67113375663757324
-1.2328764200210571,-0.65395212173461914,-0.11736123263835907,-0.7506975531578064,-0.90330630540847778,-0.92390233278274536,-0.87786382436752319,-0.95851618051528931,-1.1623834371566772,-1.0760695934295654,-0.9358099102973938,-0.95692676305770874
-1.0934305191040039,-0.91705358028411865,-0.15829256176948547,-0.81444013118743896,-0.72961419820785522,-1.0156686305999756,-0.58954828977584839,-1.1842961311340332,-0.98816907405853271,-1.3236153125762939,-0.82341396808624268,-1.1013824939727783
-1.0993211269378662,-1.0582320690155029,-0.074646949768066406,-0.82486081123352051,-0.635986328125,-1.1836028099060059,-0.52092897891998291,-1.3671858310699463,-0.85789519548416138,-1.3207434415817261,-0.67957597970962524,-1.0833910703659058
-0.8773428201675415,-1.2908089160919189,-0.0631905198097229,-0.98055052757263184,-0.46079099178314209,-1.4165351390838623,-0.40146470069885254,-1.634852409362793,-0.58825629949569702,-1.5203557014465332,-0.50937473773956299,-1.1461365222930908
-0.76447504758834839,-1.3384759426116943,-0.028584372252225876,-1.1004468202590942,-0.35370627045631409,-1.5414750576019287,-0.12311188876628876,-1.6699239015579224,-0.46173292398452759,-1.8016265630722046,-0.25332349538803101,-1.2519506216049194
-0.58620560169219971,-1.2767430543899536,0.12360008060932159,-1.013453483581543,-0.2701764702796936,-1.415467381477356,0.11311832070350647,-1.5776350498199463,-0.19280178844928741,-1.7112597227096558,-0.13719695806503296,-1.3817031383514404
-0.37497887015342712,-1.304619312286377,0.097665682435035706,-1.0717324018478394,-0.018634803593158722,-1.5501298904418945,0.28915554285049438,-1.6959651708602905,-0.060372840613126755,-1.8047479391098022,-0.0015893615782260895,-1.492084264755249
-0.27507087588310242,-1.421546459197998,0.24832504987716675,-1.0777413845062256,0.16841727495193481,-1.6373701095581055,0.32878780364990234,-1.6128416061401367,0.27656027674674988,-1.6468662023544312,0.28056010603904724,-1.4252088069915771
-0.075414955615997314,-1.3541101217269897,0.2359728217124939,-0.97379034757614136,0.52442359924316406,-1.6252398490905762,0.64652776718139648,-1.5492731332778931,0.4852287769317627,-1.8162779808044434,0.43785426020622253,-1.2909409999847412
0.072756417095661163,-1.2951322793960571,0.1938537210226059,-1.0369231700897217,0.60784006118774414,-1.5475102663040161,0.71887433528900146,-1.5768105983734131,0.70205515623092651,-1.6744616031646729,0.53155642747879028,-1.3175820112228394
0.28352198004722595,-1.0567635297775269,0.28922191262245178,-0.94688481092453003,0.82685297727584839,-1.5179840326309204,0.89189165830612183,-1.435870885848999,1.0299478769302368,-1.5936070680618286,0.65143716335296631,-1.1615133285522461
0.60589474439620972,-0.95682758092880249,0.43701571226119995,-0.91166073083877563,1.0252115726470947,-1.3905099630355835,1.1655153036117554,-1.4236011505126953,1.2154176235198975,-1.4589133262634277,0.83459299802780151,-0.96718114614486694
0.78093326091766357,-0.86867666244506836,0.43187969923019409,-0.83478301763534546,1.1097438335418701,-1.1260223388671875,1.2601103782653809,-1.2089309692382812,1.2156188488006592,-1.2043447494506836,1.1805412769317627,-0.92578846216201782
0.92584836483001709,-0.73460078239440918,0.46037158370018005,-0.72687685489654541,1.20697021484375,-0.90615302324295044,1.3657598495483398,-0.95375686883926392,1.4474421739578247,-0.97393089532852173,1.1494665145874023,-0.7573583722114563
1.0639821290969849,-0.37890499830245972,0.47006475925445557,-0.56590735912322998,1.3829478025436401,-0.73371469974517822,1.5344277620315552,-0.87531602382659912,1.7291266918182373,-0.81746697425842285,1.4083151817321777,-0.53786450624465942
0.96487706899642944,-0.14448270201683044,0.40240350365638733,-0.56883078813552856,1.3531231880187988,-0.68524074554443359,1.4561667442321777,-0.61553442478179932,1.7655210494995117,-0.48503535985946655,1.3588211536407471,-0.39547020196914673
1.0915036201477051,-0.071029946208000183,0.22687473893165588,-0.37598592042922974,1.4574441909790039,-0.36792641878128052,1.5086492300033569,-0.31964847445487976,1.7825609445571899,-0.13426041603088379,1.450996994972229,-0.099081441760063171
1.0161689519882202,0.20405405759811401,0.23993884027004242,-0.29863584041595459,1.372281551361084,-0.14569135010242462,1.6063719987869263,-0.16525503993034363,1.7206735610961914,-0.0054701566696166992,1.4112755060195923,0.020745854824781418
0.94669747352600098,0.30364340543746948,0.27258917689323425,-0.17581702768802643,1.3919587135314941,0.04558388888835907,1.6362231969833374,0.11994713544845581,1.6848433017730713,0.17359429597854614,1.45517897605896,0.17010964453220367
0.92032480239868164,0.51478457450866699,0.12019453942775726,-0.050121158361434937,1.2970720529556274,0.24775075912475586,1.4574512243270874,0.25919511914253235,1.6424012184143066,0.40416166186332703,1.3963394165039062,0.43726927042007446
0.93098104000091553,0.73440074920654297,0.14050637185573578,-0.027267066761851311,1.287334680557251,0.47993424534797668,1.4563604593276978,0.62874215841293335,1.6187586784362793,0.62840110063552856,1.2172763347625732,0.60653126239776611
0.84553724527359009,0.89913070201873779,-0.084330037236213684,0.17568886280059814,1.0954029560089111,0.73999810218811035,1.3016272783279419,0.81767159700393677,1.4753366708755493,1.0196444988250732,1.1958259344100952,0.78390979766845703
0.76235729455947876,0.95251071453094482,-0.066829010844230652,0.19351226091384888,0.9671940803527832,0.77054643630981445,1.0308923721313477,1.0483380556106567,1.3488000631332397,1.2098462581634521,0.8633882999420166,0.9162716269493103
0.7466425895690918,1.1288058757781982,-0.20528121292591095,0.183540940284729,0.83753836154937744,1.002581000328064,0.99283218383789062,1.2809784412384033,1.1191272735595703,1.3664157390594482,0.83324676752090454,1.1384267807006836
0.49212917685508728,1.3078935146331787,-0.34438809752464294,0.23021319508552551,0.64317655563354492,1.0586972236633301,0.64385414123535156,1.3786497116088867,0.82006621360778809,1.5332804918289185,0.53867596387863159,1.3045098781585693
0.2393689900636673,1.4871311187744141,-0.45355534553527832,0.25672847032546997,0.45079490542411804,1.1518130302429199,0.44785934686660767,1.4973180294036865,0.5239751935005188,1.7381993532180786,0.43732601404190063,1.217748761177063
0.052961058914661407,1.5110872983932495,-0.56009608507156372,0.26769545674324036,0.24887955188751221,1.2965925931930542,0.16887608170509338,1.475799560546875,0.42397063970565796,1.7596199512481689,0.18235637247562408,1.3899641036987305
-0.11383756250143051,1.4874308109283447,-0.71426224708557129,0.23498222231864929,0.071706071496009827,1.2454888820648193,-0.022344455122947693,1.6018579006195068,0.073772542178630829,1.8830116987228394,0.0078359488397836685,1.286635160446167
-0.23700337111949921,1.6157990694046021,-0.79418879747390747,0.39445725083351135,-0.14612399041652679,1.2649722099304199,-0.18931329250335693,1.6426886320114136,-0.17744673788547516,1.8363161087036133,-0.31205374002456665,1.2927956581115723
-0.54173862934112549,1.5304107666015625,-0.83015912771224976,0.35185205936431885,-0.42730322480201721,1.3317553997039795,-0.59069466590881348,1.5764731168746948,-0.55706882476806641,1.6775951385498047,-0.5628160834312439,1.2562475204467773
-0.72328609228134155,1.502618670463562,-1.0202027559280396,0.27278682589530945,-0.6291966438293457,1.3256597518920898,-0.82345467805862427,1.5820991992950439,-0.88493674993515015,1.7739545106887817,-0.76590961217880249,1.1881760358810425
-0.80882567167282104,1.3381938934326172,-1.13140869140625,0.12734358012676239,-0.87344062328338623,1.0641704797744751,-1.1922935247421265,1.4439623355865479,-1.0583599805831909,1.6177098751068115,-0.86651259660720825,1.060602068901062
-0.99361532926559448,1.3010640144348145,-0.98255020380020142,0.023933723568916321,-1.0320008993148804,1.0237247943878174,-1.4013748168945312,1.2531816959381104,-1.3019402027130127,1.3348065614700317,-1.0143454074859619,0.91351830959320068
-1.086801290512085,1.1099841594696045,-1.0747910737991333,-0.089485466480255127,-1.429288387298584,0.98293578624725342,-1.544419527053833,1.1728345155715942,-1.513869047164917,1.1728470325469971,-1.0721137523651123,0.75533658266067505
-1.295509934425354,0.84842991828918457,-1.1616144180297852,-0.1338171660900116,-1.5669875144958496,0.69704931974411011,-1.696198582649231,0.97579312324523926,-1.8458709716796875,0.92855769395828247,-1.3597484827041626,0.62797445058822632
-1.3550827503204346,0.71853739023208618,-1.1610367298126221,-0.26523065567016602,-1.5159790515899658,0.58147162199020386,-1.8420630693435669,0.67643797397613525,-1.9168678522109985,0.76549935340881348,-1.4974377155303955,0.37183165550231934
-1.4359488487243652,0.62386989593505859,-1.131935715675354,-0.24731263518333435,-1.5474224090576172,0.22681111097335815,-2.0619552135467529,0.43855923414230347,-2.1404061317443848,0.50293922424316406,-1.3831671476364136,0.18318852782249451
-1.3355151414871216,0.22536298632621765,-1.0951238870620728,-0.28752315044403076,-1.6438167095184326,-0.020913232117891312,-2.0177366733551025,0.14227432012557983,-2.1376240253448486,0.17790155112743378,-1.4572372436523438,0.10818122327327728
-1.5441851615905762,0.0966329425573349,-0.93302494287490845,-0.29326799511909485,-1.6786710023880005,-0.036488346755504608,-2.1501815319061279,-0.078070670366287231,-2.1549718379974365,-0.25086936354637146,-1.5395095348358154,-0.18921172618865967
-1.4125109910964966,-0.11328967660665512,-0.82500231266021729,-0.4877740740776062,-1.7434560060501099,-0.44205251336097717,-2.1280786991119385,-0.29212850332260132,-2.1448929309844971,-0.48331260681152344,-1.5024410486221313,-0.37197500467300415
-1.5586633682250977,-0.34170171618461609,-0.77966177463531494,-0.64541906118392944,-1.5212318897247314,-0.44304734468460083,-2.0100424289703369,-0.67108595371246338,-2.1534533500671387,-0.74340677261352539,-1.5056450366973877,-0.57671999931335449
-1.3921024799346924,-0.39098957180976868,-0.55800974369049072,-0.56446576118469238,-1.5605576038360596,-0.82466804981231689,-1.7488061189651489,-0.73125714063644409,-2.0465552806854248,-1.0593371391296387,-1.3443107604980469,-0.85917866230010986
-1.2229963541030884,-0.58552461862564087,-0.6425291895866394,-0.59194689989089966,-1.4417600631713867,-0.95635974407196045,-1.6009987592697144,-1.0265885591506958,-1.7310566902160645,-1.4018734693527222,-1.1977587938308716,-1.0591024160385132
-1.0325582027435303,-0.86200523376464844,-0.56437355279922485,-0.52607262134552002,-1.1510206460952759,-1.0615410804748535,-1.4886693954467773,-1.2083863019943237,-1.6298142671585083,-1.5402222871780396,-1.0149567127227783,-1.2084696292877197
-1.0028126239776611,-1.0916913747787476,-0.34505772590637207,-0.59850305318832397,-1.0187362432479858,-1.1993639469146729,-1.3015488386154175,-1.428142786026001,-1.2534407377243042,-1.9091904163360596,-0.86032980680465698,-1.4119687080383301
-0.72439169883728027,-1.1843760013580322,-0.28033939003944397,-0.52767366170883179,-0.93438190221786499,-1.3689992427825928,-1.0278748273849487,-1.4736324548721313,-0.95942091941833496,-2.0369627475738525,-0.69903272390365601,-1.454113245010376
-0.46375834941864014,-1.1362670660018921,-0.066259890794754028,-0.59213399887084961,-0.65479201078414917,-1.6573629379272461,-0.75381118059158325,-1.6789361238479614,-0.68271034955978394,-2.1705043315887451,-0.45121574401855469,-1.4969840049743652
-0.26727521419525146,-1.2852169275283813,-0.021398214623332024,-0.38940814137458801,-0.42208808660507202,-1.6809954643249512,-0.54123938083648682,-1.6821246147155762,-0.2903430163860321,-2.2221322059631348,-0.17868387699127197,-1.5955020189285278
