3.222571286838262772e-01,-6.000000000000000125e-03,2.888400610807487778e-01,-6.000000000000000125e-03,2.898381170994074885e-01,-6.000000000000000125e-03,2.778056049486234969e-01,-6.000000000000000125e-03,2.717239142232946714e-01,-6.000000000000000125e-03,3.084146390431837248e-01,-6.000000000000000125e-03,3.176183165836923283e-01,-6.000000000000000125e-03,3.269884965261365406e-01,-6.000000000000000125e-03,2.906189148202868444e-01,-6.000000000000000125e-03,2.987950425058411019e-01,-6.000000000000000125e-03,3.033583244446566574e-01,-6.000000000000000125e-03,2.907836485303597618e-01,-6.000000000000000125e-03
3.079233360737873570e-01,-1.255304833789766886e-02,2.999968520882508871e-01,-1.178638152611075421e-02,2.946258004903339889e-01,-1.185376061571965373e-02,3.253139292937105576e-01,-1.159445683174825312e-02,3.072966698219374848e-01,-1.143616184241375705e-02,2.983670396058177299e-01,-1.223921408784340095e-02,3.100342228556791646e-01,-1.239535752231049615e-02,2.806279772180285126e-01,-1.262837746128172428e-02,2.783971023363490671e-01,-1.181177853803907010e-02,3.068466223240995383e-01,-1.202322832894710952e-02,2.869948304592491173e-01,-1.212788718564177318e-02,2.968049382849120565e-01,-1.181556616828730727e-02
2.963923913017242895e-01,-1.882146241078007376e-02,2.678933436392023082e-01,-1.786956817108924928e-02,2.636373924094624899e-01,-1.779681586500057866e-02,3.378689884455818304e-01,-1.823238020822140482e-02,3.267751839340372610e-01,-1.765585745648678637e-02,3.133757685246588154e-01,-1.827515521748945132e-02,2.825723467650242959e-01,-1.872674661345630903e-02,3.248328134960588587e-01,-1.830683256849892013e-02,3.162766103244609717e-01,-1.743621064808321269e-02,3.165895222100017503e-01,-1.829559155187008082e-02,2.998468547237025383e-01,-1.792715358500025780e-02,2.843430046013665780e-01,-1.783655420780434417e-02
3.010240817612273578e-01,-2.492720288012450006e-02,2.824487646988745326e-01,-2.333588895278098860e-02,2.883635518758168592e-01,-2.312355499766818520e-02,2.745287088854530544e-01,-2.520429381431945129e-02,3.345764167699543101e-01,-2.431983098060701634e-02,2.984390010818206429e-01,-2.469191823489848281e-02,3.149527671013857555e-01,-2.444298141722997531e-02,2.622070936821905285e-01,-2.498530680666448053e-02,2.888129213395831951e-01,-2.387841014675391380e-02,2.993748917949195509e-01,-2.477613232798516266e-02,3.207473009192525204e-01,-2.405337471504818275e-02,2.954866503125621047e-01,-2.362701667867023181e-02
2.841167710131889956e-01,-3.115314455971907037e-02,3.149017262122133509e-01,-2.913216785955773103e-02,2.689389428253348702e-01,-2.908018166205029315e-02,3.108845385939761341e-01,-3.080742341478724319e-02,2.846602794158065719e-01,-3.128032392415388413e-02,3.174726407247724924e-01,-3.078798876971612988e-02,2.725806968056236901e-01,-3.098744302969387576e-02,2.640099910212139189e-01,-3.033623720324681722e-02,2.773811178285807144e-01,-2.984580557174498078e-02,3.238409119406184811e-01,-3.093326423237538481e-02,3.184197988228080201e-01,-3.068758412629728899e-02,3.124392032251568918e-01,-2.967846429151073384e-02
2.731376404214386766e-01,-3.700547971133878733e-02,2.709343019223105498e-01,-3.571689677732618751e-02,2.645810919859636900e-01,-3.458686706561187041e-02,3.177882217158167766e-01,-3.731592332721790639e-02,2.814303555339052743e-01,-3.714445795716850296e-02,2.997591406775175216e-01,-3.743662510494197987e-02,2.964145704726716124e-01,-3.663221627720082696e-02,2.884187855587322935e-01,-3.582026929332401272e-02,2.647248360839913328e-01,-3.558073494740466441e-02,3.055672068317301648e-01,-3.768347699429469566e-02,3.126945300755596957e-01,-3.727714865819303780e-02,3.115258346442396076e-01,-3.616384062762949270e-02
3.141595790060494053e-01,-4.270600539675800666e-02,3.130198952160046511e-01,-4.140449335782554752e-02,2.662623327218761604e-01,-4.007625398387183041e-02,3.117306966553108349e-01,-4.402963205617932418e-02,3.056194815445149593e-01,-4.299199844677303872e-02,3.112937896633594104e-01,-4.372606316863897336e-02,2.928532959870044361e-01,-4.283246811121838027e-02,2.698369580624902508e-01,-4.186706753715732643e-02,2.841116853710528023e-01,-4.107539346186148133e-02,2.907268808765836043e-01,-4.410185554711019973e-02,3.076082066554081118e-01,-4.380839342633786881e-02,3.090451267413480418e-01,-4.269281041708448271e-02
2.813271709514271190e-01,-4.930337977847375902e-02,2.889195149340941238e-01,-4.800929010775632777e-02,3.107164389987882580e-01,-4.560715489361458208e-02,3.219283265095348456e-01,-5.063383362698772178e-02,2.639293325570162274e-01,-4.940441379695777180e-02,2.652609360296404595e-01,-5.029196448739527842e-02,2.783584768853900049e-01,-4.900738207424455706e-02,2.545255744097837947e-01,-4.753706477947947096e-02,2.875487255046353940e-01,-4.706736518350768811e-02,2.803917823538841225e-01,-5.022912122039084604e-02,2.617382435172172506e-01,-5.029330692666887648e-02,2.821729322416985930e-01,-4.917895755947419151e-02
2.756926876300035412e-01,-5.528469521154286831e-02,2.864727947405324437e-01,-5.412548974065631985e-02,2.876525350184326313e-01,-5.216170091460314157e-02,2.967768362380072134e-01,-5.750470105547215993e-02,2.933803247735955466e-01,-5.499137358606481785e-02,3.003132377973447009e-01,-5.595944329200235046e-02,2.864600436435504882e-01,-5.497316302684116668e-02,2.958416415427546076e-01,-5.292637988106929647e-02,3.145599416690486039e-01,-5.320392486363934026e-02,2.808657993401244002e-01,-5.621869450501204568e-02,2.733230747510200231e-01,-5.586376651321222492e-02,2.906404344961867614e-01,-5.520580267078652181e-02
3.027789369804888553e-01,-6.118148272093586193e-02,2.748684623679119587e-01,-6.026201473399304953e-02,3.043952183526933419e-01,-5.828957212707237129e-02,2.918018351805680699e-01,-6.387227770329770293e-02,3.077218352515694866e-01,-6.125071589909544811e-02,2.847505031304810585e-01,-6.239379472102633828e-02,2.869854939145065620e-01,-6.108282591276603668e-02,2.600436218869292548e-01,-5.922022915055612929e-02,2.969041459785222714e-01,-5.993105218106889454e-02,3.048319235171002006e-01,-6.222412986777862975e-02,2.877926487508089548e-01,-6.171889140970378274e-02,3.023011046743133701e-01,-6.145521619305696626e-02
2.969529242599265317e-01,-6.771003108835803308e-02,3.193815377667805211e-01,-6.614761921895048746e-02,3.123048444233855747e-01,-6.484270597218405596e-02,3.435588816590582351e-01,-7.014727031275551361e-02,2.768529702232978562e-01,-6.788764968452179471e-02,3.055625717224267346e-01,-6.852227628539533932e-02,2.930341617454648717e-01,-6.730012867961202017e-02,2.276743628912872852e-01,-6.479902397803360969e-02,2.942114937694855215e-01,-6.633525189327400817e-02,2.942533085310872210e-01,-6.879727225491256981e-02,2.589164628810551871e-01,-6.789605304107688977e-02,2.977899561702045395e-01,-6.796198148931321958e-02
3.185716257528936057e-01,-7.411973824958684176e-02,2.593699656395150321e-01,-7.303995736101247249e-02,2.639594670291913747e-01,-7.151861866613112850e-02,2.940131979547621621e-01,-7.761134868050949265e-02,3.157719398988216852e-01,-7.383076738804172923e-02,2.966776527844778300e-01,-7.517176137246871226e-02,2.594094774253681845e-01,-7.370581236409767811e-02,2.730035899687474066e-01,-6.971213531960833432e-02,2.529112983440098272e-01,-7.277072305079554382e-02,2.904140959053204685e-01,-7.522044076416627145e-02,3.059582390189342638e-01,-7.350692760333225884e-02,3.093793562069916958e-01,-7.445297266258638080e-02
3.399105814902605993e-01,-8.109234455905611760e-02,2.739475704362748232e-01,-7.870857636386577316e-02,3.020828301543365124e-01,-7.730462847718910790e-02,3.333929354723496608e-01,-8.406712628328651127e-02,3.201066689004247734e-01,-8.071881089477528359e-02,2.604829536389036138e-01,-8.167193088535477929e-02,2.958614150243799035e-01,-7.939310687844482184e-02,2.476495694525685243e-01,-7.572202490668035468e-02,2.743645703012898007e-01,-7.831628198799049645e-02,2.735841360316945137e-01,-8.160169191816889211e-02,2.922335980468703243e-01,-8.017122270140911167e-02,3.097944356401347576e-01,-8.117340193637830048e-02
3.109614586155532989e-01,-8.856041934309448471e-02,2.612408900647261167e-01,-8.467584320162784006e-02,2.929189498210562626e-01,-8.390511238752372536e-02,3.223212291010614239e-01,-9.137736531493031999e-02,3.093546518844413895e-01,-8.774686326724263907e-02,2.905557687615923368e-01,-8.739563080992399091e-02,2.569815492541044910e-01,-8.597347358584898902e-02,2.602792594415309080e-01,-8.116871320692810310e-02,2.733253834254779080e-01,-8.441043644522357170e-02,2.828351772992026558e-01,-8.765789630791614995e-02,3.088912913153969431e-01,-8.660357978384877753e-02,2.858540677288348153e-01,-8.794379918190320389e-02
3.166056431342594846e-01,-9.549445159426922514e-02,2.549582702759365382e-01,-9.045043827575213746e-02,2.850346510957586510e-01,-9.037941458002329842e-02,3.218328086656717102e-01,-9.852123140756156860e-02,2.969788815053923114e-01,-9.457458430741472188e-02,2.861078424405850140e-01,-9.386166119868023794e-02,2.304853012259783229e-01,-9.171859925679547165e-02,2.300814517815807647e-01,-8.696990930161643818e-02,2.664380903123880762e-01,-9.050531569014093336e-02,2.306143032468206677e-01,-9.394321863970572783e-02,2.544006293738180213e-01,-9.345722215222274087e-02,3.134342429583092393e-01,-9.425879742014009466e-02
3.168406546730357376e-01,-1.025787605942678482e-01,2.811030760457209343e-01,-9.613444651439270738e-02,2.803068104646639358e-01,-9.673767831660570748e-02,2.793619727559502608e-01,-1.057260737551848351e-01,2.998048980780207984e-01,-1.011900465785321723e-01,2.772770888328331407e-01,-1.003179964434726817e-01,2.419406585694397760e-01,-9.696785609855611276e-02,2.571064473640077841e-01,-9.219370538487046962e-02,2.582421901768258143e-01,-9.657890120732931516e-02,2.670886181137572257e-01,-9.920747091541207152e-02,2.860773034433298223e-01,-9.920925705719953192e-02,2.985533787676605266e-01,-1.012633342253426161e-01
3.124619399419606980e-01,-1.097078472136948230e-01,2.913095340597839922e-01,-1.024298707583779638e-01,2.865137496339807965e-01,-1.030570576128783944e-01,3.098531449625216427e-01,-1.120717245029418385e-01,3.428179243618676431e-01,-1.079658735463257108e-01,2.830149679119292050e-01,-1.066171891583958531e-01,2.655813200071854840e-01,-1.024865015730533901e-01,2.193305694438919262e-01,-9.803865924222773809e-02,2.678162082221746676e-01,-1.024571395104174470e-01,2.353671677083070402e-01,-1.052761440126071674e-01,2.703267063404984349e-01,-1.056660353303262856e-01,3.155305211132457543e-01,-1.079664891284633915e-01
3.314480493791657212e-01,-1.167671442354825950e-01,2.817066313508230224e-01,-1.089896051736221477e-01,2.813652672330933524e-01,-1.095159741496994354e-01,3.090167707911232187e-01,-1.190696566861658839e-01,3.333434177578527002e-01,-1.156772179955530694e-01,2.912783787378449563e-01,-1.130197385827167028e-01,2.237246951150992369e-01,-1.085890072863835709e-01,2.301046607828462764e-01,-1.030771136132261206e-01,2.605541177797246477e-01,-1.086552651362271971e-01,2.669833703464419838e-01,-1.107116314867213069e-01,2.263257940623164544e-01,-1.118458798075865623e-01,2.961057181083143752e-01,-1.151031111338801233e-01
3.519589444465056616e-01,-1.243127038648093319e-01,2.765928586155746993e-01,-1.153770604654698884e-01,2.715720365367165212e-01,-1.159220545246358869e-01,2.854964593826328501e-01,-1.261149132200449219e-01,3.496264891912634343e-01,-1.232330653652564251e-01,2.720305493834551669e-01,-1.196982411563748405e-01,2.221553909569641549e-01,-1.138147981795888247e-01,2.288939923746126648e-01,-1.084360923026222862e-01,2.223737802846957878e-01,-1.147005983185508532e-01,2.314569918538840199e-01,-1.169209464673358068e-01,2.212462997363261186e-01,-1.171108922483105746e-01,2.830684596925126528e-01,-1.218997513441840291e-01
3.181745572784761000e-01,-1.323674469676789367e-01,2.591086640002318031e-01,-1.216909747651782336e-01,2.979394953655133405e-01,-1.221935311630132914e-01,2.959230349483412126e-01,-1.327013208813648260e-01,3.364195541376657217e-01,-1.312326748617626271e-01,3.018216778232428177e-01,-1.259978553396393364e-01,2.639668952593108853e-01,-1.190668737942996019e-01,2.180884940833640040e-01,-1.138492698332359554e-01,2.453563471540587126e-01,-1.200046996403689031e-01,2.166158561861370735e-01,-1.224546379511231298e-01,2.529705355903840713e-01,-1.223548119736741907e-01,3.169368338899298809e-01,-1.284511097987823536e-01
3.199705977344899366e-01,-1.397429795059250413e-01,2.483228595669660643e-01,-1.276834190910536015e-01,2.471710203178440757e-01,-1.290839416642352022e-01,2.738152955334502980e-01,-1.395459134605367413e-01,3.316422083179030311e-01,-1.389672004032994068e-01,2.911965763337400759e-01,-1.329537051122305635e-01,2.219524964629959740e-01,-1.252403990783683696e-01,2.142982098525450796e-01,-1.190053678890395511e-01,2.182945851123389014e-01,-1.258700785136694922e-01,2.352303694364552278e-01,-1.276555300554946537e-01,2.424915023613034293e-01,-1.283028096817437902e-01,2.780289521171149247e-01,-1.357769616901767229e-01
2.982007825157240166e-01,-1.472594682675215927e-01,2.628336810903598164e-01,-1.335378597255731659e-01,2.557738400975968496e-01,-1.349691479574017250e-01,2.725561439389722063e-01,-1.460237046077631495e-01,3.503331857260494897e-01,-1.466877785293456415e-01,2.527941161242712176e-01,-1.397798737778381817e-01,2.449697804733179662e-01,-1.305704247542421870e-01,2.055848608442541470e-01,-1.241880030111707500e-01,2.515575001008251155e-01,-1.311820072175607366e-01,2.303433788562670170e-01,-1.333345474948646747e-01,2.143859783042971756e-01,-1.340904300629551238e-01,2.922898756395794218e-01,-1.423333876503866113e-01
3.292736102949081478e-01,-1.543380788101658685e-01,2.279352415679048727e-01,-1.397607289525842345e-01,2.526967487720941929e-01,-1.410698980671067082e-01,2.543273714973418587e-01,-1.524952412552660619e-01,2.963670856645332363e-01,-1.548992327343234610e-01,2.711482279792604144e-01,-1.457928194447231374e-01,2.036256964674817427e-01,-1.364832598942433139e-01,2.268359474239299289e-01,-1.291658561115500981e-01,2.517732912158704428e-01,-1.372633892244748133e-01,1.832706835029197234e-01,-1.389462389388926578e-01,2.444436068946737040e-01,-1.393077079566295007e-01,2.711242891077023653e-01,-1.492925650854807773e-01
3.319664238590561145e-01,-1.621838752893615121e-01,2.503292120897764317e-01,-1.452533301779733166e-01,2.222868600933397831e-01,-1.472034582348385745e-01,2.678131180948084555e-01,-1.586824314437606243e-01,3.403933441967227913e-01,-1.620241842098965324e-01,2.827623576351942503e-01,-1.523386791409903074e-01,1.961838404311408990e-01,-1.415116346138015624e-01,2.147506577289984842e-01,-1.346810054511277388e-01,2.359746164454816775e-01,-1.434207933345655606e-01,2.216888506327467923e-01,-1.435562114197353745e-01,2.457801349256456547e-01,-1.452789419315914377e-01,2.825423706152396242e-01,-1.557901287123285017e-01
2.784708295517223653e-01,-1.701087525151907254e-01,2.412239106739521299e-01,-1.512955281337801661e-01,2.182507194694127128e-01,-1.526950662042098616e-01,2.987752586940381483e-01,-1.651900487492271030e-01,3.177303366016206998e-01,-1.701082689159467976e-01,2.363534129104944981e-01,-1.591441418920668815e-01,2.137299147110012509e-01,-1.464186870541326901e-01,2.350594437554787419e-01,-1.400011199260327299e-01,2.044256561092010205e-01,-1.492592717645366551e-01,1.960907713879396497e-01,-1.490436194265590264e-01,2.010687738512270395e-01,-1.512738972771663915e-01,2.746407897649233987e-01,-1.625751412906891458e-01
2.746918089926863038e-01,-1.769745860544691130e-01,2.035551056132697822e-01,-1.572456669909248761e-01,2.127031638085429832e-01,-1.581199563401173014e-01,2.889849137346730545e-01,-1.724306760694152285e-01,3.306201118370650782e-01,-1.777866908698618464e-01,2.762397568366947720e-01,-1.650144877880770633e-01,1.912310974813679620e-01,-1.517671740144642123e-01,2.101817190239223809e-01,-1.458123972870571938e-01,2.015656480491067881e-01,-1.544696599786292701e-01,2.231795391931445383e-01,-1.540986232086318519e-01,2.254813499431976009e-01,-1.563879435211804336e-01,2.549458086475501761e-01,-1.693401990182207828e-01
3.020538082271959635e-01,-1.838682718521395809e-01,2.197371970694896870e-01,-1.624423262851130700e-01,2.022121968408743531e-01,-1.635146154663798534e-01,2.352544743450075970e-01,-1.795092656727785563e-01,3.486714780908801159e-01,-1.857619317671578840e-01,2.612559960464049813e-01,-1.717892911948512291e-01,2.353354550842241544e-01,-1.566575738811416818e-01,1.946066219818676779e-01,-1.511585658565280099e-01,2.032094624898340696e-01,-1.596562930325839402e-01,1.960968592677924671e-01,-1.597529109404141889e-01,1.969304125385920035e-01,-1.620579030148757149e-01,2.409761761311396966e-01,-1.757155019074086721e-01
2.962746114160340061e-01,-1.913894844495678815e-01,1.871079031859369524e-01,-1.680090697372881858e-01,2.492438922612909280e-01,-1.687629204457138654e-01,2.416360428106066605e-01,-1.854905755135582979e-01,3.015165455516729542e-01,-1.942416219701156022e-01,2.609049170950156760e-01,-1.782334270982114666e-01,1.756370576016756391e-01,-1.625629428149057698e-01,1.867795901953600568e-01,-1.561648380494099486e-01,2.022573213763081690e-01,-1.649607051852647888e-01,2.071505841597594821e-01,-1.648957801771442078e-01,2.401077218389051082e-01,-1.671994833776302980e-01,2.635512425717476681e-01,-1.818420878615352732e-01
2.888864135256157817e-01,-1.988535833530955532e-01,2.416356890713354799e-01,-1.728769425315614949e-01,2.098535161916383895e-01,-1.750837736727565708e-01,2.563849416019711169e-01,-1.916530892657579421e-01,3.189759775901727101e-01,-2.017851064802974048e-01,2.446780073479370432e-01,-1.848249883312159947e-01,1.993126437946291518e-01,-1.672396586950986586e-01,1.907560289663111364e-01,-1.611018288580809144e-01,1.705479976649560137e-01,-1.702821359907099596e-01,2.299840007996073743e-01,-1.702732870034159296e-01,2.256012695120521716e-01,-1.732716325985363681e-01,2.818610584561306309e-01,-1.884575246365667311e-01
2.457564742739813957e-01,-2.061436531909959791e-01,2.017980992324491796e-01,-1.789964520582846552e-01,2.404486236099418472e-01,-1.805415171759862381e-01,2.531451075487302638e-01,-1.981971693758747544e-01,3.171523022417064852e-01,-2.097515497964263231e-01,2.679780676418582197e-01,-1.910796959536083250e-01,2.293205137552922213e-01,-1.724738706192291415e-01,1.989776761469616573e-01,-1.661705182750568000e-01,2.042640637494213263e-01,-1.749360855439108242e-01,2.115654139867665928e-01,-1.762269224196391926e-01,2.173220556368646306e-01,-1.790386379583754628e-01,2.564265968798005724e-01,-1.955318633828602437e-01
2.432131362896962357e-01,-2.126416177343539438e-01,2.297305714939423538e-01,-1.843234633347018980e-01,1.999478288173991980e-01,-1.867372709827073707e-01,2.406124956804013559e-01,-2.046927304967021688e-01,3.465291891130861113e-01,-2.177170058138599984e-01,2.137845118624555063e-01,-1.978476032982402488e-01,1.796935147782147690e-01,-1.783591968364442726e-01,2.022755931361759352e-01,-1.713911743800284049e-01,2.004033609364772872e-01,-1.803604485438162763e-01,2.426395006824705602e-01,-1.818064875575274020e-01,2.251722310725668419e-01,-1.847163939263277710e-01,2.429838661342493267e-01,-2.021715679363014218e-01
2.443810355620805452e-01,-2.191200987500541708e-01,2.227076957780623201e-01,-1.903311396085559659e-01,2.419924844965577193e-01,-1.920999535619705156e-01,2.685950747712798625e-01,-2.109824657692690175e-01,3.059723264967352807e-01,-2.264188350312485720e-01,2.174833439746796382e-01,-2.035350815556578319e-01,2.151474777581921516e-01,-1.832771942270461640e-01,2.304191307377448372e-01,-1.767761696193397292e-01,1.819353001213192822e-01,-1.857093425995092473e-01,2.466498867394840144e-01,-1.880878035855563513e-01,1.706671140486413218e-01,-1.905873660810937231e-01,2.790488045449082133e-01,-2.085707086175546399e-01
2.384426605439493030e-01,-2.256429953390797216e-01,1.951021961651506487e-01,-1.961914630686899530e-01,1.914048201808109251e-01,-1.983792895354254682e-01,2.254552931064753019e-01,-2.179096845348630906e-01,3.130956343384823648e-01,-2.343059215193661338e-01,2.074641917996327412e-01,-2.093498599167220864e-01,1.647964075437111098e-01,-1.889608848976899180e-01,1.945475190019191891e-01,-1.827874324914663395e-01,1.667447027720719566e-01,-1.906713484179269336e-01,2.370608073908936630e-01,-1.945746607806615736e-01,1.776875263609478395e-01,-1.952966325195908959e-01,2.819993732720721957e-01,-2.158333715727198399e-01
2.321911722907905318e-01,-2.321141449805631252e-01,1.918244443539348643e-01,-2.015636515926429451e-01,1.971780494745400125e-01,-2.036985301263763426e-01,2.470033876302387410e-01,-2.240198670553634475e-01,2.771362915520703130e-01,-2.424518033925947835e-01,2.254327076609374536e-01,-2.150388933005563386e-01,1.983791574485659071e-01,-1.936550270521097961e-01,1.897927525774094626e-01,-1.881428900712312502e-01,1.439119692886118296e-01,-1.953910832418161159e-01,1.991462436868182140e-01,-2.009146862163050939e-01,1.991084917324825454e-01,-2.001997423977786017e-01,2.627448064133340866e-01,-2.232105837163868567e-01
2.404250883578584186e-01,-2.385245834027390210e-01,2.204001763541609538e-01,-2.069075944747667539e-01,1.907112747400515340e-01,-2.091638505640890655e-01,2.111103617637794250e-01,-2.306624453549121212e-01,2.551040054529825629e-01,-2.498670089755851142e-01,2.183811372601022482e-01,-2.211557825162945023e-01,1.557156225117405091e-01,-1.990924140232298301e-01,2.256757189925565898e-01,-1.934269654265385052e-01,1.931951827314517534e-01,-1.996989628174643261e-01,2.295676810207658569e-01,-2.064964556379434157e-01,1.703959513599554720e-01,-2.056563420496003991e-01,2.823867314894555891e-01,-2.302220800196917994e-01
2.287278059018215404e-01,-2.451090432800967500e-01,2.133553696566875268e-01,-2.129001164072682473e-01,2.045623360129892876e-01,-2.145404392383656045e-01,2.126461700943751143e-01,-2.366241170515320236e-01,2.711632057804998497e-01,-2.569186547995113146e-01,2.198542387225986827e-01,-2.272342182459123061e-01,1.706084239526018953e-01,-2.036282204587462064e-01,2.013669271956655127e-01,-1.995115270068148761e-01,1.716230945129764429e-01,-2.050319760224798837e-01,2.031600628291477806e-01,-2.127482640448332685e-01,1.529250137560986267e-01,-2.104905798098352376e-01,2.397822585984897281e-01,-2.377186762699241007e-01
1.897786038811130338e-01,-2.515462039278819062e-01,1.862266168949313072e-01,-2.187863147476290515e-01,1.703954297521066419e-01,-2.202593117613006746e-01,2.400083057319424840e-01,-2.426340020884406867e-01,2.660961152552920872e-01,-2.643559653869747006e-01,2.354218300721489798e-01,-2.333592450753793901e-01,1.526854170370622321e-01,-2.085419939488328545e-01,1.883249717103028520e-01,-2.051307407350412282e-01,1.525849755693238496e-01,-2.099951000272466395e-01,1.806002569895162613e-01,-2.185249756374216534e-01,1.759729710224789689e-01,-2.150565320671719016e-01,2.478847382301183067e-01,-2.444046404564020336e-01
1.868109010719604668e-01,-2.572271141489451685e-01,1.917499919971246136e-01,-2.242127161109290223e-01,2.000003352293194536e-01,-2.252926896548337887e-01,2.045979018516625725e-01,-2.493069517993758422e-01,2.740963013856129171e-01,-2.716997511856736880e-01,1.997269506611646928e-01,-2.398831491919289349e-01,1.735934868022025457e-01,-2.131067686300635033e-01,1.500451209577866041e-01,-2.105514638270757632e-01,1.585580053487992969e-01,-2.146238919203333484e-01,2.044711819001782116e-01,-2.238608030732274490e-01,1.336716839568634352e-01,-2.201666283293557957e-01,2.298691126338729962e-01,-2.513274470967726826e-01
1.511964948812843101e-01,-2.629013374428508798e-01,1.557323455718610805e-01,-2.297721554956828893e-01,2.013222978420835252e-01,-2.310265967508998708e-01,2.081165884407977229e-01,-2.552449761046610144e-01,2.647591960939735811e-01,-2.793358432011777137e-01,2.296882393479943718e-01,-2.456719643607959691e-01,1.655317275121280796e-01,-2.182295321510926700e-01,1.668094101661252715e-01,-2.151667946390135866e-01,1.625886364130396111e-01,-2.194314766126739535e-01,1.771862898485349336e-01,-2.297829515992934335e-01,1.826370368195852634e-01,-2.244029264002272428e-01,2.445843115653907329e-01,-2.579684638121692575e-01
1.794547743355054403e-01,-2.678824741766976381e-01,1.846989061627430373e-01,-2.346393450392508795e-01,2.090476498472134681e-01,-2.368651418458073421e-01,2.362033452953087864e-01,-2.613109769516674952e-01,2.373076732662259825e-01,-2.868007816310610969e-01,1.712089213998689574e-01,-2.521565037057250658e-01,1.408928781735146185e-01,-2.231727315363180864e-01,2.041605118971041299e-01,-2.201819188744321421e-01,1.486711376706087440e-01,-2.243734772444122005e-01,1.995811154521725528e-01,-2.351163756637558722e-01,1.731170655121843094e-01,-2.297345120323210643e-01,2.719936041366843305e-01,-2.649557763917396169e-01
1.609818920481681237e-01,-2.734478313632486834e-01,1.874754308415876591e-01,-2.401272980075601082e-01,1.676968899195424301e-01,-2.428553992290146124e-01,2.154607063902705955e-01,-2.680349505019585798e-01,2.769319054517594414e-01,-2.937793350976300455e-01,1.727027242678649266e-01,-2.575030207651657355e-01,1.881676705201128230e-01,-2.276469460114851073e-01,1.484402103257513872e-01,-2.260719213443581344e-01,1.319816421139476392e-01,-2.289958136556512480e-01,2.032524571317575468e-01,-2.409913805927557939e-01,1.486668731554167122e-01,-2.348543085888273874e-01,2.326456137138520064e-01,-2.725498975236519406e-01
1.550342319659110679e-01,-2.787002030193179714e-01,2.003366098690318176e-01,-2.457765789836204307e-01,1.568742061180149749e-01,-2.480300007478818403e-01,2.231748878968290994e-01,-2.743751922815432231e-01,2.804445016264360269e-01,-3.016536657611178507e-01,1.971431002665389454e-01,-2.628359625326266436e-01,1.801953192472756649e-01,-2.332221849015448101e-01,1.505141851349010851e-01,-2.307861809827977118e-01,1.368051263530480066e-01,-2.333477723174638696e-01,2.123789344894334019e-01,-2.470305713375320900e-01,1.275713062072817428e-01,-2.395263904988499115e-01,2.062503556324671028e-01,-2.794208395552760793e-01
1.584718010781939468e-01,-2.838803809392575483e-01,1.911972402731318132e-01,-2.517593751278346947e-01,1.699658491790954906e-01,-2.529931306034385874e-01,2.113522620659857021e-01,-2.809333961370254484e-01,2.718829157434947685e-01,-3.096265577756078802e-01,1.832893013437848495e-01,-2.687334368151630959e-01,1.578680299799366804e-01,-2.386440196652796220e-01,1.251156441782453888e-01,-2.355849552569403149e-01,1.402265316861673883e-01,-2.378264361280872929e-01,1.829413001578916453e-01,-2.533256378949779730e-01,1.301995762866628437e-01,-2.437993558098258684e-01,2.259805668947992563e-01,-2.858160178250732097e-01
1.351891775988911248e-01,-2.891635923913036255e-01,1.846973564843353566e-01,-2.575777244640810038e-01,1.178586131578006346e-01,-2.582953063143019201e-01,1.861687444633661204e-01,-2.872883704456157261e-01,2.739055552348506062e-01,-3.175072512672237890e-01,2.170613578319878778e-01,-2.744136932638692739e-01,2.017926861960382678e-01,-2.436702830454012259e-01,1.691145297313509932e-01,-2.398945818765819971e-01,1.665885620206097872e-01,-2.424685624065502365e-01,1.653305643037774331e-01,-2.590387000482280988e-01,1.343845346996543344e-01,-2.481721565113014505e-01,1.899180927207997638e-01,-2.926686804340420944e-01
1.240835105425019680e-01,-2.940341692947727736e-01,1.527518538361161138e-01,-2.633783460865105064e-01,1.166417395294639947e-01,-2.625549890301971945e-01,2.066381450572871148e-01,-2.932109690543410196e-01,2.765132053423370873e-01,-3.254794354349668795e-01,1.899236231601480474e-01,-2.808052210418169325e-01,1.817284285094791507e-01,-2.495935299252985407e-01,1.301110628568187821e-01,-2.451109895865025423e-01,1.167180030688404757e-01,-2.476849827627541079e-01,1.794169900950962071e-01,-2.643906640508377759e-01,1.595407521920450544e-01,-2.527228905386021407e-01,1.803551995236320482e-01,-2.988342043484102373e-01
9.771974699098064099e-02,-2.987469555391781273e-01,1.562394931337334480e-01,-2.685560248624401236e-01,1.106215085381159480e-01,-2.668335801077166280e-01,1.983813856977584833e-01,-2.996093817741830034e-01,2.732324989287202577e-01,-3.335709115713146322e-01,2.094624249250428283e-01,-2.866907095238083736e-01,1.459853752531818372e-01,-2.552023258525502047e-01,1.377215882523099844e-01,-2.496026788012150610e-01,1.247025348811705570e-01,-2.518977367564848580e-01,1.432015616693080862e-01,-2.701086175410640777e-01,1.563056809438545247e-01,-2.578433370669533375e-01,1.961543609436945668e-01,-3.048313042827833219e-01
1.198671654187502406e-01,-3.029115495297965421e-01,1.707116983822206391e-01,-2.738809553601151414e-01,1.253561823985100410e-01,-2.710211788652134302e-01,1.664331393501145562e-01,-3.058924638709876187e-01,2.286412756653729283e-01,-3.416435254739807470e-01,1.769174776196001941e-01,-2.930725633647885409e-01,1.467828437580951939e-01,-2.600649282776849036e-01,1.417821789211096695e-01,-2.543208130799789468e-01,1.444783066636005087e-01,-2.563441137341723186e-01,1.595703792979019930e-01,-2.750946003587134148e-01,1.459231763594693865e-01,-2.629550568960736801e-01,2.287205428962617026e-01,-3.112374944151890532e-01
8.441540932953135734e-02,-3.075376691259913975e-01,1.561875934613199679e-01,-2.795185844487894644e-01,1.075095937790715855e-01,-2.755759684827980283e-01,2.009029590663939935e-01,-3.115793494443802603e-01,2.260863116081751889e-01,-3.489205507933969552e-01,1.671246112253103600e-01,-2.988605193732958853e-01,1.543793270814317053e-01,-2.650111453961990771e-01,1.311633973787138530e-01,-2.591424271356276288e-01,1.414037054781522584e-01,-2.612292294549518612e-01,1.400510642492991675e-01,-2.804594667997765689e-01,1.235586647445289649e-01,-2.678359222865195344e-01,2.160004838809490846e-01,-3.183632016201065618e-01
1.022540362948868298e-01,-3.114653893945995011e-01,1.721535568427222662e-01,-2.849443853046546016e-01,8.786032010602987108e-02,-2.797632151954214108e-01,1.857231891864985496e-01,-3.180576457109787758e-01,2.353884749773585694e-01,-3.561751058365466571e-01,2.070596864278711202e-01,-3.044809004222701065e-01,1.564157279769594067e-01,-2.701787637110765750e-01,1.371063334968148362e-01,-2.637697123102648589e-01,1.302655869966380942e-01,-2.661169441053815587e-01,1.467934277827716849e-01,-2.854752954471391768e-01,1.093162136804528978e-01,-2.723081368821700377e-01,1.664910610709675609e-01,-3.253353148436989306e-01
8.674787554931240319e-02,-3.158420035126640046e-01,1.322785888624065653e-01,-2.907536454557200223e-01,9.915081710119669212e-02,-2.835590942997470165e-01,1.636669181248727734e-01,-3.242770018826145462e-01,2.368215762593798290e-01,-3.636523914125200374e-01,1.868563648098805485e-01,-3.109758227083863069e-01,1.565614864431719711e-01,-2.753842925267311337e-01,9.035646996169338641e-02,-2.685698609767588896e-01,1.322919704351289139e-01,-2.707916966412845516e-01,1.441370720902048763e-01,-2.906997593389457069e-01,1.190984043519650454e-01,-2.765522414561406572e-01,1.891026364965525952e-01,-3.313170859876808372e-01
7.558243504948160274e-02,-3.199367973989145075e-01,1.188111471041646272e-01,-2.957632048954775272e-01,8.142336660701754436e-02,-2.876906384296719632e-01,1.581750704735225832e-01,-3.300664268016273439e-01,2.716565494241548473e-01,-3.712579999575528200e-01,1.636143426470673123e-01,-3.170942237373654549e-01,1.302832467057898347e-01,-2.807005060793539286e-01,1.309010433161909015e-01,-2.723998672854346381e-01,1.248441558464485068e-01,-2.755960466596706904e-01,1.322342757485722720e-01,-2.958966671724007069e-01,1.017424072309444372e-01,-2.810202026878428350e-01,1.519207800063155922e-01,-3.378272517178549372e-01
5.002270632779608206e-02,-3.238737517870569071e-01,1.736370940342038538e-01,-3.005527498122567698e-01,9.429039160742111458e-02,-2.914912328151345600e-01,1.463818620695807871e-01,-3.357676654630749602e-01,2.418467387355779930e-01,-3.796635359843134050e-01,1.760523856469030368e-01,-3.227606452503639090e-01,1.516198059264358411e-01,-2.854797099053822396e-01,7.376308398244717235e-02,-2.771664210191332467e-01,1.238687743385452483e-01,-2.802498874831898523e-01,1.729792050149007443e-01,-3.009050158481933468e-01,9.565070620789030420e-02,-2.851992703284629282e-01,1.615088179515242750e-01,-3.436324258327257963e-01
5.778379350353737842e-02,-3.272236120690206751e-01,1.326606190948917963e-01,-3.065603818420038484e-01,2.782174328101016253e-02,-2.955567998995066725e-01,1.114823196726987681e-01,-3.412805129270601312e-01,2.325137839603128587e-01,-3.875213865855666739e-01,1.176765313387557049e-01,-3.287423860618736149e-01,1.383988178983655559e-01,-2.907968656931845808e-01,5.730942173233210396e-02,-2.807189871711611162e-01,1.299102357657848372e-01,-2.849358572762769604e-01,1.388639786134548137e-01,-3.068262500342135435e-01,9.918170225130952533e-02,-2.892298175682884720e-01,1.293370607705567332e-01,-3.497172963369958310e-01
6.485137645877178669e-02,-3.308419060325920591e-01,1.491752425616022504e-01,-3.118026321235066178e-01,6.827233517645611705e-02,-2.982873595076102613e-01,9.976001879046522691e-02,-3.461691002224954183e-01,2.231384717461957490e-01,-3.953400985794732758e-01,1.484742689933769011e-01,-3.335538774567973763e-01,9.711154646913336408e-02,-2.959484687325291130e-01,4.374957706491891529e-02,-2.839498614132242027e-01,9.562520387012725387e-02,-2.898387257749796553e-01,1.312569000298961786e-01,-3.120594428792248243e-01,8.159540561781329637e-02,-2.934346912659756001e-01,1.319238024634674933e-01,-3.551566837707859081e-01
4.694453329844063688e-02,-3.346231411407646905e-01,1.189905665419968006e-01,-3.173902758223616782e-01,2.814736288432188871e-02,-3.019155916904698311e-01,1.529675782888592628e-01,-3.508142018617624314e-01,2.376959796985884110e-01,-4.030061571314283442e-01,1.363891445602975760e-01,-3.391096678588114144e-01,8.877169944018153958e-02,-3.002379587614201206e-01,5.489797451248758231e-02,-2.869868663514302809e-01,1.063212626651686005e-01,-2.940649808902840445e-01,1.566516780388239327e-01,-3.172233393995768092e-01,9.929238192793540807e-02,-2.972984579573154651e-01,1.321337217416157783e-01,-3.607043652511912057e-01
2.670758389946577271e-02,-3.380758822032390865e-01,1.425202360001363577e-01,-3.224361477876316329e-01,3.474403955939074640e-02,-3.046762866635396860e-01,9.021895442876914917e-02,-3.566544890198113382e-01,2.063444302976352174e-01,-4.109880044388687925e-01,1.412548423804450559e-01,-3.444461737619181618e-01,7.253037335007571362e-02,-3.043826247033214472e-01,5.191865000065813002e-02,-2.902885044197249242e-01,7.638563173669211948e-02,-2.985184254830028361e-01,1.278772225729445933e-01,-3.229395727399760330e-01,8.037364133280204548e-02,-3.015490441540759625e-01,1.529289587912654180e-01,-3.663003239115676934e-01
2.628670781249805438e-02,-3.410706777290685721e-01,1.326665306525984522e-01,-3.280372359086275447e-01,4.005711241083812629e-02,-3.076423843210704945e-01,1.196143822211819807e-01,-3.612282296607150500e-01,2.488353800091991364e-01,-4.184440196874647522e-01,1.026669553517099154e-01,-3.499754931962183457e-01,9.135482572549283309e-02,-3.082073704063141295e-01,5.149609185432917069e-02,-2.935978468613689718e-01,6.737963092016220623e-02,-3.023933266342445081e-01,1.079701515333580941e-01,-3.281373817733730380e-01,1.169540839198307397e-01,-3.054332665682973347e-01,1.178440459613611657e-01,-3.724195482648656186e-01
6.043862487340258965e-02,-3.441251547319919557e-01,8.665067812093929511e-02,-3.334676649355682310e-01,2.324337933917876298e-02,-3.107285498803297186e-01,4.990032231456418416e-02,-3.664193329410425637e-01,2.155787483974449803e-01,-4.268363916304137029e-01,1.060466220978996399e-01,-3.546642686098841479e-01,9.823598298869237744e-02,-3.125080948279951865e-01,2.305052045036229749e-02,-2.969145805867355881e-01,8.779099054211010611e-02,-3.061243759230791728e-01,1.051777059331849978e-01,-3.329228882134663281e-01,6.760691077491669254e-02,-3.101904859900318501e-01,1.288966348188952948e-01,-3.778068578952869516e-01
1.052349859818541705e-02,-3.479822021658334763e-01,1.029873640845515304e-01,-3.379380088605919430e-01,8.574829287631494101e-04,-3.135878386439648335e-01,1.030524317556355263e-01,-3.702023733710357867e-01,1.918834689620659284e-01,-4.346791732561945953e-01,8.240571152757830697e-02,-3.594888856019007872e-01,6.325576066760484062e-02,-3.170161276739970613e-01,2.629411362953148340e-02,-2.996097196391439565e-01,5.931904610727045668e-02,-3.103576694595941987e-01,8.986298036489069607e-02,-3.377153196727528117e-01,5.300798203199560271e-02,-3.139139452869486036e-01,1.130645560120854265e-01,-3.834867770886270510e-01
3.723098040301571487e-02,-3.507812165366323010e-01,6.207927528404287576e-02,-3.428671795219074281e-01,2.441071565677060962e-02,-3.159093643371178040e-01,3.460806679522952095e-02,-3.752069530924888041e-01,2.250898033410513310e-01,-4.420645482724672726e-01,1.214139213033584574e-01,-3.639030536575726393e-01,8.338015866453213354e-02,-3.208250358140377068e-01,6.226109726771190955e-02,-3.024608359350017261e-01,5.014068830679948435e-02,-3.140206561691503140e-01,1.041571906949567833e-01,-3.422598834006121971e-01,5.014693580323737604e-02,-3.173814485184234813e-01,8.897888329641792660e-02,-3.889393413434035773e-01
1.507030959760675103e-02,-3.542515998076454786e-01,5.791249977228195983e-02,-3.469036484860831271e-01,3.469747987434884662e-02,-3.188754816939282088e-01,6.666381868336165861e-02,-3.787168905298919919e-01,1.840933564039399783e-01,-4.502178392575362231e-01,1.208186462163791802e-01,-3.691339990435401064e-01,4.838635772258426115e-02,-3.250244809235522392e-01,3.546204814132547511e-02,-3.061073661348947539e-01,7.915738662087370980e-02,-3.174631824672157210e-01,8.063883102185570584e-02,-3.471594283848355444e-01,5.983281271775651999e-02,-3.208242116287034484e-01,1.353170351003875616e-01,-3.938963789763743062e-01
-1.051374948485043342e-02,-3.572232862377429097e-01,6.327209371796509163e-02,-3.508938771559035885e-01,-4.227134847652525007e-03,-3.220621825941756278e-01,4.193944160259473197e-02,-3.829809744899058122e-01,2.116186758433322712e-01,-4.575600889764303569e-01,7.764089622596194451e-02,-3.744694951176466557e-01,7.090701688456417517e-02,-3.285268082649586141e-01,9.366255412470131381e-03,-3.092057667993981518e-01,3.906496144638182261e-02,-3.216123360336910486e-01,1.192800627295752675e-01,-3.515537083253510997e-01,2.965946854288642465e-02,-3.244819830185851073e-01,1.275145296699841391e-01,-3.998919215107029634e-01
7.937001122179335177e-03,-3.596586675189565874e-01,8.193520893263143978e-02,-3.550965170892358969e-01,-4.000310510277955978e-02,-3.244404255143797378e-01,4.446511099241405585e-02,-3.867547094068422009e-01,1.882072578442913202e-01,-4.655926748733927867e-01,1.119925252240420305e-01,-3.788727663600598428e-01,4.755107822718068061e-02,-3.326147558009521776e-01,-2.286726977624407853e-04,-3.117752815696243074e-01,6.155106784014888893e-02,-3.249120911290173108e-01,8.252710549349191738e-02,-3.568815604426117116e-01,4.516917809040012222e-02,-3.274812690652150193e-01,1.206960014779139556e-01,-4.058252130183951367e-01
-1.212837807184446656e-02,-3.625077384169642092e-01,4.862785936286018185e-02,-3.597528587479678630e-01,-2.767094416722905986e-02,-3.260253268040876340e-01,1.920196824791179854e-02,-3.906726580066793852e-01,1.836179038235889183e-01,-4.731695806235485802e-01,5.530804152541948793e-02,-3.840938101447030073e-01,1.229790366769767385e-02,-3.362040171006241973e-01,2.837003916578349771e-02,-3.141553507463383799e-01,7.202569372633546574e-02,-3.287733653938270661e-01,1.223601449894975435e-01,-3.614260440290600895e-01,1.551671536203210605e-02,-3.308862728672998244e-01,1.214655902782344199e-01,-4.116267256250913942e-01
-2.208960574198221699e-02,-3.649704559650633340e-01,5.374088537657820130e-02,-3.637336882755571876e-01,-1.592824927735794413e-02,-3.279549417676503875e-01,3.979018872573115984e-02,-3.940633832357506861e-01,1.793927549652521991e-01,-4.807923958199278314e-01,5.082033625976423857e-02,-3.881780222513290801e-01,2.455769576163299023e-02,-3.390801182616732801e-01,1.954930159695226002e-02,-3.172063880101634314e-01,5.077150958970329947e-02,-3.328237427726361553e-01,9.144096077490709851e-02,-3.668785429814298005e-01,9.539063418454483273e-03,-3.336302677171199549e-01,8.320192681991864236e-02,-4.175400093167215831e-01
-2.977004987857379686e-02,-3.672658807736010056e-01,6.267154982984202150e-02,-3.678554711711078951e-01,-3.746852081971656367e-02,-3.301339631022967569e-01,3.974295809009813218e-02,-3.979228187123556304e-01,1.354460206296461688e-01,-4.883709831047464700e-01,5.746252832250798442e-02,-3.921895229768769808e-01,1.467291618990832977e-02,-3.422610229360217304e-01,-9.947801392774596740e-03,-3.200978247167260426e-01,9.476241148652628232e-03,-3.364854521823504863e-01,8.812342022087310545e-02,-3.717404207986080289e-01,-2.873442611247134862e-03,-3.363342835003657050e-01,7.998203278672630367e-02,-4.227001987553890561e-01
-3.324465874293926898e-02,-3.694038092075038193e-01,5.474400079398930585e-02,-3.722327689318080113e-01,-8.331667461800550123e-03,-3.318446050668673042e-01,5.142238558196994547e-02,-4.018775406788377969e-01,1.444066354794782403e-01,-4.950888821716249444e-01,4.335406435428980354e-02,-3.964307359499987804e-01,1.860011962112780720e-02,-3.452738110535151783e-01,-1.605854059396117847e-02,-3.224153531146288221e-01,7.432261806225473437e-04,-3.393073957574007649e-01,1.246723540446757483e-01,-3.766233619040278979e-01,4.192724478412315076e-03,-3.387936143618975326e-01,1.143464682531514232e-01,-4.278524160292351830e-01
-4.222626628790966674e-02,-3.714553005773761352e-01,3.978423886120165121e-02,-3.764476510551089672e-01,-3.991307137997032739e-02,-3.342097145524534629e-01,2.452020091302569565e-02,-4.060792771638176979e-01,1.399641438273395433e-01,-5.020491689573071126e-01,3.578610691947005373e-02,-4.003870035282180995e-01,-1.486781313369257146e-03,-3.484169530301348683e-01,-1.629535545179826295e-02,-3.246213795533515745e-01,4.831153025984628868e-03,-3.419295905865560314e-01,1.034638607867313792e-01,-3.823273731921386087e-01,-3.932947234633180078e-02,-3.413571367479629193e-01,7.636923345864267409e-02,-4.337751558376398697e-01
-3.922125333140565745e-02,-3.733765130418724154e-01,2.699912336742643290e-02,-3.804118581686081746e-01,-4.860647491069941539e-02,-3.359367409477185262e-01,-2.530768323922060609e-02,-4.097653515191093110e-01,8.212470513014757945e-02,-5.090057861739765155e-01,2.529863578872122709e-02,-4.042348145158087269e-01,9.377323642564855399e-03,-3.511520825525566991e-01,-6.305910652224376578e-03,-3.268558188020487809e-01,-6.908573827900008416e-03,-3.446840803272838150e-01,8.368897750909055910e-02,-3.876639536200510161e-01,-4.149932002828676109e-02,-3.430386882461341491e-01,6.375713703876086103e-02,-4.389867968437701773e-01
-5.116283315384895919e-02,-3.754053063717386896e-01,3.256155815460832353e-02,-3.841347430583873512e-01,-5.804619440657248636e-02,-3.375468515424621119e-01,-4.008380612325054132e-03,-4.124510875015134914e-01,6.283435023512680406e-02,-5.148571212410760767e-01,1.921358190106451161e-02,-4.079316912404406525e-01,-4.860885563262032187e-03,-3.541483605817610791e-01,-1.247157936473603651e-02,-3.293293625902120048e-01,-4.535992685325913876e-02,-3.472120496690953018e-01,8.603623171346386211e-02,-3.926331095422564976e-01,-2.689600845704317317e-02,-3.447178403647675471e-01,5.762875932822186797e-02,-4.439677930525943728e-01
-6.506812285546226260e-02,-3.771849147818013281e-01,6.708301339759630000e-03,-3.880301260633468030e-01,-2.667023137258468096e-02,-3.389325583635872108e-01,-2.071788779795505006e-02,-4.156576706570330182e-01,7.255609050894634704e-02,-5.203268668268030694e-01,2.539479536892823297e-02,-4.115586653653665605e-01,1.056235171222212783e-02,-3.568677990383567478e-01,-2.969015075252143254e-02,-3.317394337654446246e-01,-1.740389770494221722e-02,-3.489125478492026700e-01,1.135362289103039740e-01,-3.977159765569923122e-01,-5.029994048713630483e-02,-3.467382109725448691e-01,7.561581931901109610e-02,-4.488536313450412485e-01
-1.115459691806016396e-01,-3.786757956897439104e-01,2.642658213421319319e-02,-3.913735483606541332e-01,-8.540483241381929824e-02,-3.410693546615609639e-01,-2.456742496434178441e-02,-4.184798253267531520e-01,4.675030207872268168e-02,-5.260591252321344946e-01,1.721733440637887233e-02,-4.153245784451004563e-01,-6.150523348153810223e-03,-3.599590900169966079e-01,-6.551214829826562669e-02,-3.337446680251117126e-01,-3.159673529579284240e-02,-3.512362709315711151e-01,7.532065166394955047e-02,-4.034221912599681992e-01,-2.522552219931233769e-02,-3.482093477069446719e-01,7.241838820175416913e-02,-4.542028450137043372e-01
-1.051819092547377071e-01,-3.791146523644330912e-01,1.634965210566668992e-02,-3.952806857857509293e-01,-5.628539159224854593e-02,-3.418972419894342751e-01,1.657595178981740441e-02,-4.213238144944788099e-01,8.831226883404991179e-02,-5.312942569706402551e-01,3.889355667965845031e-02,-4.189843717116100708e-01,-2.901935012206980150e-02,-3.627516371024058772e-01,-2.341935920190546527e-02,-3.349996463314623418e-01,-2.863493230797495293e-02,-3.533384191549576725e-01,7.800360594385907786e-02,-4.083451358241160789e-01,-4.552242069717272327e-02,-3.502905493603558074e-01,2.722294305885533672e-02,-4.595473875510386885e-01
-7.959126822356343833e-02,-3.797564411115797456e-01,-6.346063608979220227e-03,-3.989632456158133667e-01,-7.827961248836755315e-02,-3.433525505388019261e-01,8.423862374920253540e-03,-4.250261229617783854e-01,4.948495362412393822e-02,-5.373988626794707901e-01,1.341196011437746638e-02,-4.231275416029378622e-01,-3.937074141121234966e-02,-3.649973064480109830e-01,-7.058698150960421303e-02,-3.372206019937410426e-01,-2.431980565030129188e-02,-3.554782559655607632e-01,7.479652557184940376e-02,-4.133822567823436378e-01,-5.985013243790086868e-02,-3.519803467198748814e-01,2.362668238319024991e-02,-4.639706512059473265e-01
-1.206059410516003849e-01,-3.810069587631646493e-01,-1.987597181751664041e-02,-4.021730805240013029e-01,-5.452165931714426927e-02,-3.443583099844424456e-01,-3.219252691627580432e-02,-4.286402102928004720e-01,6.700865436958913790e-02,-5.427543590487053926e-01,3.185888075927318513e-02,-4.267969019463254132e-01,-1.080290584806992138e-03,-3.671037774819294053e-01,-7.543657849065647791e-02,-3.384157020911064961e-01,-2.713881005925999901e-02,-3.577811547556200567e-01,3.979078303588529097e-02,-4.184005069340597238e-01,-7.173152588826485487e-02,-3.533709769152338920e-01,4.810731028654539193e-02,-4.683395728466642205e-01
-1.292225466851802118e-01,-3.813291160047842521e-01,-1.599074031828715686e-02,-4.051270503470807971e-01,-6.771501341352004211e-02,-3.459575793107509400e-01,-4.927992757647439714e-02,-4.313450555875374404e-01,2.202525353392959656e-02,-5.485514215331206422e-01,2.710292278557530771e-02,-4.308427786239768520e-01,-6.563558058568291775e-02,-3.700604155792880934e-01,-6.651163913011692852e-02,-3.394762355650527974e-01,-5.041980336859283596e-02,-3.600798878782857648e-01,4.189579774826079905e-02,-4.227166789026171601e-01,-8.624050964894032500e-02,-3.545174071541186134e-01,1.277540666338091921e-02,-4.733283166466513148e-01
-1.136664114197098036e-01,-3.814891273474317890e-01,-8.742979507596356989e-03,-4.082123792828217801e-01,-1.244878205877002764e-01,-3.472880896999556710e-01,-5.547142079531192788e-02,-4.337489671748326892e-01,-9.505179978826792941e-03,-5.534444366178127295e-01,1.561869508096204451e-02,-4.349268636132976318e-01,-4.654189167020707230e-02,-3.716035709980662349e-01,-5.581404740910399231e-02,-3.408328305779497747e-01,-3.381213915596645997e-02,-3.618685841129583580e-01,8.263454483927004657e-02,-4.271508443831014690e-01,-9.284331267338075122e-02,-3.553804904202171322e-01,2.872202175811072733e-02,-4.776108471635915342e-01
-1.146717927377611523e-01,-3.819809693945135920e-01,-4.521568065361683542e-02,-4.115236373709006412e-01,-9.419353791842269286e-02,-3.473488207725092813e-01,-4.340189174790089199e-02,-4.361219032182437894e-01,2.891889561257417543e-02,-5.577023308541750879e-01,-1.768650176086375078e-02,-4.388050881045100771e-01,-8.289650049592355019e-02,-3.735862337159280844e-01,-6.319044458105144146e-02,-3.424034440894203057e-01,-7.595546985359803716e-02,-3.639895355457971604e-01,3.829116999825777495e-02,-4.324893322894804992e-01,-8.535276573222803920e-02,-3.560451181986996616e-01,2.357478359331513507e-02,-4.822669760858014354e-01
-1.382084507328324996e-01,-3.824954953695892668e-01,-3.363978555388538044e-02,-4.140232160845378484e-01,-9.756463916646389289e-02,-3.481193164727055533e-01,-7.109405372651403376e-02,-4.387147392007503810e-01,-6.040114846419645384e-03,-5.628575223350608114e-01,-4.136117745940116192e-02,-4.419793052663032462e-01,-7.611171590912510498e-02,-3.748115397529938608e-01,-1.114759062546374219e-01,-3.439003960076443822e-01,-3.384163934823034015e-02,-3.652385312432794295e-01,4.237764640802631905e-02,-4.369478879490715784e-01,-7.969963559911973083e-02,-3.569331017655934524e-01,-1.913749197394191276e-02,-4.868416374542463010e-01
-1.234158748069782430e-01,-3.825092005602026557e-01,-9.402053741946721221e-02,-4.168273514350608333e-01,-1.036280826253134224e-01,-3.488360731931092751e-01,-9.526902897149969185e-02,-4.407462532928452248e-01,-4.725781911317223499e-02,-5.673397909405150097e-01,-4.639772396590315096e-02,-4.446812967169150865e-01,-9.566821023126738377e-02,-3.762710411588268133e-01,-1.024136417318117775e-01,-3.442748937281314703e-01,-7.384870359070194734e-02,-3.674816753528384328e-01,3.011803938750674120e-02,-4.414830429535345768e-01,-8.304951126446565024e-02,-3.579937964384730664e-01,-4.369312191893580388e-02,-4.905318273957177677e-01
-1.707892010069070876e-01,-3.829452291340117442e-01,-6.408056915076870697e-02,-4.182910848124411496e-01,-8.960113289103201206e-02,-3.495062649378908870e-01,-1.395340057974981118e-01,-4.422951882171309856e-01,-1.081851629833421868e-02,-5.709703676741860745e-01,-4.319923950270967289e-02,-4.473532648957602165e-01,-6.577342640133343465e-02,-3.772977699446782851e-01,-1.029619209239453492e-01,-3.449166221071337524e-01,-5.638202184920209498e-02,-3.688531200032921786e-01,4.196617643305254608e-02,-4.458311986374771663e-01,-9.700407943279078238e-02,-3.590244793451285998e-01,-4.961421121310510829e-02,-4.936938069677923036e-01
-1.470016844350634511e-01,-3.822757624397482012e-01,-1.069337883016105162e-01,-4.204742902093421830e-01,-9.666809487815523905e-02,-3.505122570033710749e-01,-1.502295488211385921e-01,-4.427953302703081517e-01,-6.809569531689602107e-02,-5.754823218899947079e-01,-5.718826203956051818e-02,-4.500516209752614682e-01,-9.891324717838366476e-02,-3.790022399291090305e-01,-6.851161144290884852e-02,-3.455036961493691550e-01,-3.738306965337874488e-02,-3.706151557540908192e-01,5.035712038850585770e-02,-4.504682087689227399e-01,-1.258466512352850175e-01,-3.597432067034068148e-01,-2.542820657231157494e-02,-4.968099159625511962e-01
-1.815561134173253044e-01,-3.821662071864587729e-01,-8.518843824987648583e-02,-4.216907465343815442e-01,-1.175338908119889364e-01,-3.514206167964242788e-01,-1.234268863154224238e-01,-4.431174593389448635e-01,-5.248449040614884542e-02,-5.787741447775841541e-01,-8.228916322560989038e-02,-4.525491259797440602e-01,-1.248299889818015734e-01,-3.799542015348021939e-01,-9.018950501407271836e-02,-3.468837926686042517e-01,-9.699650420754926672e-02,-3.727716604994580352e-01,4.559715111348616734e-03,-4.553339022876255471e-01,-1.461384113830628828e-01,-3.597820179981788269e-01,-4.725212892448160673e-02,-5.004952532080788608e-01
-1.891096521408101028e-01,-3.812609653131384668e-01,-8.808264433660024928e-02,-4.234647349552223550e-01,-1.558882762114435216e-01,-3.518160146564744406e-01,-1.426258922910429994e-01,-4.440630215891812616e-01,-3.933207394136821466e-02,-5.824426407657080640e-01,-9.262003171447664995e-02,-4.545119563616400460e-01,-1.121941346550044127e-01,-3.803726888874733314e-01,-1.242265774126148359e-01,-3.478739475632552369e-01,-9.343969270146151862e-02,-3.736774832347862230e-01,2.927488597988176650e-02,-4.593199464191826120e-01,-1.368421006858693278e-01,-3.594264522144872132e-01,-5.827164787444764904e-02,-5.037784230211866943e-01
-1.906451628612634563e-01,-3.801879163389590977e-01,-1.276109243374038416e-01,-4.252333488016902252e-01,-1.255766804862234465e-01,-3.513633129506293917e-01,-1.839867145437666107e-01,-4.446007109261108092e-01,-7.243579427244226099e-02,-5.864649138229036662e-01,-5.034277765197241877e-02,-4.562307453849535621e-01,-1.000984705574580469e-01,-3.811259424429410125e-01,-1.214183522739667176e-01,-3.480866404669951675e-01,-9.008665120256598158e-02,-3.746800809990475933e-01,-8.246201117341717818e-03,-4.638656861082984251e-01,-1.544307066180107268e-01,-3.592664901096584429e-01,-8.518722561437518104e-02,-5.068389409255104061e-01
-2.055006926132287859e-01,-3.791374790397588623e-01,-1.364100334065524722e-01,-4.260885992369554121e-01,-1.773912902521288526e-01,-3.516788035247713773e-01,-1.750176216989835221e-01,-4.441874195437281458e-01,-8.425179355494229194e-02,-5.897727579618331495e-01,-6.075850312255157148e-02,-4.589363343522048777e-01,-8.594964182997175128e-02,-3.821139946076920202e-01,-9.529929030270009593e-02,-3.483492618572525679e-01,-8.690462551734817742e-02,-3.758009538304893926e-01,3.524001155511809202e-02,-4.676394601880908275e-01,-1.518167785520042334e-01,-3.587680351903077547e-01,-1.034115449279379428e-01,-5.093351848711648033e-01
-2.571277555584762786e-01,-3.777612957853107578e-01,-1.479230929631248637e-01,-4.268157510576448543e-01,-1.690494142102859643e-01,-3.508125211226471585e-01,-1.766223112912442827e-01,-4.440433264710721417e-01,-1.132474433501439171e-01,-5.928396853150502688e-01,-1.164495830414808974e-01,-4.614277857345173151e-01,-1.199273613315300080e-01,-3.834134897868989866e-01,-1.528856202756102012e-01,-3.491870162949810563e-01,-9.988268127300281574e-02,-3.769328133436113393e-01,2.539822114695716032e-02,-4.723899315918891895e-01,-1.679643754498672537e-01,-3.583002298323129664e-01,-6.475429318432848746e-02,-5.114485554025626213e-01
-2.779059511599966115e-01,-3.751394483698615723e-01,-1.677985547238123043e-01,-4.273274321227197858e-01,-1.355727984955175103e-01,-3.501442762509028861e-01,-1.903355748218496513e-01,-4.438814620734023442e-01,-8.004629627619655463e-02,-5.953232056650957782e-01,-6.892157255079264799e-02,-4.627404344463562080e-01,-1.448709503306992441e-01,-3.840676151822490225e-01,-1.193881722586740551e-01,-3.487715436073310360e-01,-1.054579289924702235e-01,-3.778482603489559666e-01,-7.428833650009361578e-03,-4.769932211713650561e-01,-1.976415671038846411e-01,-3.574299044643764467e-01,-1.219512238531107462e-01,-5.145234850115987246e-01
-2.647479905177779202e-01,-3.720846014981099570e-01,-1.270925437834626859e-01,-4.273717062625039254e-01,-1.561848819826447687e-01,-3.502694778548559595e-01,-1.929702014963859680e-01,-4.433321040280028269e-01,-1.089613800964676638e-01,-5.985535141029780792e-01,-1.400392757631904184e-01,-4.651334157578526085e-01,-1.428949216396863398e-01,-3.840768197052109589e-01,-1.129508852224367921e-01,-3.491457352247074319e-01,-1.122709274575811739e-01,-3.786441714628931421e-01,3.365166371680154700e-03,-4.809486215037601653e-01,-1.624975388198760806e-01,-3.559589133253144300e-01,-1.085931356685551630e-01,-5.163710771233022134e-01
-2.579181513135393455e-01,-3.692638684599034993e-01,-1.577202049641714954e-01,-4.283603517997761068e-01,-1.849888426168482258e-01,-3.498872740222156441e-01,-2.235045636028553107e-01,-4.427664940603283639e-01,-1.160151594939086428e-01,-6.012209503238304942e-01,-1.556914834541177906e-01,-4.659525014721579428e-01,-1.528217528608466491e-01,-3.841959965582255054e-01,-1.718157729872736572e-01,-3.496735125427991586e-01,-1.130165909330173163e-01,-3.792747683946365855e-01,-3.729433256017673781e-02,-4.851449690308208273e-01,-2.106568584080374951e-01,-3.552616727045247447e-01,-1.331590885145277348e-01,-5.184915279650900155e-01
-2.759276012419579205e-01,-3.666381466749439877e-01,-1.724324002396474265e-01,-4.286750511166766420e-01,-2.163607035804875900e-01,-3.489020548647400743e-01,-1.983038288989452946e-01,-4.415155849290588463e-01,-9.309917449458882110e-02,-6.037928433146811935e-01,-1.527077265817725349e-01,-4.664333888550132312e-01,-1.174540377561732324e-01,-3.841632116174106826e-01,-1.598136546004747527e-01,-3.488742112386445382e-01,-1.474282024701903115e-01,-3.799929565929582309e-01,-1.804578114291378182e-02,-4.885239287381276663e-01,-2.050088710047096863e-01,-3.535136469996382758e-01,-1.204254575135328409e-01,-5.201049868428186951e-01
-2.471568657173988659e-01,-3.635703874626614596e-01,-1.783570275709158437e-01,-4.287012608937633140e-01,-2.175746486137544455e-01,-3.471734097583328849e-01,-1.995104645892090689e-01,-4.408555865368249393e-01,-1.240311369936354380e-01,-6.068841489931696698e-01,-1.646051955919995702e-01,-4.669288226871976533e-01,-1.874380870417173828e-01,-3.849226522228468284e-01,-2.033969900066992242e-01,-3.483429036606187079e-01,-1.560914300880166250e-01,-3.799012658241668339e-01,-6.441546517048320208e-02,-4.923862773529760206e-01,-1.929795353341320074e-01,-3.518511706776947801e-01,-1.224603541972358600e-01,-5.220370614343122773e-01
-2.787069195650174747e-01,-3.611646429112322920e-01,-1.566967998066022827e-01,-4.285626477758476272e-01,-2.194250092321338996e-01,-3.454105442789293656e-01,-2.475412935707659301e-01,-4.401944227670282483e-01,-1.672229215782148615e-01,-6.092999637305788196e-01,-1.228605653482952864e-01,-4.672531971821534125e-01,-1.873750537987711740e-01,-3.841382096986692418e-01,-2.068222308869947235e-01,-3.468831541244161154e-01,-1.695093982485731954e-01,-3.797002280038762612e-01,-2.717415752568778237e-02,-4.952409536309905214e-01,-2.176259554157753962e-01,-3.505024794850971070e-01,-1.548141099001409116e-01,-5.238967365440032609e-01
-2.603073936772645758e-01,-3.580094836655639545e-01,-2.175613668156463620e-01,-4.289577682602603304e-01,-2.247083497245911943e-01,-3.436176717468216180e-01,-2.643213466040830739e-01,-4.384409283568259652e-01,-1.965606737910400581e-01,-6.107295557215207671e-01,-1.225825979647115899e-01,-4.685864638534214532e-01,-1.808893387011710485e-01,-3.833108520592973800e-01,-1.601539003591916366e-01,-3.453463101069254582e-01,-1.940512390774130624e-01,-3.791553387169597222e-01,-1.945625914679466675e-02,-4.989892595227538030e-01,-2.241563119983839003e-01,-3.485679152274647197e-01,-1.577894335742230092e-01,-5.250778813162400027e-01
-2.944614413521473018e-01,-3.553280780676001394e-01,-2.285825856210698948e-01,-4.279256653927511755e-01,-2.258070369416009249e-01,-3.417661075276717808e-01,-3.000596383896466102e-01,-4.363095990624538123e-01,-1.677186710711373874e-01,-6.114891916303770714e-01,-1.782370696115274100e-01,-4.699594587305517268e-01,-2.065445663467341542e-01,-3.825801715521152668e-01,-2.058892825111519054e-01,-3.448897723066720045e-01,-1.905485241636911964e-01,-3.779848448927345950e-01,-3.156914374772491760e-02,-5.029698323255964443e-01,-2.754112095698591500e-01,-3.464621520847065983e-01,-1.489540434544297520e-01,-5.261870154989485293e-01
-2.715654588214719833e-01,-3.518236106218720627e-01,-2.193751938015974789e-01,-4.266616493876981830e-01,-2.406080340780418769e-01,-3.399217138005312666e-01,-2.817277490903841719e-01,-4.332780216948052820e-01,-1.813194497848956976e-01,-6.130319837686872830e-01,-1.394485629070483790e-01,-4.700527430266089879e-01,-1.811235348339793327e-01,-3.813503898425221195e-01,-2.006552132496398910e-01,-3.433994592463934237e-01,-2.389562024038912602e-01,-3.769443213186925989e-01,-9.423357783888586248e-02,-5.067610194340003149e-01,-2.305128271315086130e-01,-3.431450889457316467e-01,-1.714808891093591026e-01,-5.275959979347878415e-01
-2.961125218891124122e-01,-3.488470457619474718e-01,-2.150939623579043447e-01,-4.255965954534982054e-01,-2.410123726209429107e-01,-3.376913831065183613e-01,-3.141975934606686671e-01,-4.306930468411755419e-01,-1.648414179595152074e-01,-6.142071520963534592e-01,-1.500537945798606221e-01,-4.710346147760198776e-01,-1.939354011479391404e-01,-3.806564951328151869e-01,-1.966183464975337358e-01,-3.420417109601663341e-01,-2.331250154850643685e-01,-3.748255398604278255e-01,-7.307132660236934085e-02,-5.091754377367369022e-01,-2.551195819101610973e-01,-3.409388146190254210e-01,-2.189023529058677919e-01,-5.284221500264335569e-01
-2.854856539580380437e-01,-3.453126403624501850e-01,-2.626620020882448614e-01,-4.246489027228980695e-01,-2.632825426824386139e-01,-3.354630097924775622e-01,-3.148633303483854284e-01,-4.272919533695557215e-01,-1.881856893602573411e-01,-6.158250322066288751e-01,-1.616198134861928370e-01,-4.717756379771519404e-01,-2.313880211191164105e-01,-3.796673056214610043e-01,-2.245795402103994420e-01,-3.407737181354232869e-01,-2.194818034696513487e-01,-3.728021175446674662e-01,-7.564635474034428486e-02,-5.121077670436522400e-01,-2.806148408362746927e-01,-3.381681452610265648e-01,-2.105760611394180970e-01,-5.281823390908095828e-01
-3.013221036203188041e-01,-3.420425456330556946e-01,-2.586241750473838863e-01,-4.225819213637583283e-01,-2.875741506433864281e-01,-3.327459950773453135e-01,-3.193594466989443381e-01,-4.238958738695816630e-01,-2.057568340285884090e-01,-6.169135605415264623e-01,-1.737067912588360630e-01,-4.723151950186867398e-01,-2.004148044249312588e-01,-3.778376865906680204e-01,-2.145271672077241620e-01,-3.388725297965934358e-01,-2.185168252201659667e-01,-3.711124909332371713e-01,-7.948521295419304356e-02,-5.150170622549992139e-01,-2.466713787134644231e-01,-3.347731547774473460e-01,-2.106144254766245394e-01,-5.281538584903530120e-01
-2.720607941158001419e-01,-3.383705922678315048e-01,-2.731171129719072166e-01,-4.206356210544008878e-01,-2.587781241719946945e-01,-3.294391735443584213e-01,-3.528911145041202513e-01,-4.204085973493895123e-01,-2.018862723727022912e-01,-6.176063443133448239e-01,-2.363542897295157208e-01,-4.725643255136470766e-01,-2.365615122525297209e-01,-3.767180862327264568e-01,-1.864434321901077274e-01,-3.371580795097794403e-01,-2.115545339714937634e-01,-3.694262692934222048e-01,-6.628971841904846007e-02,-5.178276816653968329e-01,-2.417764264806576135e-01,-3.321517104036677548e-01,-2.066952219082644204e-01,-5.281061408461592555e-01
