1.677800771270704372e-02,1.222431204958953840e-03,-1.833189731747886242e-02,-3.947360581187277576e-03,-2.045429858345493290e-03,-9.512447032735118699e-03,-2.741718909118356917e-02,-5.721286105539074782e-03,-2.083835843021625278e-02,9.922812420886575197e-04,1.099867855853209342e-02,-8.535299776972036720e-03,1.474101418207907077e-02,-6.455232265416598406e-03,2.812021254958990690e-02,5.455225564304463579e-03,-1.047278092002984495e-02,8.723654877916493799e-03,-7.757580934010521734e-03,-2.633287982441296499e-03,-1.803430357050828103e-03,2.909480637402633157e-03,-1.863031195753828140e-02,-7.862422426443952186e-03,6.241617137971566809e-02
9.990233620057853425e-03,1.311626701253303454e-03,-1.672240502618216329e-03,-6.954729876733534502e-03,3.928966214479689967e-03,-1.623643389360159700e-02,1.609140749174775564e-02,-1.430598126526381325e-03,8.229046765364289584e-03,-4.654286161387322443e-03,3.150805545023116494e-03,-4.611852681069687244e-03,3.497905729258066199e-03,4.180691749555119630e-04,-1.200936629673415856e-02,1.473419210957891551e-02,-2.813860785645205809e-02,5.740566520031114423e-03,-3.741974447927620684e-03,-8.108790051475130850e-03,-1.716705024047709971e-02,1.568999929338545096e-03,-5.442210614068021535e-03,2.144032319696537181e-04,4.917681703469267696e-02
-8.331479116585494005e-03,6.416106836936434632e-03,-2.484517075246056583e-02,-2.582368655032840285e-03,-2.301897048728307471e-02,-1.966547923381522373e-02,2.770910077089794310e-02,-7.459818622092407106e-03,2.455692758453681401e-02,-2.977267693417677899e-03,1.203167399867899334e-02,1.957601935000437970e-03,-1.416194329012865349e-02,8.534543621811399583e-03,2.829553436078435791e-02,1.584329658125994619e-02,1.686651145214917991e-02,6.363023024044220377e-03,1.303297214926063541e-02,-1.205701459060547556e-02,-2.964213745204669070e-03,4.327472454904057741e-03,-1.369378669256587910e-02,-2.277446445082929524e-03,7.362433225152942295e-02
4.877143484801893525e-03,-1.445378972277980983e-03,-9.099531499139446034e-03,3.864727551838632175e-03,5.550683228681962955e-03,-2.088678905809606551e-02,-2.895118321629291946e-02,-1.525148499840578951e-02,2.748134161901105710e-02,-7.886499415619821485e-03,-1.142299096611509857e-03,-8.275567183818610673e-04,1.708174347268343052e-02,5.950536993342952358e-03,-2.533606929288656495e-02,1.702552732749232009e-02,-9.534763365238729804e-04,6.201261229492129740e-03,-6.541109732519645448e-04,-5.306706502558992261e-03,2.631326561669239394e-02,2.670322032434148396e-03,4.349181803146362491e-03,-1.050762036941078718e-02,6.809293958816833858e-02
-1.103031880621857530e-02,3.093092142008584122e-03,2.726606239744072679e-02,3.689211728873806329e-03,-1.260741970910950194e-02,-1.163233949875569495e-02,1.077864184661270208e-03,-2.261889111581268791e-02,-1.491111088380914218e-02,-9.655616392624983418e-03,2.619711295396182082e-02,-4.208826128860081173e-03,-2.030713213164730968e-02,2.405235049665305214e-03,-2.723284755691768311e-02,1.234825792384173365e-02,-3.938505339119380277e-03,-2.078650156343085642e-03,2.959701787105789572e-02,3.946082806923614794e-03,2.342318806736787273e-02,4.699305105576458141e-03,1.496832777927809000e-02,-1.681359502732335254e-02,7.756307094526693202e-02
-2.914037448150486043e-02,-4.469942485034940349e-03,-1.642210150842238203e-02,6.778040338384326569e-03,-2.205656234743452737e-02,-1.464715428470132405e-02,1.067216337500720424e-02,-1.472287454104869928e-02,-2.264433284206041064e-02,-4.622000031551505572e-03,2.789331488483592913e-04,3.333216146604311980e-04,1.173943644875807824e-02,-3.756552613153642250e-03,4.963950550652573845e-03,1.942450582075005983e-02,-1.802709980581762572e-02,-9.496718232068157572e-03,1.809220638866410047e-02,7.141322116103125672e-03,1.285756033993346037e-02,-5.170117952773528591e-03,1.429743285959772514e-02,-1.012889408839510313e-02,6.780267385885965781e-02
1.991111981648563400e-02,3.656488880583362577e-03,1.796213950745578769e-02,9.183692870158938204e-03,-1.599550119152259864e-02,-1.405025463122699242e-02,1.809215034952960099e-03,-2.421951094015958178e-02,6.466317789420528150e-03,-1.264653914571156612e-02,2.207179124135716375e-02,-7.852031856993083037e-04,6.156173002750175982e-03,3.846856760751152238e-03,-5.319773384586223841e-03,2.107044883376132938e-02,-7.443208427313052766e-03,-1.107062598026159472e-02,-4.512088016278725799e-03,7.065495041580771574e-04,9.065745502784439136e-03,-1.115115747209255437e-02,2.198068820795112677e-02,-2.713954787314051820e-03,6.301019587399621369e-02
-1.107197599411580136e-02,8.332453784389202978e-03,1.402756901533463996e-04,3.942847050375439255e-03,2.264774980396416781e-02,-5.890403858145001892e-03,2.107187017239381399e-02,-2.633226552620582250e-02,-2.754038689591092881e-02,-1.934897406418812499e-02,-1.930893867118449458e-02,5.863281589384740367e-03,-1.582446905117385061e-02,1.044700637117028375e-02,-1.506680835663304352e-02,2.826875928097838386e-02,4.284125782594461196e-03,-1.422112189072975708e-03,-5.058926621238024612e-03,7.318835440308590901e-03,-2.721871156886501719e-02,-1.323534395787372142e-02,-7.706219715092998968e-03,-1.056609471929766120e-03,7.677523487317278184e-02
-1.602880161863484698e-02,1.659348815604726884e-02,-7.936572836016897448e-03,1.294104286945283594e-02,-8.118656536043267202e-03,1.612030062037028699e-03,-1.046508776907323357e-02,-3.504007683281816499e-02,-7.079699496408076165e-03,-2.492952722622576722e-02,1.127691720262880004e-02,3.433884190787273027e-03,-1.211374161566763918e-02,1.814251573381473609e-02,2.704401453859417437e-02,2.851094167287669678e-02,2.505680412444516447e-02,-8.020192298006101339e-04,-1.135740423790831954e-03,4.668561396660164675e-03,-1.022198742570323837e-02,-5.547738478329032608e-03,2.166184020671146904e-03,7.273723330437492640e-04,7.610080353512740925e-02
5.523801623729784893e-03,1.400603295984649554e-02,-2.428741111537674469e-02,1.252961308146871566e-02,7.041148832397814417e-03,6.018918071312322204e-03,-1.968865958826510054e-02,-2.912990208991391577e-02,3.967085332392650265e-03,-3.217062480588928075e-02,4.259992339390061833e-03,9.071551179800907416e-04,-2.027892734097147542e-03,1.406211109971512718e-02,1.184876937377343786e-03,1.942819321121110748e-02,1.570088794583957004e-02,-1.050440165718765501e-02,1.803044534951647737e-02,2.868833258747913173e-03,-3.985749578075958865e-04,-1.126747873714440545e-02,6.024976442527751885e-03,5.591687188924068797e-03,6.950389607833233618e-02
-7.423185497018924828e-03,2.157534500267642430e-02,2.933942552179880092e-02,2.140686594325415248e-02,1.307967900624718016e-02,7.493740326281195241e-03,2.727680607965587978e-02,-3.232686929630784745e-02,-2.299293304057964393e-02,-4.047309036718348824e-02,2.108743698670284550e-02,5.412563854275284636e-03,8.239833481669678328e-03,1.792589938156957663e-02,-2.276364658352925119e-02,2.660543356258859848e-02,5.274219479765585028e-03,-9.661724862378470724e-03,1.108729317048579022e-02,-2.079875378194109836e-03,-2.932559387916816585e-02,-2.004022109496518544e-02,-2.751263872129317001e-03,5.919451526337063396e-03,9.830848184110871357e-02
9.473233293842420188e-03,2.601225680760775594e-02,-2.809201853819359718e-02,2.208708256827023042e-02,-2.985751729082752881e-02,-1.047502810854805677e-03,-2.713835031294153932e-02,-2.537128479604923437e-02,6.533634664539489378e-03,-4.780475763117403298e-02,1.800304609426656155e-02,-1.757427439724540408e-03,-1.580872091463103590e-02,7.895191418154645646e-03,2.107997492261259875e-02,2.431109966292203939e-02,-2.670131994477487059e-02,-1.779931077324137939e-02,1.800243841816401291e-02,2.823810329489861992e-03,2.581286139430044591e-02,-2.507779803588286449e-02,1.635168028071287694e-02,-2.227350789255039265e-03,1.060582064049937628e-01
2.885241325278059543e-02,1.922424271812692154e-02,-2.414898933789488833e-03,2.880219982447770888e-02,1.717679456531023829e-02,-5.536726571896688487e-04,8.382425915758273671e-03,-2.759020362507657448e-02,4.366261866041276640e-03,-4.140534693915517983e-02,-2.141578821135597943e-02,3.969662159968787019e-03,2.686006173366972671e-02,4.137366148918589226e-03,-1.199767659188935576e-02,2.176227469171625184e-02,4.761373958230286085e-03,-1.963851821548065479e-02,1.188635253480785359e-02,-5.229034705964613616e-03,8.865237311573070933e-03,-1.924986435128759471e-02,2.637685203483858265e-02,3.767112083992857352e-03,9.200161477421935075e-02
8.940842325215803132e-03,1.859749470764705814e-02,-1.105205159638661394e-02,2.962996460007952249e-02,1.716358282447505434e-02,6.394678795173316943e-03,2.878747082009081026e-03,-2.404086066919237930e-02,-4.157550144456678698e-03,-4.403061674160736738e-02,7.677276423873946598e-03,6.257462232698435267e-03,-8.524856764632382511e-03,9.200801201295377707e-03,8.155744208607762502e-04,2.587570087295318344e-02,1.417454567232134810e-02,-1.825544651646762717e-02,2.318219344475663801e-02,-2.357901962611597124e-05,2.529219908465979438e-02,-2.086043473098536660e-02,9.525078173860945796e-05,3.034464847378876007e-04,8.588241115359489253e-02
1.632268283012544563e-02,1.253152283502374786e-02,-1.133756906402610953e-02,2.336703726274746984e-02,1.120244699248290621e-02,1.374559118810245173e-02,1.229587379807522973e-02,-3.110240193058072533e-02,-6.770353931130623781e-03,-3.986026398625067135e-02,8.419811153688172567e-03,1.266512276290802930e-02,-2.939548669305547257e-02,4.608343691824973165e-03,-1.753500182869313639e-02,1.951328438533644904e-02,1.479391886315517546e-03,-1.611965885077679128e-02,-2.035825224307222236e-02,-2.502285472634424579e-03,-2.027705107315974642e-02,-1.883505188369490047e-02,2.027178730652645644e-02,-9.571437795847390073e-03,8.900445216206551158e-02
8.935553803815443619e-03,1.116087440890611848e-02,1.030219159889400604e-02,1.400695930217712992e-02,1.572518870537525926e-02,1.464142920987102081e-02,-2.667803983894501130e-02,-2.318832505174539538e-02,-7.956654407973717813e-03,-3.865871914825366740e-02,2.333054541360068956e-03,1.952733418827427847e-02,-9.632123535238928946e-03,-2.872343051172732142e-03,2.072667584798737472e-02,2.535479943977075878e-02,-1.069981718750001587e-03,-1.611338444171847573e-02,1.621597782690981093e-02,-1.965126842148307018e-03,2.120975971058497445e-02,-1.340972519436618715e-02,2.129026131127420562e-04,-1.283386346623184571e-02,8.159593235540057998e-02
-1.359413104623119484e-03,9.317731727021730248e-03,1.570599175261400138e-02,1.710136702552389476e-02,2.418337085459193458e-02,1.376644137484919761e-02,1.336429302377378781e-02,-2.074603104850356039e-02,2.796024497344518078e-02,-4.140855252065371583e-02,1.691770858435170943e-02,2.282674890980640470e-02,2.205838797020046038e-02,6.840948757683082415e-03,-2.324744114571619669e-02,2.612301252081590530e-02,1.396264521349532828e-02,-1.814311288674771983e-02,-3.706914822935419851e-03,2.129753857122829164e-03,3.114483931032419051e-03,-1.662578383107221613e-02,9.322515423029476000e-03,-1.530898572896716159e-02,9.066912843192016791e-02
1.061090557728483486e-02,-2.524408429739610771e-04,1.272914888957293877e-02,1.223730459003861959e-02,1.637168767475366549e-02,1.644711578799015750e-02,2.187703722417971841e-02,-1.195095455308038679e-02,1.427002223936013614e-02,-4.206993587365774612e-02,1.805919478173295678e-02,2.338271588642125420e-02,-2.717002749674785056e-02,8.178503905753128911e-03,-1.586375938270040420e-02,3.516235636969532175e-02,7.277601100763420039e-03,-2.464826241365196402e-02,2.156337242819636457e-02,-4.208695706354986799e-03,-2.984503786118797297e-02,-1.426482779883163354e-02,7.768930398109885616e-04,-7.803953997746318483e-03,9.498875995011306361e-02
2.990634672518699411e-02,8.940133327566185395e-03,1.201280319853009759e-02,4.168475784347480673e-03,5.665462600013437822e-03,2.149855176468198903e-02,-6.556522734287195675e-03,-9.437537607845158938e-03,2.495834589232759360e-02,-3.861649260721786159e-02,-2.669905009370920901e-04,2.521602737070779976e-02,-2.190048244614153927e-02,1.097395750454310814e-03,-8.061512030065415280e-03,4.405328720349289962e-02,-2.606113511072716271e-02,-2.933673929581537276e-02,-1.798157946827991238e-02,-1.470238020208444740e-02,-2.890015228722650487e-02,-1.186425024430985686e-02,-2.850807793860599126e-03,-9.394281667773604627e-03,1.007502353783776977e-01
-3.903788998030954804e-03,1.150965589198732486e-02,-1.488116121921956303e-03,-5.207405627058639408e-03,2.974207112309829037e-02,2.072488679921263843e-02,1.051278284142870278e-02,-1.727548727248123805e-02,1.874179995627750506e-02,-3.593903056094958914e-02,2.424112702093322858e-02,2.482074964158187402e-02,1.736290674644652698e-02,-2.450583931745825561e-04,-1.888600691138167531e-02,4.852439350578183208e-02,3.801267706557226456e-03,-2.547075182150081163e-02,-2.388717509239027259e-02,-2.196642324704796423e-02,9.264077741909182429e-03,-1.258080560961510885e-02,2.742818729425733348e-02,-1.507763213944834924e-02,1.034388008300703016e-01
5.151522291739762949e-04,1.304190840074406776e-02,-6.611042007885481464e-04,-1.438390228304368967e-02,-1.022808924792964480e-02,2.942833726419544216e-02,-4.207772131383291647e-03,-8.889351288149049957e-03,1.676797017429582093e-02,-3.688397881700095082e-02,2.038099865048320636e-02,3.350176368326718279e-02,-1.450706310683042011e-02,1.694828192077335594e-03,-1.063938689195098597e-02,4.535582296747407705e-02,-1.551022620928144136e-02,-2.182868385432634728e-02,-1.145413091552555107e-03,-1.993629642416058778e-02,1.094731048661370942e-02,-5.112646609812809828e-03,-1.646751620018849227e-02,-5.793771455666868464e-03,9.259931881285914101e-02
-1.481368007255590147e-02,4.499809999473275424e-03,2.514432186182624651e-02,-1.370273646851788429e-02,-2.686184721543805054e-03,3.685390538763122503e-02,6.198727117476710013e-03,-1.622557930426704598e-03,2.912414814355462900e-02,-2.767566118277534071e-02,-8.458791679302746225e-03,4.269051323432251910e-02,1.883633609765641981e-02,-3.731230222104309213e-04,-1.089829025789335049e-02,4.451566975767581869e-02,1.802960901706912589e-02,-2.866009471745618875e-02,6.027153142648428163e-03,-2.713418018281486821e-02,-1.707679203749340457e-02,1.340648091198493042e-03,-5.065676635739480016e-03,-1.258242569781556353e-02,1.040489435075505620e-01
2.294162058469689791e-02,1.330542645696328186e-02,2.045889402518458189e-03,-1.129296826490958083e-02,7.292502063504457954e-03,4.390823390538234339e-02,-1.364568880762428993e-02,-5.902473796473683976e-03,-2.723331730017786168e-02,-2.483732620509712663e-02,5.744338773575718982e-03,4.136130786262751102e-02,-1.242432870847168247e-02,6.325184237541858767e-03,9.864961238565339574e-03,5.166828497952222210e-02,2.014998435047568592e-02,-3.910470520220019064e-02,-2.900168695912466732e-02,-1.780064854652510520e-02,5.827766477356055574e-03,2.650553428051871663e-05,-1.617444343893537084e-02,-2.054407549249212539e-02,1.136293330267743734e-01
2.150953429611140999e-02,1.782775120031152016e-02,2.479381247343512285e-02,-1.246325626243022233e-02,-1.734115397698512973e-02,4.051799467069377991e-02,-1.743479555290528005e-03,-7.013489172923326187e-03,1.422573461890114244e-02,-3.411324980365054715e-02,2.271610321764050422e-02,4.121479134891839480e-02,-7.259413421001087441e-03,7.361039645712719182e-04,9.917530245354688745e-04,5.369816434982363496e-02,1.443304399874448252e-02,-4.764562808092066837e-02,1.393924717773861732e-02,-2.093700540080753458e-02,1.696349565078320021e-02,-9.374536693158658229e-03,4.249772624025038859e-03,-1.431188255590309932e-02,1.173597125105036998e-01
-2.047812941752436000e-02,9.450923565204799592e-03,1.103286174950110499e-02,-1.904742468452272353e-02,-9.620115086016123307e-03,4.713070118811302223e-02,2.738003258720289601e-02,2.505729648686449984e-03,-1.546354696222157488e-02,-3.217971883772058339e-02,-2.420802277107753087e-02,3.329303036235800595e-02,1.523901786742506981e-02,4.539229974007435997e-03,2.289329986906979419e-02,5.247414615722711950e-02,-1.338321258495922539e-02,-5.033859989350254749e-02,-1.791407533801986363e-02,-2.071846968686080759e-02,-1.896462093387940584e-02,-7.335377026601447303e-03,1.295617044974939347e-03,-7.091735664197906797e-03,1.203796825722674019e-01
-2.003428927988792907e-02,1.477773283753949785e-02,-1.489444358198460661e-02,-1.908808265213876587e-02,-2.035780235175158048e-02,4.468259745028213548e-02,2.103347206322370155e-02,9.703643776149878386e-03,5.136073463795576277e-03,-2.797438320107642484e-02,1.423099354806656169e-02,2.652411274470276026e-02,-1.227347809297418824e-02,-5.446473952474550906e-03,-7.782253202912009504e-03,4.332473028872421694e-02,-5.701250017690451255e-03,-4.318541226046522519e-02,1.565186493245834809e-02,-2.158158934587756095e-02,1.638716778899287907e-02,-1.391621951507432398e-02,-1.762481954141464913e-02,-8.058541501356208947e-03,1.069223721904379587e-01
2.331979197699896034e-03,2.286466264774111856e-02,-3.871642087461601989e-03,-1.096203443332657845e-02,-2.208351446663844864e-02,3.853360261553256949e-02,-2.264412237645221926e-02,1.104254181471001073e-02,2.718649987210375318e-02,-2.315258521652424628e-02,-1.126899258287406003e-03,1.938493849056582841e-02,2.726579071401036281e-02,-2.004101141476949399e-03,-2.019161557920737260e-02,4.883608192101762668e-02,3.272319346397212225e-03,-3.661071826352867153e-02,-1.758085453178892532e-02,-2.983192729395364728e-02,-1.486150940204444826e-02,-1.472949327742781311e-02,-2.818097721772527819e-02,-8.341629954309648376e-03,1.109709619965650179e-01
8.308374861731360195e-03,1.461288781314160068e-02,-2.990198996362522510e-02,-1.314473609095442863e-02,2.968886267563092263e-02,4.126433863973938410e-02,-1.308923958802474252e-02,1.786746460368743294e-02,-2.648832370648229739e-02,-3.027961877094842436e-02,-2.486786270598673187e-03,2.023258875051633932e-02,-2.239707975627158731e-02,-1.103877125960622818e-02,-2.084649575779862207e-02,5.867136825821125945e-02,7.933016192039843428e-03,-4.288911506836937115e-02,-6.382884866656862721e-03,-3.471047534795815293e-02,2.538966041577006560e-02,-8.807819459250326721e-03,-1.073409965991889425e-02,-6.576077337251268196e-03,1.224225906543919828e-01
5.166218488892870830e-04,1.528212001568490797e-02,2.452405657211439993e-02,-1.455924953964166102e-02,-4.956647667492514175e-03,3.189996314565513025e-02,8.872547150585524678e-03,2.473794241953297668e-02,-9.311532821595747134e-03,-3.687469003889162766e-02,-5.549450499501229483e-03,2.139453140376076923e-02,-3.540763925958617664e-03,-1.565747213055118658e-02,-2.240948719064767003e-02,5.892611602630939971e-02,-2.453479009299741609e-02,-3.946648089274598648e-02,1.010352587645491074e-02,-3.213200355291959132e-02,9.280827113552159169e-03,-7.498080630062853302e-03,9.844657833689762771e-03,-1.075892902693409425e-02,1.122334322152823693e-01
-2.872593224222330655e-02,1.888675103931780619e-02,-6.103376352117440007e-03,-2.076167156645236656e-02,2.256552645925657963e-02,3.734927409274951815e-02,6.603550554090759084e-03,3.213385645113872591e-02,-3.340050353268120276e-03,-2.971253728423917106e-02,2.620458485713489383e-02,1.816541467656071496e-02,2.129221156229035850e-02,-9.779992980381013723e-03,-1.062886181132371988e-02,5.580154955948352091e-02,2.739139723715866559e-03,-4.145616744216179539e-02,-6.543738879235538874e-04,-3.511753482246163238e-02,7.907261044173774511e-03,-1.725637089941209346e-02,-1.002935453372039154e-02,-1.474575035084307872e-02,1.181317635017246070e-01
-2.165276215721992359e-02,1.136421715099200647e-02,1.651630152924224437e-02,-2.766251044013029459e-02,-2.314154112320257473e-02,3.225304969230979868e-02,-6.615785368937893152e-03,2.700267929619995511e-02,3.002546414950912901e-02,-2.895215053324431964e-02,-1.860859423264452084e-02,1.486772988868145795e-02,-2.086731258405682965e-02,-5.451019371536580671e-03,-4.610730947339741759e-03,5.828079427538565560e-02,7.170903096914177377e-03,-4.816545683606535122e-02,2.603050217383642839e-02,-2.871516105550192544e-02,2.884294116505525807e-02,-1.429077747590498659e-02,-2.580657973224637081e-02,-2.144719433384120744e-02,1.273201885894141572e-01
-8.764696534086818813e-03,6.082349243798995664e-03,1.721400182583643357e-02,-3.596809647268173205e-02,2.001385582487455461e-02,4.076572601739492097e-02,1.935011621931850834e-02,3.382551562346944318e-02,-5.226009254822472361e-03,-3.085537448044850528e-02,-1.067077843828750927e-02,1.166239558619958094e-02,1.499107924783360524e-02,-1.490917404229116783e-02,1.813780784285368153e-02,5.848304931028214249e-02,-5.572396233060883386e-04,-5.322552618821399517e-02,2.356943319655860347e-02,-2.581990170145173624e-02,-2.147784124661328287e-02,-1.351259096402521176e-02,2.284446305932308352e-02,-2.449809026560417768e-02,1.285756732564158622e-01
-2.120927251778648159e-03,1.328261710987621580e-02,-7.981037189836948098e-03,-2.795029540395679857e-02,-1.697263692728714912e-02,5.067593703452050180e-02,-1.761983901151653598e-02,2.819282946039131099e-02,1.511180079234225593e-02,-3.400565492243026733e-02,-2.284852741882098526e-02,1.862760039110805677e-02,-2.492990525938043600e-02,-2.255289676537775012e-02,-1.949111171338141490e-02,5.777775246263971987e-02,-1.948215823020710280e-02,-4.543860635280880245e-02,1.933608152687524284e-02,-3.129603627339055949e-02,-6.064972618444658403e-03,-1.815623362650437000e-02,2.939291206570976422e-02,-3.019894839964745725e-02,1.342730675148088026e-01
3.661871588229448360e-03,1.037817048437036926e-02,-6.868555791783081954e-03,-2.587153792582133627e-02,-1.371998708324079219e-02,4.188885688650584305e-02,1.393126616668405315e-03,3.493041632727725276e-02,-1.125749508630974338e-02,-3.773064003804840749e-02,3.897866015876522150e-03,1.455031115302773959e-02,1.065259139192772930e-02,-2.325224312654655678e-02,-2.600551293558472921e-02,5.438089042109756077e-02,-2.994179217231068835e-02,-3.636072828517147859e-02,-1.734407873617510587e-02,-3.169563016920254328e-02,2.369510762409193783e-02,-1.649096740682243212e-02,8.692827295775917840e-03,-3.758505148766799753e-02,1.261476245597818735e-01
2.330642692585555009e-02,2.575976452190376076e-03,2.582189967603262803e-02,-2.545544942900390684e-02,-2.398585295432470454e-02,5.130656939365527136e-02,-2.362445907471247275e-02,3.342317954634563271e-02,-2.310508810994665874e-02,-4.135731316698929017e-02,7.156233917378601594e-03,2.259450066924181821e-02,-2.274259105920320434e-02,-2.213647884103195351e-02,2.120516310594738885e-02,6.263879381626805132e-02,1.531639064528331207e-02,-3.245026863460442890e-02,1.924656598834950660e-02,-2.267898313532540344e-02,1.509350281342913824e-03,-1.243070979573041024e-02,2.983756166963602574e-02,-3.212999438164551580e-02,1.385128247369426246e-01
2.554765360803401553e-02,4.133580042072787508e-03,2.592740250072173014e-02,-3.517531712777724473e-02,-6.462602452183940915e-03,4.608789770857010804e-02,-1.021376211926200428e-02,2.455635994328836391e-02,-2.848484803783746244e-03,-4.106879231929250196e-02,4.086646472670985020e-03,2.495469932449997930e-02,-2.261171405797735012e-03,-2.348639121001344643e-02,9.456634282956677406e-03,6.623741580089245740e-02,3.225109861562602820e-03,-2.505475525971781470e-02,-1.080759487983662392e-02,-2.503162523234914172e-02,-9.270530507994756420e-03,-1.068398561562405868e-02,-7.435449582316011607e-03,-3.563583733846800716e-02,1.254075715411557823e-01
-3.094913112188790727e-04,1.032211118838793906e-02,-2.109130318352386846e-03,-3.376238781877785589e-02,-2.970772142533073534e-02,4.534001499887882480e-02,1.726119220873320592e-02,2.980157789060625118e-02,-1.013437571786202085e-02,-4.986942374809885670e-02,2.275012559215269792e-02,2.167430983967968960e-02,-7.632861542823859979e-03,-3.251704139279057437e-02,3.879962968449279792e-03,5.806864513409842887e-02,-1.379301516183961684e-02,-1.541238994475030433e-02,-2.038390792968719500e-02,-2.860703747051182577e-02,1.652019836563115018e-02,-1.117068382912089763e-03,-1.605123965060240021e-04,-4.277343659203050596e-02,1.312265194173334593e-01
1.230413706908961569e-03,1.097687798555235794e-03,-2.156874922025125985e-03,-4.112074792138967205e-02,1.145698473178499710e-02,4.445208482136475681e-02,-2.026344856507653058e-02,3.213479903318661179e-02,1.013341792652461271e-02,-5.620585149533172120e-02,-7.479353747773836991e-03,2.005276946503542490e-02,7.152821347080395853e-03,-3.472415312478269178e-02,-2.763548778000621264e-02,6.101329143181691284e-02,-2.280717033795176540e-03,-7.620706140033323139e-03,1.390364575961505755e-03,-3.514341102554000007e-02,-1.719024211776737365e-02,2.423834672617058983e-03,-2.163019904216018086e-02,-3.355439127769871410e-02,1.338182013044692809e-01
-2.298698250506323038e-02,4.173432010573296935e-03,-2.644888496959732493e-02,-5.032509411892682749e-02,2.007396160415667041e-02,3.834921698261706258e-02,-2.060426942146706408e-02,4.121420313576207306e-02,2.072801269992208262e-03,-6.429117698670905323e-02,2.499596463286057890e-02,2.180177271535682637e-02,4.037187214352783160e-03,-2.590055886333100799e-02,-6.131918492275206800e-03,5.221272546978930618e-02,-3.284172773387550315e-03,1.534600663387397645e-03,-2.623611970731776211e-02,-3.149730480372883723e-02,2.816713693687117326e-02,1.188981957429030567e-02,-1.127702103448258164e-02,-4.011639246183423824e-02,1.443198923490092433e-01
1.682552250476929134e-02,8.937117195147281645e-03,-3.180847049009838390e-03,-4.203751976778319355e-02,2.584076907393334510e-02,3.401456778704073369e-02,6.811287434671881025e-03,3.246577915744752740e-02,-2.792092134380341761e-02,-7.367642934039808633e-02,-2.067258370956018276e-02,1.553064617093335986e-02,-1.766859654012639669e-02,-2.703992034627591967e-02,2.858834211446942275e-02,4.331392710572759541e-02,-1.687911643116082883e-02,1.925762012403575696e-03,9.963416741942676680e-04,-2.888196409110024843e-02,2.614103995750730047e-02,1.351238777644864220e-02,2.869424825879382523e-02,-3.172340776019516584e-02,1.396349578765865296e-01
9.161823337197977368e-03,1.769205709354165768e-02,1.037567748450896055e-02,-3.351809817896483912e-02,-3.994881482927453709e-03,3.236049725070017091e-02,-1.630479227409684095e-02,3.182216183319586111e-02,1.344600675356172337e-02,-6.769351742148577156e-02,-1.983671025750805006e-02,1.368860444315167513e-02,2.624611544641813898e-02,-3.584048466636780006e-02,-1.882005805241199203e-02,5.119380692675842837e-02,-2.356120636102124188e-02,3.575319587616754280e-03,-1.215014512570833372e-04,-2.668201576899845162e-02,1.140321323607695891e-03,1.227858414454291447e-02,3.547297999728638018e-04,-2.893382050062559552e-02,1.285745548530996263e-01
1.030361123729992001e-02,7.749472920382416419e-03,2.764342825511337254e-02,-3.355259569827984123e-02,-7.748568609151823550e-03,4.135455887318356671e-02,-4.452601143827561447e-03,3.785622961902240791e-02,1.872813967718017780e-02,-5.952901367978985503e-02,3.997562202722737545e-04,1.487512650373928880e-02,1.417478596866936225e-02,-3.623025198135854108e-02,-2.407385049324389792e-03,4.555360941108574369e-02,-1.704997405039818115e-02,-1.544916342525459729e-03,1.472776593271646339e-02,-2.966522113217912038e-02,-2.213716784579200514e-02,9.729146849457248614e-03,-1.812167943766959666e-02,-3.240053532373046719e-02,1.278381549822720231e-01
1.693367421269262318e-02,2.654502861244745215e-03,1.485478058756389830e-02,-2.985006646090959670e-02,1.891628047233892551e-02,3.274421258173487725e-02,-3.119060297102488333e-03,4.429457876088593871e-02,1.918245776469612585e-02,-6.095202193232637788e-02,-1.555633224243607726e-02,9.803040151699804472e-03,-8.375815717118595405e-03,-3.032041304247440339e-02,-1.943278282862187512e-02,4.639015618609290681e-02,-1.941030667491738804e-03,3.352591352236089506e-03,-6.529225473775102095e-03,-2.279005945186884929e-02,-1.552858085760991380e-02,6.176533360829072894e-03,1.515030527975624874e-02,-3.189975308835363288e-02,1.218648743813385144e-01
3.104812967166914461e-03,6.888228625008097072e-03,2.017527635509602790e-02,-2.913783405841080532e-02,-2.353550126199852044e-02,3.522260051678977044e-02,-1.651796365417490531e-02,3.947325896426107095e-02,1.757852102582324605e-02,-6.178290098946825903e-02,2.092648531828755765e-02,2.875183885942322881e-03,2.973871988476592398e-02,-3.268250626265026271e-02,2.241001562254701929e-02,3.898868625028004131e-02,2.341555046040466603e-02,4.175939948583728967e-03,-1.115232976750513139e-02,-1.316070036351837946e-02,-5.888117326863812062e-03,6.680498476659108009e-03,-1.398109135676828263e-02,-3.382372453707788162e-02,1.255705956101609566e-01
-4.205805632750331258e-03,-1.893926059023887110e-03,-4.094246215242181020e-03,-3.095443131243941215e-02,-1.480800936278300894e-02,4.261157853503727555e-02,1.658295893157052392e-02,4.895984101703648728e-02,1.631478767867966528e-02,-6.066092533111466789e-02,-7.347889650598210531e-03,-1.123372092368457587e-03,2.005579450564010102e-02,-2.703471422657494072e-02,-1.725554991965885798e-02,4.357336532145858476e-02,-2.978782211830147131e-02,1.091773960274664002e-02,4.297483728418455273e-03,-1.929720522952496631e-02,2.966002549697321911e-02,1.130993798985108212e-02,-2.765746315878075956e-02,-2.908310745632702865e-02,1.305746234616737833e-01
-1.888672579372589755e-02,-2.228841714549345543e-03,-2.156943351040829793e-03,-2.290842606194559705e-02,-1.262960207800424561e-02,3.833561330085749619e-02,1.773875160534221784e-02,5.521275595361008204e-02,2.442053491920809227e-02,-5.964122315476549918e-02,1.819620759716769620e-02,-8.176664810936040695e-03,-1.408113080804263006e-02,-3.150545690690917389e-02,-1.353108085672655170e-02,4.603801448487837567e-02,-1.469832392364395224e-02,3.163104967079388707e-03,-2.193358726104457923e-02,-2.413460332510808382e-02,2.661414805498904523e-02,1.878460619409633159e-02,-5.827907914748270413e-03,-2.270871496553611424e-02,1.297252983417643557e-01
1.469726541961879906e-02,-8.782002328017568527e-03,1.924430782030042697e-02,-1.377495324016814182e-02,1.496962424556870508e-02,3.613976044447420044e-02,-1.277115747118032218e-02,6.105901029397947655e-02,-2.304000636113109901e-02,-6.757605377830661064e-02,-1.574607389523910439e-02,-3.166161431815528449e-03,1.795553027824081660e-04,-3.879386213552185603e-02,3.263191030236645140e-04,4.428066163245331088e-02,4.979327019242696384e-03,1.090212866727335861e-02,-6.262056438512492162e-03,-3.261280326156523746e-02,1.719670302089673641e-02,1.951032842641192699e-02,2.484716304912976126e-02,-2.330184274981522696e-02,1.348299156006040056e-01
-9.806400795153935590e-03,-1.385317911903455323e-02,6.362885890897812535e-03,-1.472455774921777039e-02,9.495649734840794221e-03,3.020550324098858486e-02,1.982516601582179350e-02,5.735716179358485434e-02,-2.847082091693001193e-02,-7.731800733924765190e-02,-1.678182573565425995e-02,-5.645112572496169268e-03,1.272280519620061501e-02,-4.884937811740497349e-02,3.803410574721971527e-03,4.637848818503925719e-02,-2.611302087213440704e-04,1.519404111092031995e-02,-2.668759255794980745e-02,-3.036673721322175057e-02,-9.118071685397147186e-03,1.164342123543804508e-02,2.185940991387230747e-02,-2.937235190603521007e-02,1.430772072215993895e-01
2.328805922962003117e-02,-1.165209219235968652e-02,1.872176405287609424e-02,-5.993264860571834163e-03,-9.032109524617928931e-03,3.511415975866971628e-02,4.691949717612192705e-03,5.244336144080935513e-02,-2.145071009583091048e-02,-7.162376246866730689e-02,2.839170250655040362e-02,-1.093477734080217090e-02,2.416844657740457869e-02,-4.413215234389480934e-02,2.531312232928459305e-02,3.750401702761985145e-02,-1.007112088001055339e-02,1.258465314174994631e-02,-1.982326888664601161e-02,-3.067579770388606519e-02,-1.729361230084226764e-02,1.293504737687656281e-02,-2.467898014390060291e-02,-2.410617102925372013e-02,1.396300988970085311e-01
2.137595182606272237e-02,-3.678597142683481813e-03,-2.537064290265542144e-02,2.095036309560427412e-03,1.590509335060244500e-02,2.906572925139155883e-02,-1.155910553583666678e-02,4.723148749871636243e-02,-1.694482210190517701e-02,-7.932754240280731617e-02,1.128995279489436454e-02,-1.205718853878057217e-02,2.458014339573477702e-02,-4.388981156330554190e-02,-1.233254307717385201e-02,3.791775392056057070e-02,4.135012401451698683e-03,6.973165586103446945e-03,-1.259771025106665165e-02,-2.359046391043723156e-02,3.266397220186276207e-03,6.522534979675087552e-03,7.353152246018707094e-03,-2.748701103450484906e-02,1.311398552236747450e-01
1.424707167782793271e-02,-6.658899778529570046e-03,-2.568270686994222896e-02,-1.181103619382950498e-03,9.351321998416067816e-04,2.526462038625004736e-02,-1.102194454334376461e-03,4.890405919797885526e-02,2.539594540214948348e-02,-7.130719171434507508e-02,-4.210552424629698809e-04,-1.120048971110942926e-02,-1.926332919540474364e-03,-3.950223604357047669e-02,2.774678437277182386e-02,3.759684742496455234e-02,-2.965938646373289522e-03,7.463347541864728818e-03,-1.914220519257356368e-02,-2.589320293284708141e-02,-1.698751653543451035e-02,6.662355985297185867e-03,-2.432525350732059333e-02,-2.986948176010634226e-02,1.283019992082087279e-01
4.941538323371220953e-03,-5.709334577803260036e-03,2.965003045965447503e-02,-5.295482789851646555e-03,2.941828062050660941e-02,2.401876055316615188e-02,1.598344353446440325e-03,4.051349615192495479e-02,8.237850885553177349e-03,-7.489700742207544559e-02,2.161009519461676298e-02,-1.408652625994438745e-02,2.598901977253970097e-02,-4.493702161664070438e-02,-1.780482317332107711e-02,2.917741546614321946e-02,1.715674743487119458e-03,2.472419103368705962e-03,2.000818953052141413e-02,-3.568385023863468453e-02,-1.180447969690501253e-02,1.129889313522702832e-02,-3.586721897594680186e-03,-2.484760081903525375e-02,1.297550168621474931e-01
9.353491813057425441e-03,-1.553728323799968836e-02,-1.354343535451310587e-02,-1.190123229794137760e-02,-2.612277785299444571e-02,2.718806548003155354e-02,-2.672123163523308642e-02,3.961900523111600014e-02,4.890170294391454897e-03,-7.834301813297789296e-02,-2.875873718638195797e-02,-1.960276755039663810e-02,2.090788698067715112e-02,-4.245588080299148026e-02,-2.067612793156716616e-02,3.604751711281356519e-02,6.401164724030725117e-03,3.531661404634456325e-03,-3.359969289790015745e-03,-4.158403272645061488e-02,-3.423142900549180911e-03,2.123577010339200433e-02,-2.571001172502271337e-02,-1.851216718658454941e-02,1.376918000037959944e-01
1.659975634066793854e-02,-2.376476922335940545e-02,1.864403775539402730e-02,-5.294566711106230006e-03,1.270462757413269583e-02,2.694445086835578484e-02,-2.382633371926731747e-02,4.642251290112220374e-02,-1.501299435416186823e-03,-8.358971340060106225e-02,6.233256666870079510e-03,-2.818067999115891897e-02,-1.529383682398671729e-02,-3.929323957182673244e-02,-2.744530071281679751e-02,3.961671917508402530e-02,-1.660283465150236282e-02,1.247905473344240734e-02,-2.706453398495900498e-03,-4.606358366629215162e-02,-5.168883838115687079e-03,2.266493837262439914e-02,-1.937935547810110126e-02,-2.031369161910784316e-02,1.436606168980518461e-01
-1.653854937148410698e-03,-3.282913887415406240e-02,5.625566629822720266e-04,-1.429551626495373373e-02,-1.127292769398582917e-02,1.837916179574966558e-02,2.819448223998091696e-02,5.706782892717437994e-02,1.403083028501894702e-02,-9.361540766569165228e-02,-7.862448193252047357e-03,-3.796485864005610944e-02,-1.950704938367728292e-02,-3.085907067215859501e-02,-1.682135560958268605e-02,3.822021513178852636e-02,-2.155155130058344914e-03,1.455966642096512276e-02,2.657140226426832341e-02,-3.946109632389688260e-02,1.405468453345541657e-02,3.143413353790830422e-02,-1.706819169779510981e-02,-2.702986758527237132e-02,1.550146238460956560e-01
-2.304614695916902545e-02,-3.063570598548281954e-02,2.311967765721961721e-02,-9.267232276133630098e-03,-6.435681879189344978e-04,1.026747857562765320e-02,-2.155438118728633667e-02,5.306318855504371657e-02,-2.087915652576238790e-02,-8.760630702222377275e-02,1.125809999725704835e-02,-4.158464980309972692e-02,-2.715551666697847699e-02,-2.213269970955694665e-02,-1.280265084941984571e-02,3.379250817527501560e-02,-2.162074112061361519e-02,1.802991002351861383e-02,-3.561796353036855711e-03,-4.072621786161811919e-02,-5.144043607902909487e-03,3.246245822244686607e-02,1.341032073970821470e-03,-2.988314003575270883e-02,1.497166366383442526e-01
-1.291094610383222707e-02,-2.099434667757210660e-02,1.724162848920796076e-02,-7.331375710194099060e-03,7.941679993510863955e-03,1.819178991117037514e-02,2.575985305074258991e-02,5.895675682941753371e-02,2.894848067425340177e-02,-8.573313036367508078e-02,-2.747860765777104808e-02,-3.975575589991897640e-02,-3.294889383747640066e-03,-2.359382468905601993e-02,2.819783423234967223e-03,3.398846244763636948e-02,-2.119240041498984817e-02,2.019744868077855138e-02,-9.830348264961208393e-03,-4.665360164071746807e-02,2.926854401048580023e-02,4.238377179544028373e-02,-2.904299233464410768e-02,-3.545008926516812764e-02,1.600934524710346529e-01
2.859233894761455119e-02,-2.774520328652774204e-02,-1.883813209286828994e-02,-7.358275026854488310e-03,-1.191628450926327659e-02,1.870933257255896764e-02,-2.816893336900253703e-02,6.787589074170724546e-02,-6.562264599823924849e-03,-8.229518499776355966e-02,-1.797582429694635775e-02,-3.127017865187536882e-02,1.080543638278497198e-02,-3.233667710876142465e-02,-1.912232166717056300e-02,2.475116378026998021e-02,1.049406196851052075e-02,2.071808287225118672e-02,-1.418373409866770241e-02,-4.576818061470572241e-02,-8.712035838557286027e-03,3.494258151526208334e-02,-9.048803674568201005e-03,-3.570964048678171299e-02,1.537381808891951640e-01
-1.933022330196552258e-02,-2.794677927466771017e-02,6.794763691864560973e-03,-1.404748161141960994e-02,-2.915243578344517070e-02,2.479562696770232222e-02,2.566725498285014895e-02,7.215325355829371734e-02,-1.414630745329636952e-02,-8.272464644470878259e-02,-2.762761415692506495e-02,-2.589784400089878424e-02,-2.351357503766610124e-02,-2.547823141146715598e-02,-1.558429808774197678e-02,1.664970318627873036e-02,-1.357167529858141486e-02,1.641572072587199616e-02,-2.802709771313513509e-02,-5.567992685036982081e-02,-1.323906847540495119e-02,4.212868363475474887e-02,-1.842228283149441315e-02,-3.644322171351516149e-02,1.639645531698440128e-01
1.620554841199772084e-02,-2.546204440591420814e-02,-2.441566937571822138e-02,-1.091160787213563133e-02,9.373840701970609715e-03,3.516127251916628671e-02,-2.797228344209858747e-02,6.699977224623410166e-02,1.628292215089632844e-02,-9.163919105174611612e-02,1.796802934011976216e-02,-2.618413796835739049e-02,6.149949503794938099e-03,-3.069417122447615220e-02,2.141274024829392664e-02,1.020044287237725777e-02,-2.412465683928074339e-02,1.810987422854387630e-02,-1.342969088876534711e-02,-6.167309604796877842e-02,-5.148454575684115186e-03,3.412023431509270122e-02,-2.745391449245278281e-02,-4.625621112824118697e-02,1.685630852330724794e-01
1.586939297779796365e-03,-2.137566216840258715e-02,-1.979803369651875894e-02,-8.947526301508745838e-03,1.909378298692082643e-02,3.977800176282525468e-02,5.052740378482571681e-03,6.964713874993816445e-02,-1.426117205568031010e-02,-9.273382426560583536e-02,2.577226683966800380e-02,-2.189991734002305623e-02,-2.309482064228304821e-02,-2.406767762271772026e-02,3.828317837595754392e-03,8.482393192040471597e-03,1.326648719495020223e-02,1.230689280090041526e-02,-2.647075004551688315e-02,-7.129706430859122923e-02,5.873015578478323062e-03,2.511150509981746604e-02,1.897516881921401666e-02,-3.886582644265618169e-02,1.659749520660652178e-01
-8.690147320253596708e-03,-2.182710291083045373e-02,-2.850460870118934342e-03,-1.182837749430576402e-02,-5.031309407522372920e-03,3.092276125029336242e-02,-1.859892775098238860e-02,7.637834847429436635e-02,2.394850999624850707e-02,-9.487427948204252282e-02,-1.482204824936389498e-02,-2.151457120975824866e-02,1.231914814649405499e-02,-1.581177665143551625e-02,-2.597098644300776388e-02,9.349719700283309898e-03,-2.768117145714932975e-02,1.244778235388049881e-02,9.240576172807504762e-03,-6.302839146971023210e-02,-9.661998088512369076e-03,1.658418180229331851e-02,9.323413538589259142e-03,-3.586183954438243449e-02,1.612530340517920602e-01
2.458810290993781317e-02,-3.080078416503345684e-02,1.762367499991746023e-02,-1.939998213865046228e-02,-2.647699186665024643e-02,3.485620759316948591e-02,-4.252955186005949462e-03,7.666593693349166294e-02,1.185343847694703134e-02,-8.734444203018193464e-02,2.921111161212454344e-02,-1.642140302118438866e-02,-2.500915707883272221e-03,-1.018464911175692711e-02,-2.443273231454141589e-02,7.438505038044385120e-03,3.723060612807867209e-03,1.622397251148854913e-02,-2.241998738061048990e-02,-6.919840007001432092e-02,1.509167562845975183e-02,1.519565809502626541e-02,4.614344784819590650e-04,-3.680046748551785152e-02,1.645844511296210011e-01
6.631254015446744199e-03,-3.895782830500782445e-02,-1.154870421409763537e-02,-2.218561459680135073e-02,-1.205030417774138711e-02,2.888544936491360682e-02,-2.762876072924158252e-02,8.662692009475220223e-02,1.370524317715304807e-02,-8.256657375379983232e-02,-2.743126263535615450e-02,-2.013587466173494267e-02,-2.970993771423113827e-02,-3.968857747634724209e-03,1.376978276276136746e-02,3.959705517088962790e-03,2.693321686757178812e-02,2.435406656955674265e-02,1.540614015829606942e-02,-7.453004292230847039e-02,-1.703147169866092020e-03,1.911988219758381513e-02,-8.298853531577415898e-04,-4.122441580011271256e-02,1.728592967754334075e-01
4.418296094566013382e-03,-3.592111477884735171e-02,-1.186176010730954911e-04,-2.074043988205070965e-02,4.827248634694258217e-03,2.138136483004815513e-02,-7.394737035869798636e-03,9.634733551844976152e-02,1.959848500298447260e-02,-7.716039495566018314e-02,-2.168221866986271701e-02,-1.546947210986054921e-02,-4.296185065771802175e-03,-8.646456005862113159e-03,1.138557146261396161e-02,-4.697760112644444597e-03,2.208973250526700960e-02,3.265388441251293461e-02,-7.840595692766225144e-03,-6.702849929913712312e-02,4.064732059557286774e-03,9.604098941124739053e-03,-2.586469476466622675e-02,-3.548911404684024218e-02,1.643042923620001983e-01
9.912457019462174446e-03,-2.771485777398691175e-02,1.111429398009041586e-02,-1.665526346454765383e-02,-1.420120257954714596e-02,3.011019905787498674e-02,-4.884709304585330147e-03,9.059087655341213630e-02,-8.054184176341849799e-03,-6.867172129425552773e-02,1.288368136070576486e-03,-2.218117333870539554e-02,-2.266361173418152825e-03,-9.597439457139089747e-03,-1.038624303276364930e-02,-1.087773853637974408e-02,-1.167394942149409254e-02,3.242392775150837458e-02,-1.494297416315241989e-02,-6.036777432913942310e-02,-8.097165411898064186e-03,1.852296800169644930e-02,-2.099654628392035038e-02,-4.293545113347596587e-02,1.547645702962225644e-01
5.786782575017510033e-03,-3.020859437888312460e-02,1.753502058649179102e-02,-2.091040513837166825e-02,1.518720466161283672e-02,3.592117082743717660e-02,2.355298020585655863e-02,1.012257112993430463e-01,1.835540913257033280e-02,-7.428999116891904508e-02,-1.516365548021804399e-02,-1.329387452046276730e-02,3.352694745781124169e-03,-1.070874357014695022e-03,-1.215523700841664168e-02,-1.587145612079193802e-02,-1.021286473620174745e-02,4.269504395471540592e-02,2.592962554753108773e-02,-7.037000096251333492e-02,1.091379825103271431e-02,2.502346907188324199e-02,2.848466627987272792e-02,-4.392965399759352074e-02,1.781170751255411189e-01
5.250828592244634330e-03,-3.128117197323898591e-02,9.859397531244429302e-03,-1.358319289336418212e-02,-3.772923629202916407e-03,3.536133936473540018e-02,1.536537447381579845e-02,9.292703071057800690e-02,2.985202166161833592e-02,-6.921025019175447435e-02,-2.037530016521980902e-02,-4.988142734467793105e-03,-1.785570944709411953e-02,-5.694223496813255458e-03,2.366408931445834057e-03,-1.957418616743145101e-02,-1.117459940023698105e-03,3.812770773157792004e-02,4.282242458630292070e-03,-7.584677968867498121e-02,-2.705558281045522540e-02,2.858861735099865742e-02,-5.759586510601766296e-03,-5.400837423756271738e-02,1.732358210494326645e-01
1.339975887952016970e-02,-3.334750240639894336e-02,1.184891965336637432e-03,-1.830944071947271379e-02,-7.905850148405356437e-03,2.994799377031304166e-02,-2.697759621463442087e-02,9.260995319765397138e-02,-2.145456723801879295e-02,-6.241285720438477513e-02,-1.841792489460402499e-02,-5.121665575214096044e-03,-7.596894208527715797e-03,-8.946720170470878752e-03,2.664863602930016978e-02,-2.164747312488335407e-02,3.091994197123651422e-04,3.378358722327912123e-02,-1.591184599911620035e-02,-7.843643872120997784e-02,-2.365376760546515286e-02,3.264302115953421346e-02,-9.701347721708220018e-03,-6.161795569365952074e-02,1.760468868779027363e-01
1.944146558765201538e-03,-3.158738674775035671e-02,8.539258981052968989e-03,-2.453030143104045768e-02,-2.244290343891876260e-03,2.816401928753675676e-02,-4.812708760825817889e-03,9.587430638533833704e-02,-2.283194533370817847e-02,-7.096247589622795005e-02,-2.419404143489850903e-02,-5.233357289101125964e-03,-1.603605857359307815e-02,-3.078295358237670420e-03,2.019811911943907717e-02,-2.238875904241827142e-02,-2.125035615748663634e-02,3.039746507064622350e-02,-1.638996689282019859e-02,-8.532304398549650504e-02,2.919215349681005683e-03,4.233620242788693755e-02,-1.708937686000860934e-02,-7.065099314942085984e-02,1.871998258986886932e-01
1.651081555275921153e-03,-3.315762812233624679e-02,-7.483774421181097272e-03,-2.743629529214514085e-02,2.820178329852237459e-02,3.542255812998268416e-02,-1.962438126498005503e-02,8.867235522935251746e-02,-1.081406381970972941e-02,-7.369239704177221739e-02,-1.236179443731894728e-02,-7.570941880054582462e-03,2.598668982005286274e-03,6.915947830753721437e-03,-4.349178060344266461e-05,-2.476380039178438519e-02,8.628546497576682073e-03,3.357028322291272238e-02,2.700828733683920124e-02,-8.586061473881262396e-02,-1.288743821087761504e-02,4.383664657167102296e-02,1.156967804560254942e-02,-6.583677082304839612e-02,1.857239194176725228e-01
-2.844702309677782370e-02,-2.870237227402505642e-02,2.017198842876464365e-02,-1.808162685917591439e-02,-2.539910462391362089e-02,3.148509042358282883e-02,-1.832195221040001237e-02,8.950079056203280592e-02,-2.976605615380530784e-02,-7.200023936074712028e-02,-3.284561580293318683e-03,6.307135811310926599e-04,-9.938449625017723582e-03,-3.009272645446259276e-03,-2.004204144214034866e-02,-2.610121572386575606e-02,-2.934809529482794443e-03,2.713925754112556099e-02,-5.874280697604442047e-03,-8.952192558982730031e-02,1.606397832233959905e-02,3.733276108440952701e-02,2.358679339472910530e-02,-7.514491551837493288e-02,1.904472760820785093e-01
-1.813483973794115245e-02,-2.073224608764523413e-02,2.165308093605069345e-02,-2.698820593878070717e-02,1.939673523920222575e-02,3.416965511957142931e-02,2.413094447686527089e-02,8.155327994694799854e-02,2.265302477797181968e-02,-7.530300153764901694e-02,2.757585456643091293e-02,-4.401309411077691802e-03,-1.629990666536267757e-02,4.278897445421536716e-03,2.591964062937274216e-02,-2.052664851006824609e-02,4.273458042406058643e-03,3.037088110182961653e-02,-4.646232266848515646e-03,-9.647917119549714871e-02,3.621165998930656049e-03,3.183434077280328234e-02,-9.450250882964944532e-03,-7.615073760744134335e-02,1.904176332777962610e-01
1.885238927954983879e-02,-1.530139189791634990e-02,1.467465502920164977e-02,-2.760975298073858886e-02,-2.831381229014412471e-03,3.145046175219617934e-02,2.561688429568118736e-02,8.314571328841541265e-02,-6.342497849638160934e-03,-7.052021021838683623e-02,3.927201703298629359e-03,1.000150743440175738e-03,-2.364314239809493789e-02,-4.725093501076194080e-04,-1.645590256245281491e-02,-2.853630211714552889e-02,2.044176365620246211e-02,2.290775450112875200e-02,-6.204202538271905154e-03,-1.031130554148960710e-01,-6.355642129680587338e-03,2.506681732061544210e-02,-1.524055581411080593e-02,-7.497120934261408687e-02,1.869304217884868169e-01
-1.470538925016293130e-02,-2.196447128662892823e-02,6.685343178909307349e-04,-1.954092523156780725e-02,2.692621756322652327e-02,3.245894336380844569e-02,-7.121705279942561195e-03,8.429165948198863445e-02,2.254587952798041417e-02,-7.035402040236188315e-02,2.921669361999362780e-02,8.724073123748676828e-04,2.249491534985556540e-02,-6.321570407319898610e-03,-2.004477337073032328e-02,-2.522712825659634284e-02,1.917893710627113779e-02,1.554124117291383333e-02,-2.807440515437087392e-02,-1.054388148148726057e-01,-6.402332171219035639e-03,2.060373939816995126e-02,2.224435433933733691e-02,-7.865388971776993143e-02,1.938390589423196197e-01
-1.991618938941043526e-02,-2.243644084656470916e-02,1.444912842131667458e-02,-2.594569944904911996e-02,1.707804045485135369e-02,3.273986999669925568e-02,-2.180015528883856579e-02,9.057415660451639816e-02,-6.397344717924753621e-03,-7.423481703402096121e-02,2.357423497743434820e-02,5.339970305816232887e-03,-2.983813808820470065e-02,3.505631259830832569e-04,-1.206733363897321415e-02,-1.946651823956230265e-02,3.300821181011222294e-03,5.373766627977227817e-03,-9.952974618052494449e-03,-1.067878651963076186e-01,-1.367760245972535205e-02,1.475642025151679970e-02,-2.399466412304790408e-03,-7.799384571696588164e-02,1.934207699537633385e-01
9.187337217030494552e-03,-2.274159452417312544e-02,2.514659782370359115e-02,-2.798186508314620680e-02,-2.398300435035048694e-02,2.572145711541107271e-02,-1.105282101358477653e-02,8.649802120006333528e-02,-2.565274835621615679e-02,-8.034234338875312353e-02,2.668820418331003044e-02,1.109706776053359656e-02,-3.276746522973078557e-03,1.037154980001392390e-02,1.052450565290286022e-02,-2.385912574867687930e-02,2.046988891765434693e-02,1.370529682593396581e-02,2.946279455832085531e-02,-1.133847822037044040e-01,-2.028861485019237132e-02,1.119999398657367529e-02,1.797077675513943096e-02,-7.910057695198519090e-02,2.026139143535864440e-01
7.608448592709607383e-03,-1.406392472046896769e-02,-8.803304242034841465e-03,-2.587149118643716772e-02,1.079953342582579134e-02,2.620089791024737824e-02,1.622680275959144380e-02,9.468157024779816355e-02,2.989442443798183760e-02,-7.247213028838944693e-02,-4.523148337306943934e-04,1.354196884395458822e-02,-2.632452169684539739e-02,6.726840992679672393e-03,5.750591262211529608e-03,-2.505037597502374203e-02,-2.286112049851640737e-02,1.569076085352533179e-02,-1.532251846448933613e-02,-1.064264112624270231e-01,-1.026308010167394091e-02,2.023497481830227596e-03,1.386177966881962931e-02,-8.173035077026508111e-02,1.951242007428530267e-01
-2.246030986450847644e-03,-7.657649323338788783e-03,1.958634893140933503e-02,-3.332854099565901729e-02,1.102931806431850514e-02,3.537312141134657528e-02,8.584864137536854511e-03,9.394071492567751536e-02,8.989329964569508363e-03,-7.562460962029154965e-02,-1.377213290691811642e-02,5.197597447924806602e-03,-7.689655915102150407e-03,3.792986676102116927e-03,-2.726889528145849673e-02,-3.454481718644258903e-02,1.723116657667069646e-02,1.153640402826150435e-02,-4.019033065451184383e-03,-1.013761451132325631e-01,-3.698904459914331699e-03,-2.458470525897371584e-03,-1.527884418334567174e-02,-8.171427130686820250e-02,1.936756607694642141e-01
2.585475623113986376e-02,-9.418612147519156430e-03,-2.783156973646844223e-02,-2.530634268774711870e-02,7.285575043532055428e-03,3.790257436990474016e-02,-2.541713702906331362e-03,9.588771256022532441e-02,-2.878461251604957222e-02,-7.285001313202693618e-02,-1.502586558429226671e-02,-3.244106040753758080e-03,-2.289142362715849977e-02,5.321030859955611092e-03,-1.697531364514209828e-02,-3.335302572640719276e-02,-1.352894438253290921e-02,1.070814239768125287e-02,-5.921651925439856690e-03,-9.416970896823584347e-02,1.743672389010367252e-03,5.108560232896186548e-03,-2.994075627650093219e-02,-8.317509209999557340e-02,1.955302001016621383e-01
-7.294145413110131315e-03,-2.011761079772966809e-03,8.945350721921457859e-03,-2.142910036741974000e-02,2.807934300837938713e-02,4.357058080233605635e-02,-2.655859829359503987e-02,8.785698391098162308e-02,2.537832343117832345e-02,-6.534550796807958584e-02,4.070426162221627009e-03,-1.261251374215310861e-02,1.228199683975117473e-02,3.640791798148634850e-03,-2.103911950761178096e-02,-2.504085832952784862e-02,2.011515863131557724e-03,1.699330902375700836e-02,1.041132172857121840e-02,-9.320665202397504512e-02,-2.627884915430936386e-03,-3.550793066604218673e-03,-2.069926543356092469e-02,-9.308870257975682128e-02,1.903502983724529030e-01
2.922965901810672951e-02,-8.959093560833131242e-03,-1.666004859667519211e-02,-2.595697720029965794e-02,1.888611720577014486e-02,5.311302562930803051e-02,-1.987201153107207019e-02,8.572945903253692546e-02,-1.298617508496831274e-02,-6.824964818709633452e-02,-4.903783422778196233e-03,-1.452932230829206972e-02,-1.054274676286386103e-02,-5.684098561696271368e-04,1.792281668870042421e-02,-1.890469674749234441e-02,2.746468576779369231e-02,9.435085190012237888e-03,2.251809090248556994e-02,-9.361432828573090781e-02,-2.079266504974371099e-02,4.752299436105333896e-03,1.660629863981274296e-02,-8.360464284257079770e-02,1.910351500415930215e-01
9.182625147328954407e-03,-1.796816261778561019e-02,1.261807620186812529e-02,-2.246487397163166033e-02,1.295231697790617809e-02,6.283280880121433487e-02,2.254220692748329369e-02,7.858607478058698970e-02,6.824439454392275395e-03,-7.792157523462017732e-02,-1.330946905791564883e-02,-1.640252688492854771e-02,-2.403382144543851628e-02,-1.180809602870647179e-03,6.367805394304981714e-03,-1.510917137424072632e-02,-2.602465000798670491e-02,1.527177832058362883e-02,-1.552490550445016770e-02,-9.786128819821832137e-02,-2.635815653838741168e-02,-3.311607018157580740e-03,2.931987760959826883e-03,-9.102421186380182938e-02,1.975124806226210838e-01
1.570628481636024421e-02,-2.051174428249369353e-02,1.189108494913401759e-02,-2.934374052152077805e-02,-1.330787007234818242e-02,6.208899994225758334e-02,1.251705643252618017e-02,7.924594484832497843e-02,2.689162948153688004e-02,-7.288893500067938902e-02,-2.450227035662197461e-02,-8.211831365905086777e-03,-1.040692210406510276e-02,-2.533794539797129541e-03,-1.593086952222418085e-02,-2.033586803127673814e-02,-6.396587639039552631e-03,1.048140169313938053e-02,1.454001320101085647e-02,-9.057109763509618716e-02,-1.522548883440832945e-03,-7.766985856238917130e-03,4.243171507802581677e-03,-9.961943177940280059e-02,1.954339271150222490e-01
2.510266075495293236e-02,-1.384301513812080664e-02,-1.509344814175010707e-02,-3.703653125413536307e-02,2.323348670177832753e-02,6.534420127331824757e-02,-2.417570612615904668e-02,8.830047224279863327e-02,8.901161507315694110e-03,-6.868837976194719364e-02,1.699369496243250538e-02,-1.182933763666083049e-02,6.889801152663702077e-03,7.541741334815665887e-03,-2.580828347336361350e-04,-2.286348824306999594e-02,7.045245028781191299e-03,2.221795213551758241e-03,-2.090058130336605591e-02,-9.056863862362579676e-02,-1.706826503918268401e-02,-1.728259965416595323e-02,-1.380884290131868808e-02,-1.033450220077857806e-01,2.040111744021422535e-01
1.561844221440358838e-02,-1.339881477543430899e-02,-1.101813770966442174e-02,-4.459253741770341506e-02,-1.772540958551258039e-02,6.636641911227347812e-02,-2.742611148977669444e-03,9.594353843561725936e-02,2.808152597430127462e-03,-6.841284605517539141e-02,2.514085544896484115e-02,-2.156918659998746657e-02,2.249671132379686689e-02,2.991007275954526978e-03,2.498360477064090479e-02,-3.116006896234380097e-02,2.101551411056221119e-02,-1.598793677667353919e-04,2.787541613467531959e-02,-8.618961721626794414e-02,-2.053704193007682699e-03,-9.341290040878524881e-03,-2.714956775485602436e-02,-1.094653545810658768e-01,2.140537660474389203e-01
-2.036508808852699470e-02,-1.170827058533902010e-02,-1.005501785531173753e-02,-3.809235575068303792e-02,-1.008670458110175194e-02,7.336843059701386727e-02,-2.732267027956147842e-03,9.152033497272060725e-02,-1.857921240214281677e-02,-7.251803066643236484e-02,-1.843236798810260479e-02,-2.521033875781070188e-02,2.487249494286247753e-03,-6.197626617189810894e-03,-2.229480814358289487e-02,-2.703060998373257862e-02,1.132702388027888307e-02,-3.711909419789105602e-03,2.663664421908474092e-02,-9.011787576724267224e-02,-4.402627623099231169e-03,-1.283322540334325135e-02,2.409286669065154041e-02,-1.051619720811918790e-01,2.112347856679960278e-01
-2.578855500856519489e-02,-2.163372354193282554e-03,-2.658338926013675829e-02,-4.341116299774927523e-02,2.501236534874487494e-02,8.302259850885113091e-02,-1.127239842882227228e-02,9.473443006270082511e-02,2.896161511113293230e-02,-6.614755531687155354e-02,2.789967634006923491e-02,-1.627934280444043313e-02,-2.145218253364879202e-02,-9.133648882455935869e-03,1.294415911434086686e-02,-3.095555433523955458e-02,6.047504537824266446e-03,2.330858360573784260e-03,1.143853820191744267e-02,-9.338603722589333689e-02,-2.424765197500389213e-02,-5.257120188815189721e-03,-1.870110739378808007e-02,-1.032015655929588993e-01,2.198130186164143629e-01
3.296153924949252190e-03,-3.699178780013245849e-03,1.206912554573044694e-02,-4.657907643291803179e-02,8.848388656374106542e-03,7.336907315445423405e-02,-6.694938344072448588e-03,1.049811271799614421e-01,3.289932280694352063e-03,-6.461061837354020732e-02,-2.437607746978452672e-02,-1.717644200584039771e-02,-2.071777453416530357e-02,-3.821743260219945260e-03,2.590750247496315106e-02,-2.498366724006323425e-02,1.568423501357511796e-02,1.062574588749554128e-02,2.536446378328928442e-02,-1.016853447785384112e-01,2.507385520946608937e-02,-5.123726416251805915e-04,8.982829826243751703e-03,-9.417676860203788580e-02,2.158746692512170939e-01
8.928928621306453373e-03,-2.117419019362298815e-03,-1.015007934085460084e-03,-3.846027790844247507e-02,-3.672547471659459717e-03,8.183571561969876784e-02,-2.329708364338778370e-02,1.019348505910830371e-01,1.102034665832224425e-03,-6.703219029568885379e-02,-2.399786917681123732e-02,-2.172800793520773821e-02,-2.013554260917777006e-02,6.362468557793654611e-03,-2.208591634083581501e-02,-2.238491435792461237e-02,2.723905918078468880e-02,4.166762694268966172e-03,-1.290829756594497751e-02,-1.069285531002179823e-01,-8.756635135266838121e-03,-7.215278779574285650e-03,-1.068275608257000797e-02,-8.899416608429927544e-02,2.161210035384932004e-01
-9.702601221864171066e-03,-3.614446341818622344e-03,-1.631239971040096548e-02,-3.473022241823503498e-02,-1.870664213109951568e-02,8.140475860892576465e-02,1.588693811775010456e-02,9.722443647530953914e-02,2.711332668748170360e-02,-6.708533793423487879e-02,-2.155680291543715654e-02,-2.242444982881292015e-02,2.762493393008978726e-02,7.047529534175034360e-03,5.715768161602019504e-03,-2.812714240254443610e-02,8.467577248301383364e-03,7.369285150984949961e-03,1.259825122983116580e-02,-9.833742022748515055e-02,1.226594216293100392e-02,-1.101365289086636556e-02,1.920528029482532206e-02,-8.899057663873333190e-02,2.112244630564807379e-01
2.665923528240343732e-02,-4.076705157346816044e-03,-1.083467051696884731e-02,-2.675760076263844489e-02,-1.460725471341742243e-02,9.179109344414104754e-02,2.994240183390634025e-02,1.057176982795294262e-01,1.310097114958963527e-02,-7.101898303933784629e-02,-2.714362574923856464e-02,-2.047003689263676707e-02,-2.633834006221247304e-02,7.789366156507104844e-03,-2.850752330506631238e-02,-3.285002161162553502e-02,5.971062301372898062e-03,7.419710760556141871e-03,-2.570734427362530300e-02,-1.087081438968741653e-01,2.601939328161512188e-02,-1.128988980629480610e-02,2.620821955742444476e-02,-8.065893700796056276e-02,2.277191341392398038e-01
1.377973745929517158e-03,-7.051178116826484210e-03,2.302654241946222591e-02,-1.798183791146956700e-02,-1.242753417158370954e-02,1.008169799107856424e-01,1.131885728308690275e-03,1.095889119602515560e-01,-9.622823312670780727e-03,-7.055919718474124025e-02,1.937656200875539914e-02,-2.604313156126020212e-02,-2.050721252765760894e-02,1.464640524697302659e-03,-2.375295061972415578e-02,-3.944337489233329386e-02,1.700474625432046860e-04,1.282543502445609995e-02,1.032461310708283203e-02,-1.044679287994497718e-01,1.766016913364387708e-02,-6.831456958948045610e-03,5.348275117897871578e-03,-7.887051831303754090e-02,2.229229727773677228e-01
2.138277370319052739e-02,-4.961528912306445438e-03,-2.028376179762367282e-02,-1.098722489264852831e-02,4.392237951733601875e-04,1.053222922032015507e-01,-4.562327435836510681e-03,1.132361294492117421e-01,-2.939774969590705500e-02,-7.047438691274421352e-02,2.491987466747815072e-02,-3.006212022112808580e-02,-2.670723367763722100e-03,5.020849248506709106e-03,2.736121905989452596e-02,-4.114906806060475430e-02,-1.281527837847268314e-02,1.630138213551679538e-02,2.197707171888382480e-02,-1.084626702420344868e-01,2.530221690796286005e-02,-6.099199512899944331e-03,3.419354234223292988e-03,-7.031709477733666391e-02,2.304142420915947231e-01
2.361293660186336574e-04,-9.223498614928937744e-03,-2.392513106628418873e-02,-1.946535470180349447e-02,9.533894620954275201e-03,1.107168339183485783e-01,-2.203281809516144385e-02,1.101880217444161092e-01,7.671640205594854045e-04,-6.086995243780124465e-02,-2.677301720225433446e-02,-3.944152817987384152e-02,-1.205494767171774728e-02,1.297031737556286757e-02,-1.612936022013350401e-02,-4.506966716582261334e-02,7.220022645973794839e-03,1.008491712898834658e-02,1.720624194667011442e-02,-1.179491799880865721e-01,-2.666312396907516424e-02,-1.295978095618105508e-02,2.103198215990620401e-02,-6.593234771895395419e-02,2.337215085052050390e-01
2.283884958665527432e-02,-6.144743303840460857e-03,-9.728614352399272969e-03,-1.709520815789383752e-02,1.069873866964110576e-02,1.107125391628916988e-01,1.550183013020650646e-02,1.039714243152727868e-01,-1.030702509753947393e-02,-6.784229642837424912e-02,1.937528569811869383e-02,-4.029088788507090291e-02,1.158494608757201783e-02,1.834922415131701179e-02,3.582143826091344074e-03,-4.628844122639297343e-02,-3.000197230999387954e-02,1.354942390901153759e-02,-2.789948618113959056e-02,-1.212188597524857525e-01,2.962463184633357116e-02,-6.150651585380528807e-03,1.690159123271667285e-02,-6.424916463474039663e-02,2.357699064327979932e-01
-3.545941310083511322e-03,-1.476736800472022715e-02,1.233508625303492146e-02,-2.280109124882534477e-02,2.028417030578541502e-02,1.055072281698714032e-01,3.642658996855840936e-03,1.085939689320555845e-01,1.204832495882121601e-02,-7.395013661164728802e-02,1.497099910384472321e-02,-3.707691833952575511e-02,1.055982022773174767e-02,8.910163380379865217e-03,1.477698735391341778e-02,-4.568702183830808394e-02,-1.740756549142688514e-02,1.613928948050197265e-02,-7.982304294106012943e-05,-1.201994792975445425e-01,5.223467422844407793e-03,-1.508018902724372889e-02,-2.989514109409829867e-02,-6.637588484372530795e-02,2.335093315206126785e-01
6.643269999861756148e-03,-1.700960880992996582e-02,-1.975977002717621556e-02,-2.957442534957899216e-02,2.536833141006611392e-03,1.006698666480720372e-01,1.592181318736657358e-02,1.022351684662363702e-01,1.228642225125947673e-03,-7.620009000966321278e-02,2.207128805224492507e-02,-4.058744715273066017e-02,-2.346498241574035415e-02,7.420895997988841142e-03,-7.188288917387430921e-03,-5.258335360455873575e-02,4.274887674999006126e-04,2.112200725816798519e-02,-4.056798773731870589e-03,-1.253116763629825714e-01,-2.351339756968201522e-02,-2.477011503937681658e-02,-2.070611848019623946e-02,-7.128443175493837103e-02,2.380172172997001845e-01
-9.379464888478350471e-03,-1.701897639327265566e-02,1.205098026096584896e-03,-1.964905403289357588e-02,-1.250162533101673024e-02,1.080674939787054090e-01,1.791372035353910874e-02,9.667543441467646437e-02,-1.159377684079032633e-04,-7.862268115299009263e-02,2.551918122638241471e-02,-3.750941323009115980e-02,7.474088427205122231e-03,7.158157567282885658e-03,9.101174730211381014e-04,-4.734533023695358667e-02,1.267046264806867550e-02,2.184255880642976821e-02,2.386633221419104389e-04,-1.361933805276973053e-01,2.440911877813869979e-02,-3.146774104627819701e-02,-1.888016545912266086e-02,-7.242442042959706949e-02,2.433730045217275817e-01
1.691534232591784814e-02,-2.318343541191431045e-02,-1.244384978910684225e-02,-1.950429629189348590e-02,1.836663993474402234e-02,1.130440157878240259e-01,-1.044548485723512110e-02,1.041052488075366877e-01,1.837940315599878582e-02,-7.809349846019242314e-02,-2.487859597139377432e-02,-3.612794435771926604e-02,-2.737479741290826940e-02,1.193220508825859616e-02,2.991877303873891059e-02,-3.918169355501210926e-02,2.217707274123301153e-02,1.587297690012323681e-02,2.297665598178288970e-02,-1.416938865530919522e-01,2.706741121066691402e-02,-3.830473194595201969e-02,-3.655303337486620618e-03,-7.220429645198117585e-02,2.566717816126339868e-01
