1.0454646348953247,0.068440333008766174,-0.10000000149011612,0,0.92789322137832642,0.064661964774131775,-0.10000000149011612,0,1.0186748504638672,0.018647456541657448,-0.10000000149011612,0,0.92794698476791382,0.085028171539306641,-0.10000000149011612,0,1.0180654525756836,0.14207734167575836,-0.10000000149011612,0,1.0271495580673218,0.0045607052743434906,-0.10000000149011612,0
0.96143257617950439,0.064366370439529419,-0.20392337441444397,-0.011817023158073425,0.92961645126342773,0.12893356382846832,-0.19216622412204742,-0.011439185589551926,0.95211607217788696,0.15418067574501038,-0.20124438405036926,-0.0068377354182302952,1.0245063304901123,0.11484139412641525,-0.1921716034412384,-0.013475807383656502,0.95442628860473633,0.11581709980964661,-0.20118343830108643,-0.019180724397301674,0.97125321626663208,0.041841473430395126,-0.20209185779094696,-0.005429060198366642
0.97305452823638916,0.13945025205612183,-0.2982083261013031,-0.028321115300059319,0.90869718790054321,0.080202482640743256,-0.28336161375045776,-0.033817671239376068,0.95759588479995728,0.19409157335758209,-0.29486197233200073,-0.032221060246229172,1.0266517400741577,0.19490794837474823,-0.2927546501159668,-0.034432649612426758,0.85307967662811279,0.1810850203037262,-0.29441863298416138,-0.040647752583026886,0.98354363441467285,0.0084394440054893494,-0.29768797755241394,-0.019629385322332382
0.94260197877883911,0.14783811569213867,-0.39224722981452942,-0.056919541209936142,0.95311695337295532,0.064078129827976227,-0.37078395485877991,-0.055718746036291122,0.97055572271347046,0.2734297513961792,-0.38718193769454956,-0.066092900931835175,0.88083940744400024,0.19921021163463593,-0.39188334345817566,-0.068267554044723511,0.85239821672439575,0.31180620193481445,-0.37587067484855652,-0.073144391179084778,1.0019479990005493,0.008647870272397995,-0.39321127533912659,-0.035155013203620911
0.9010806679725647,0.12710820138454437,-0.48123273253440857,-0.090855099260807037,0.86544537544250488,0.10297559201717377,-0.46101438999176025,-0.080218419432640076,0.90500080585479736,0.26418042182922363,-0.47853821516036987,-0.11227856576442719,0.85012573003768921,0.25729349255561829,-0.4741305410861969,-0.10725151747465134,0.76822257041931152,0.28817862272262573,-0.45513099431991577,-0.1225612536072731,0.86432576179504395,0.063618585467338562,-0.48920771479606628,-0.055355105549097061
0.7475396990776062,0.17810016870498657,-0.56382399797439575,-0.12693145871162415,0.81360667943954468,0.11244732886552811,-0.54069703817367554,-0.11294233053922653,0.84429669380187988,0.38137340545654297,-0.56047290563583374,-0.16179466247558594,0.84685128927230835,0.32644796371459961,-0.55085521936416626,-0.15589103102684021,0.69714623689651489,0.39724463224411011,-0.52302241325378418,-0.17324905097484589,0.88773125410079956,0.21493065357208252,-0.5698392391204834,-0.085700295865535736
0.6726914644241333,0.20325352251529694,-0.62875241041183472,-0.17198947072029114,0.81728172302246094,0.1692785918712616,-0.6130719780921936,-0.15037211775779724,0.81067270040512085,0.35679641366004944,-0.63336426019668579,-0.22679612040519714,0.79152679443359375,0.40291303396224976,-0.62435555458068848,-0.21495842933654785,0.6690329909324646,0.43104705214500427,-0.58086240291595459,-0.23790384829044342,0.85564219951629639,0.30358251929283142,-0.65079987049102783,-0.1349974125623703
0.66783773899078369,0.1680801659822464,-0.68355077505111694,-0.22251096367835999,0.74329215288162231,0.12775668501853943,-0.68350207805633545,-0.19685101509094238,0.65470039844512939,0.45451265573501587,-0.69920647144317627,-0.29255974292755127,0.70228397846221924,0.29952132701873779,-0.68892800807952881,-0.28495946526527405,0.66110563278198242,0.36925011873245239,-0.63231539726257324,-0.30841240286827087,0.68504297733306885,0.2951282262802124,-0.72559553384780884,-0.19687870144844055
0.62795513868331909,0.20744936168193817,-0.73500990867614746,-0.2719254195690155,0.67626440525054932,0.098424546420574188,-0.74378293752670288,-0.24239060282707214,0.53401476144790649,0.40605500340461731,-0.74577081203460693,-0.37095952033996582,0.57652926445007324,0.4157569408416748,-0.74069267511367798,-0.34739631414413452,0.52837890386581421,0.35972383618354797,-0.67914867401123047,-0.37486067414283752,0.6248365044593811,0.33386224508285522,-0.77978783845901489,-0.26124855875968933
0.48938015103340149,0.189043790102005,-0.77970278263092041,-0.32752794027328491,0.60936319828033447,0.13568809628486633,-0.79472076892852783,-0.28771096467971802,0.51029539108276367,0.38284096121788025,-0.77607762813568115,-0.44634068012237549,0.49863642454147339,0.38722705841064453,-0.7764543890953064,-0.42364194989204407,0.454048752784729,0.44610616564750671,-0.70911300182342529,-0.44227129220962524,0.45159178972244263,0.34433785080909729,-0.82442080974578857,-0.33178573846817017
0.43466606736183167,0.26372027397155762,-0.80749458074569702,-0.38316601514816284,0.42474865913391113,0.22744175791740417,-0.83639734983444214,-0.33900842070579529,0.46205613017082214,0.3585752546787262,-0.8000749945640564,-0.52043789625167847,0.40193560719490051,0.44753217697143555,-0.80041223764419556,-0.49833792448043823,0.37706249952316284,0.32404002547264099,-0.72810524702072144,-0.51939022541046143,0.3505588173866272,0.27821922302246094,-0.84794330596923828,-0.40515053272247314
0.36458656191825867,0.1993030458688736,-0.82687485218048096,-0.44730713963508606,0.37895548343658447,0.17379714548587799,-0.85680174827575684,-0.4012342095375061,0.31222063302993774,0.25974312424659729,-0.81541401147842407,-0.59284019470214844,0.31945940852165222,0.38322415947914124,-0.81083613634109497,-0.57979041337966919,0.23764972388744354,0.38853943347930908,-0.73544549942016602,-0.5847664475440979,0.21183894574642181,0.34833469986915588,-0.85756754875183105,-0.47261607646942139
0.22966372966766357,0.18789368867874146,-0.83593672513961792,-0.50557065010070801,0.2826448380947113,0.074600033462047577,-0.86940526962280273,-0.45872250199317932,0.31804487109184265,0.17817051708698273,-0.81207329034805298,-0.65567094087600708,0.21089655160903931,0.37942296266555786,-0.80889683961868286,-0.6548229455947876,0.17513188719749451,0.31136524677276611,-0.72554749250411987,-0.65655034780502319,0.10275144129991531,0.28208702802658081,-0.84990483522415161,-0.54715138673782349
0.12469549477100372,0.13058795034885406,-0.82855242490768433,-0.56278085708618164,0.18925809860229492,0.0033589377999305725,-0.86944019794464111,-0.50655961036682129,0.28460884094238281,0.20758679509162903,-0.80621135234832764,-0.70978683233261108,0.021176092326641083,0.31779095530509949,-0.79238200187683105,-0.72891134023666382,0.021492376923561096,0.19067028164863586,-0.70588964223861694,-0.71967732906341553,0.11718477308750153,0.21943993866443634,-0.82767444849014282,-0.61421644687652588
0.044794492423534393,0.027849592268466949,-0.80787217617034912,-0.6135367751121521,0.14839333295822144,0.017269644886255264,-0.85775738954544067,-0.54697632789611816,0.1625034362077713,0.20565424859523773,-0.79435104131698608,-0.76621568202972412,-0.10818977653980255,0.30754613876342773,-0.75331360101699829,-0.79555362462997437,-0.08657730370759964,0.038925036787986755,-0.66785097122192383,-0.7693638801574707,0.059334069490432739,0.13941474258899689,-0.80369073152542114,-0.67349338531494141
-0.040711171925067902,0.022692084312438965,-0.77680665254592896,-0.65267413854598999,0.040199734270572662,-0.019119281321763992,-0.84005099534988403,-0.58795130252838135,0.081128209829330444,0.14545024931430817,-0.76754796504974365,-0.82150983810424805,-0.13896042108535767,0.18769362568855286,-0.69823789596557617,-0.85881334543228149,-0.10599943995475769,0.055701546370983124,-0.61677145957946777,-0.80167460441589355,-0.095833420753479004,0.15975773334503174,-0.77112358808517456,-0.7232058048248291
-0.11445827782154083,-0.07164725661277771,-0.73543781042098999,-0.68950700759887695,-0.017112728208303452,-0.12220709025859833,-0.80959784984588623,-0.62415146827697754,0.070313259959220886,0.044778667390346527,-0.73002457618713379,-0.86910611391067505,-0.22191832959651947,0.13911664485931396,-0.63728243112564087,-0.90695476531982422,-0.24642796814441681,-0.035061046481132507,-0.56246113777160645,-0.83292150497436523,-0.11650605499744415,0.076867736876010895,-0.72077041864395142,-0.77302318811416626
-0.18303082883358002,-0.1645585298538208,-0.6851203441619873,-0.7146192193031311,-0.15423509478569031,-0.19730892777442932,-0.77180296182632446,-0.64830291271209717,-0.056996271014213562,-0.033843278884887695,-0.68928653001785278,-0.90447264909744263,-0.28753581643104553,0.024644359946250916,-0.56601691246032715,-0.9469071626663208,-0.25913497805595398,-0.2169189453125,-0.49289250373840332,-0.85219657421112061,-0.20634588599205017,0.058273345232009888,-0.66618627309799194,-0.811737060546875
-0.21319021284580231,-0.24651654064655304,-0.6270102858543396,-0.72778147459030151,-0.20234453678131104,-0.29241073131561279,-0.71933025121688843,-0.66291409730911255,-0.15355856716632843,-0.14655876159667969,-0.63431262969970703,-0.92973065376281738,-0.37539556622505188,-0.096730411052703857,-0.4866468608379364,-0.9716193675994873,-0.25081688165664673,-0.29479512572288513,-0.42152813076972961,-0.84970611333847046,-0.17651987075805664,-0.12160216271877289,-0.60103309154510498,-0.84563583135604858
-0.24545343220233917,-0.36953604221343994,-0.56559187173843384,-0.72977614402770996,-0.23020541667938232,-0.38138186931610107,-0.66164696216583252,-0.66531461477279663,-0.12572848796844482,-0.20986479520797729,-0.56876897811889648,-0.9408259391784668,-0.34606575965881348,-0.21335922181606293,-0.39775648713111877,-0.98009306192398071,-0.27675038576126099,-0.47035163640975952,-0.35156410932540894,-0.83589464426040649,-0.23750151693820953,-0.31749340891838074,-0.53758269548416138,-0.85809576511383057
-0.34048587083816528,-0.33212757110595703,-0.50123059749603271,-0.71640211343765259,-0.29018646478652954,-0.47813096642494202,-0.6014176607131958,-0.65593451261520386,-0.20231097936630249,-0.31384578347206116,-0.50586491823196411,-0.94226199388504028,-0.40491122007369995,-0.25822019577026367,-0.3119315505027771,-0.9724305272102356,-0.34292274713516235,-0.50969392061233521,-0.28012952208518982,-0.80113422870635986,-0.27877187728881836,-0.30636006593704224,-0.46780988574028015,-0.84773355722427368
-0.44959613680839539,-0.34228166937828064,-0.42843225598335266,-0.70365160703659058,-0.30879399180412292,-0.47232112288475037,-0.53603202104568481,-0.63394272327423096,-0.2424403578042984,-0.43490520119667053,-0.4356231689453125,-0.93016278743743896,-0.4229576587677002,-0.4443715512752533,-0.22113789618015289,-0.95606160163879395,-0.37587517499923706,-0.55897390842437744,-0.20425142347812653,-0.75910377502441406,-0.38662627339363098,-0.36695674061775208,-0.39486005902290344,-0.83507949113845825
-0.48005670309066772,-0.45973557233810425,-0.34581056237220764,-0.68634486198425293,-0.23487725853919983,-0.62835317850112915,-0.47028672695159912,-0.60941731929779053,-0.21015019714832306,-0.39875149726867676,-0.3624078631401062,-0.90253990888595581,-0.3237001895904541,-0.49412363767623901,-0.1299193799495697,-0.91666436195373535,-0.33444154262542725,-0.7241860032081604,-0.12764105200767517,-0.70863378047943115,-0.37676370143890381,-0.54832786321640015,-0.31220865249633789,-0.8128167986869812
-0.48998028039932251,-0.55454587936401367,-0.26151829957962036,-0.65329182147979736,-0.30444690585136414,-0.68617457151412964,-0.41356238722801208,-0.56617200374603271,-0.28445321321487427,-0.46910229325294495,-0.29425144195556641,-0.87506347894668579,-0.26280659437179565,-0.60649693012237549,-0.051154207438230515,-0.86800116300582886,-0.37812623381614685,-0.82612526416778564,-0.058161281049251556,-0.63814723491668701,-0.3088686466217041,-0.63482868671417236,-0.2321656197309494,-0.76844543218612671
-0.39555677771568298,-0.63368493318557739,-0.1784026026725769,-0.60677188634872437,-0.30023124814033508,-0.74289113283157349,-0.35238510370254517,-0.51459312438964844,-0.38788476586341858,-0.59832346439361572,-0.22045579552650452,-0.8373337984085083,-0.26886272430419922,-0.7668265700340271,0.018610801547765732,-0.80448681116104126,-0.3188331127166748,-0.95430201292037964,0.011748742312192917,-0.55445075035095215,-0.29677915573120117,-0.74071758985519409,-0.16161742806434631,-0.71171993017196655
-0.35058978199958801,-0.64867901802062988,-0.10756058990955353,-0.54849457740783691,-0.17687179148197174,-0.793007493019104,-0.29457560181617737,-0.45462164282798767,-0.45334723591804504,-0.66851592063903809,-0.13865312933921814,-0.78324723243713379,-0.24699285626411438,-0.82558709383010864,0.085388153791427612,-0.72186589241027832,-0.32597118616104126,-1.0701669454574585,0.071131624281406403,-0.4549814760684967,-0.35504961013793945,-0.73922896385192871,-0.095538720488548279,-0.64125066995620728
-0.39212796092033386,-0.76638531684875488,-0.044554829597473145,-0.48555797338485718,-0.22427929937839508,-0.95488160848617554,-0.25244465470314026,-0.38713735342025757,-0.40648472309112549,-0.77528965473175049,-0.053503647446632385,-0.7184104323387146,-0.10108586400747299,-0.93202066421508789,0.14545370638370514,-0.63056290149688721,-0.21254436671733856,-1.0738574266433716,0.12591169774532318,-0.34159240126609802,-0.24588127434253693,-0.76468724012374878,-0.027549128979444504,-0.56808322668075562
-0.38038989901542664,-0.74229264259338379,0.019082333892583847,-0.4081096351146698,-0.12761691212654114,-0.96314501762390137,-0.20919142663478851,-0.3017909824848175,-0.29326906800270081,-0.82383501529693604,0.023204680532217026,-0.63906574249267578,-0.10663550347089767,-1.0143334865570068,0.18601380288600922,-0.52619838714599609,-0.20313508808612823,-1.1388194561004639,0.16336892545223236,-0.22581663727760315,-0.27144330739974976,-0.85633057355880737,0.025461377575993538,-0.48944476246833801
-0.33229351043701172,-0.82429337501525879,0.077297672629356384,-0.33038845658302307,-0.10859382897615433,-0.98993343114852905,-0.18011821806430817,-0.21399907767772675,-0.28497686982154846,-0.86996233463287354,0.08416767418384552,-0.55154627561569214,-0.0085229445248842239,-1.1149723529815674,0.22168609499931335,-0.41223585605621338,-0.11748886108398438,-1.1767246723175049,0.19389432668685913,-0.10240329802036285,-0.21944865584373474,-0.81759727001190186,0.076787099242210388,-0.39949578046798706
-0.31863909959793091,-0.86148452758789062,0.12647555768489838,-0.2420564591884613,-0.07364664226770401,-1.0044482946395874,-0.15749435126781464,-0.1226295605301857,-0.30035945773124695,-0.90410429239273071,0.13956925272941589,-0.45692771673202515,0.07187315821647644,-1.0813624858856201,0.24165752530097961,-0.28714555501937866,0.037605270743370056,-1.0881215333938599,0.20952755212783813,0.02554958313703537,-0.15858100354671478,-0.84726041555404663,0.11812038719654083,-0.31142815947532654
-0.27762645483016968,-0.83998721837997437,0.1695888340473175,-0.14811013638973236,0.0096525773406028748,-1.1079452037811279,-0.14304998517036438,-0.029252797365188599,-0.24299032986164093,-1.0290318727493286,0.19145849347114563,-0.35672938823699951,0.15222373604774475,-1.0623939037322998,0.24724414944648743,-0.16520249843597412,0.14138936996459961,-1.1161750555038452,0.203190878033638,0.1446223258972168,0.0017123818397521973,-0.84193754196166992,0.14872977137565613,-0.21888747811317444
-0.19785910844802856,-0.83335995674133301,0.2036602646112442,-0.05475490540266037,-0.016132917255163193,-1.0994380712509155,-0.14166915416717529,0.074610143899917603,-0.24538084864616394,-0.96350449323654175,0.232304647564888,-0.24208220839500427,0.25962379574775696,-1.1433422565460205,0.23869669437408447,-0.045638307929039001,0.12302037328481674,-1.0592499971389771,0.1805938184261322,0.265443354845047,0.046272918581962585,-0.87525641918182373,0.15851704776287079,-0.12593351304531097
-0.083405695855617523,-0.8655388355255127,0.22490011155605316,0.039050273597240448,0.10518934577703476,-1.1157399415969849,-0.14288347959518433,0.1770438551902771,-0.26485720276832581,-0.93463212251663208,0.26743394136428833,-0.13267084956169128,0.30828669667243958,-1.1051696538925171,0.21351657807826996,0.080850645899772644,0.16744229197502136,-0.95752567052841187,0.153966024518013,0.37869530916213989,0.10619456321001053,-0.92709290981292725,0.15916469693183899,-0.029740139842033386
-0.031703267246484756,-0.76103436946868896,0.22989736497402191,0.1365450918674469,0.10607132315635681,-1.0145729780197144,-0.16131646931171417,0.28040909767150879,-0.11753199994564056,-0.96787887811660767,0.29885095357894897,-0.02508150041103363,0.33046332001686096,-1.0598664283752441,0.17733679711818695,0.20148199796676636,0.30688375234603882,-0.94485193490982056,0.1174299567937851,0.47974494099617004,0.21057116985321045,-0.90372586250305176,0.14903244376182556,0.071069709956645966
-0.0030769351869821548,-0.69713521003723145,0.22484482824802399,0.22323049604892731,0.11147229373455048,-0.99211913347244263,-0.18486316502094269,0.37209692597389221,-0.091542333364486694,-0.98584932088851929,0.30998930335044861,0.086724504828453064,0.38664898276329041,-1.1106144189834595,0.13316580653190613,0.31503215432167053,0.27944642305374146,-0.85640352964401245,0.062152206897735596,0.57708060741424561,0.26108652353286743,-0.75621587038040161,0.12351241707801819,0.16841083765029907
0.1376802921295166,-0.71607112884521484,0.21265028417110443,0.30273458361625671,0.16756424307823181,-0.95165657997131348,-0.21336284279823303,0.45979708433151245,0.0293775275349617,-1.0121424198150635,0.31289917230606079,0.20018479228019714,0.51616883277893066,-0.99463063478469849,0.078004635870456696,0.4307529628276825,0.42961716651916504,-0.84465169906616211,0.0051221363246440887,0.66221600770950317,0.31459888815879822,-0.67986232042312622,0.088259100914001465,0.24912531673908234
0.11611578613519669,-0.6949847936630249,0.18250226974487305,0.38303044438362122,0.18977959454059601,-0.92381000518798828,-0.2516554594039917,0.54148721694946289,0.02006077766418457,-0.8964117169380188,0.29805657267570496,0.31571212410926819,0.57045561075210571,-1.0108485221862793,0.0044804047793149948,0.53141117095947266,0.46432438492774963,-0.74461221694946289,-0.070803426206111908,0.74280965328216553,0.46216875314712524,-0.67495906352996826,0.043860293924808502,0.31994837522506714
0.18191161751747131,-0.60426592826843262,0.15070545673370361,0.45921808481216431,0.15563346445560455,-0.87196969985961914,-0.29599344730377197,0.61797940731048584,0.094416707754135132,-0.82039767503738403,0.27849295735359192,0.41820842027664185,0.66054105758666992,-0.95583081245422363,-0.079020097851753235,0.62940764427185059,0.42624786496162415,-0.70607215166091919,-0.15373453497886658,0.80912137031555176,0.48708081245422363,-0.66817814111709595,-0.018540875986218452,0.38763183355331421
0.22383281588554382,-0.56347829103469849,0.10873839259147644,0.52427786588668823,0.28722777962684631,-0.83779722452163696,-0.34044450521469116,0.68660598993301392,0.1230621263384819,-0.78384006023406982,0.24651852250099182,0.51149177551269531,0.65660208463668823,-0.85469686985015869,-0.17588220536708832,0.71713918447494507,0.46913188695907593,-0.63827353715896606,-0.23563891649246216,0.86704170703887939,0.4986078143119812,-0.54438191652297974,-0.086410313844680786,0.45111227035522461
0.25805854797363281,-0.41512584686279297,0.059605281800031662,0.58276647329330444,0.26189851760864258,-0.71377277374267578,-0.40119084715843201,0.74917721748352051,0.22854778170585632,-0.74486905336380005,0.20723982155323029,0.59894800186157227,0.67877215147018433,-0.79012739658355713,-0.27610975503921509,0.78939378261566162,0.54079908132553101,-0.40604126453399658,-0.32420170307159424,0.91374820470809937,0.63156044483184814,-0.40351763367652893,-0.15816643834114075,0.4984423816204071
0.25278347730636597,-0.2956811785697937,0.0044471118599176407,0.62361198663711548,0.28166806697845459,-0.64128643274307251,-0.46213740110397339,0.79593521356582642,0.27484649419784546,-0.60541528463363647,0.15330810844898224,0.68000888824462891,0.70992553234100342,-0.63850420713424683,-0.3815230131149292,0.84975695610046387,0.52079439163208008,-0.2952904999256134,-0.42170214653015137,0.93253624439239502,0.65612393617630005,-0.42441341280937195,-0.24512442946434021,0.52782273292541504
0.35551172494888306,-0.25355389714241028,-0.051871106028556824,0.64951550960540771,0.28312769532203674,-0.5598747730255127,-0.52700638771057129,0.8321223258972168,0.27056360244750977,-0.55662119388580322,0.09105142205953598,0.74393731355667114,0.71364098787307739,-0.51423764228820801,-0.49239662289619446,0.88933944702148438,0.3690485954284668,-0.25041466951370239,-0.51752889156341553,0.93528348207473755,0.6646767258644104,-0.24563151597976685,-0.33545804023742676,0.55478519201278687
0.33356934785842896,-0.19495666027069092,-0.11939940601587296,0.66824418306350708,0.28605982661247253,-0.55266422033309937,-0.59341669082641602,0.85671687126159668,0.25945225358009338,-0.45273646712303162,0.026431798934936523,0.79949194192886353,0.80201125144958496,-0.49978339672088623,-0.60491937398910522,0.91073489189147949,0.39527842402458191,-0.17595237493515015,-0.59772056341171265,0.92876052856445312,0.63866478204727173,-0.16572009027004242,-0.42742487788200378,0.55920916795730591
0.24689170718193054,-0.061675384640693665,-0.18524408340454102,0.67763829231262207,0.1760353147983551,-0.40690374374389648,-0.66092956066131592,0.87713456153869629,0.34293004870414734,-0.39765635132789612,-0.039436772465705872,0.84109842777252197,0.83002233505249023,-0.34048813581466675,-0.72664201259613037,0.92495590448379517,0.32210004329681396,-0.077613562345504761,-0.67971116304397583,0.91084402799606323,0.5865858793258667,-0.089052490890026093,-0.51643753051757812,0.55104094743728638
0.29454141855239868,-0.052943732589483261,-0.24247786402702332,0.67037129402160645,0.23852998018264771,-0.32715323567390442,-0.71803462505340576,0.87949150800704956,0.30999377369880676,-0.27029597759246826,-0.11531178653240204,0.87366193532943726,0.85822027921676636,-0.26504021883010864,-0.85111451148986816,0.91710549592971802,0.28368338942527771,0.026593670248985291,-0.75298207998275757,0.87912791967391968,0.6069146990776062,0.10226534307003021,-0.5992814302444458,0.5308302640914917
0.32186442613601685,0.11412111669778824,-0.30375862121582031,0.65943014621734619,0.18424659967422485,-0.26965281367301941,-0.78115051984786987,0.87101894617080688,0.24848021566867828,-0.059117384254932404,-0.18903976678848267,0.88951325416564941,0.79319161176681519,-0.13532155752182007,-0.97724080085754395,0.89556920528411865,0.29466217756271362,0.15933999419212341,-0.82037752866744995,0.83354496955871582,0.55353444814682007,0.15739218890666962,-0.68263691663742065,0.48749393224716187
0.25468260049819946,0.20045199990272522,-0.3668457567691803,0.62880325317382812,0.087396472692489624,-0.17894686758518219,-0.83802342414855957,0.85371041297912598,0.20701061189174652,-0.040341578423976898,-0.25694528222084045,0.88048148155212402,0.67436760663986206,0.07367900013923645,-1.0950073003768921,0.85492295026779175,0.20162813365459442,0.18550172448158264,-0.88618409633636475,0.77161985635757446,0.42669713497161865,0.16806617379188538,-0.7579798698425293,0.43476969003677368
0.26099848747253418,0.30710050463676453,-0.42129853367805481,0.5865967869758606,0.02119976282119751,-0.12260009348392487,-0.88399624824523926,0.82461082935333252,0.18621912598609924,0.049823321402072906,-0.31983155012130737,0.86625146865844727,0.57472574710845947,0.15159933269023895,-1.1981364488601685,0.78777343034744263,0.16291473805904388,0.27725735306739807,-0.93919765949249268,0.70419192314147949,0.39510750770568848,0.23797315359115601,-0.81754767894744873,0.37755975127220154
0.14200732111930847,0.39627310633659363,-0.47394469380378723,0.531280517578125,-0.050203815102577209,-0.020198367536067963,-0.9216158390045166,0.78777164220809937,0.094207271933555603,0.18772505223751068,-0.37953919172286987,0.83996635675430298,0.53347539901733398,0.20007050037384033,-1.2873193025588989,0.708121657371521,0.017790257930755615,0.34663301706314087,-0.98465639352798462,0.62537211179733276,0.24448946118354797,0.28698351979255676,-0.87074023485183716,0.31075331568717957
0.10697393119335175,0.44270297884941101,-0.51161283254623413,0.46477353572845459,-0.064135044813156128,0.046071570366621017,-0.95002865791320801,0.73905098438262939,0.083339855074882507,0.37943929433822632,-0.42836645245552063,0.79708558320999146,0.42725417017936707,0.24868641793727875,-1.3678603172302246,0.61968404054641724,-0.080080896615982056,0.56105178594589233,-1.0113997459411621,0.53784525394439697,0.26539957523345947,0.41415989398956299,-0.90521734952926636,0.23681682348251343
0.080518782138824463,0.3574364185333252,-0.54223549365997314,0.39216476678848267,-0.23404610157012939,0.064762383699417114,-0.97444844245910645,0.6825939416885376,-0.0092681087553501129,0.42693746089935303,-0.47367024421691895,0.7328723669052124,0.20047257840633392,0.40554741024971008,-1.4328794479370117,0.52293062210083008,-0.10621866583824158,0.61208623647689819,-1.023836612701416,0.42809194326400757,0.21833887696266174,0.5260736346244812,-0.93789374828338623,0.14890886843204498
-0.019891459494829178,0.40380212664604187,-0.56641101837158203,0.32701224088668823,-0.38378950953483582,0.13403923809528351,-0.97891736030578613,0.62340521812438965,-0.13030599057674408,0.53499209880828857,-0.50623762607574463,0.66205650568008423,0.091298416256904602,0.51195573806762695,-1.4700037240982056,0.40786051750183105,-0.24417532980442047,0.52297699451446533,-1.028124213218689,0.31330057978630066,0.077229753136634827,0.55498993396759033,-0.96128886938095093,0.048732295632362366
-0.1413445770740509,0.47397974133491516,-0.57715487480163574,0.25642687082290649,-0.40640053153038025,0.15689195692539215,-0.96544063091278076,0.55743539333343506,-0.20522116124629974,0.59675467014312744,-0.52297663688659668,0.57925683259963989,-0.11862602829933167,0.59582871198654175,-1.4902569055557251,0.2810204029083252,-0.31325274705886841,0.60097783803939819,-1.012880802154541,0.20792219042778015,-0.011183254420757294,0.61112987995147705,-0.96544551849365234,-0.054875146597623825
-0.15352222323417664,0.48216241598129272,-0.57217621803283691,0.17872925102710724,-0.59959441423416138,0.17763666808605194,-0.94650614261627197,0.49026152491569519,-0.30885106325149536,0.57053631544113159,-0.52800226211547852,0.48996442556381226,-0.32139626145362854,0.58352988958358765,-1.4830836057662964,0.14557617902755737,-0.32528099417686462,0.57783716917037964,-0.98558419942855835,0.096158385276794434,-0.11840540915727615,0.47427511215209961,-0.95558255910873413,-0.16365772485733032
-0.23121415078639984,0.55129855871200562,-0.56214690208435059,0.10094507783651352,-0.678516685962677,0.26810285449028015,-0.90502965450286865,0.42237338423728943,-0.44431152939796448,0.52867525815963745,-0.51819306612014771,0.40360033512115479,-0.44710686802864075,0.499705970287323,-1.4489423036575317,0.012562498450279236,-0.40489277243614197,0.57953715324401855,-0.95169687271118164,-0.011237494647502899,-0.25920477509498596,0.51040387153625488,-0.92964911460876465,-0.25758650898933411
-0.40224680304527283,0.5008503794670105,-0.54054272174835205,0.017230726778507233,-0.78077316284179688,0.22258800268173218,-0.85254329442977905,0.34792426228523254,-0.43830639123916626,0.61656922101974487,-0.49060407280921936,0.32244828343391418,-0.54644042253494263,0.5462307333946228,-1.3958281278610229,-0.1095421239733696,-0.47881314158439636,0.53085505962371826,-0.90471875667572021,-0.11644897609949112,-0.42872065305709839,0.45005190372467041,-0.88512623310089111,-0.35325321555137634
-0.42702388763427734,0.53545033931732178,-0.49780678749084473,-0.059842802584171295,-0.78984618186950684,0.25311672687530518,-0.78645598888397217,0.28110066056251526,-0.52803367376327515,0.59526205062866211,-0.45975178480148315,0.23438449203968048,-0.60711687803268433,0.48749983310699463,-1.3270392417907715,-0.23289702832698822,-0.64166820049285889,0.53727108240127563,-0.84540915489196777,-0.21380046010017395,-0.5616186261177063,0.46387028694152832,-0.8191717267036438,-0.44007453322410583
-0.57516759634017944,0.44533360004425049,-0.44902661442756653,-0.13777083158493042,-0.84385073184967041,0.20035567879676819,-0.71655005216598511,0.214927077293396,-0.57092922925949097,0.5851902961730957,-0.41573962569236755,0.15053442120552063,-0.71237021684646606,0.33819234371185303,-1.2464767694473267,-0.34618934988975525,-0.83596062660217285,0.5228278636932373,-0.76534229516983032,-0.30823749303817749,-0.59354543685913086,0.44343292713165283,-0.73602074384689331,-0.52445673942565918
-0.64204400777816772,0.40715792775154114,-0.3818606436252594,-0.20377577841281891,-0.90523058176040649,0.12258004397153854,-0.63838845491409302,0.15791833400726318,-0.67586803436279297,0.57878488302230835,-0.36354228854179382,0.070402719080448151,-0.72898942232131958,0.23272895812988281,-1.1502569913864136,-0.43983861804008484,-0.90375453233718872,0.40534132719039917,-0.66164875030517578,-0.39666002988815308,-0.78717613220214844,0.3905951976776123,-0.64599883556365967,-0.6021343469619751
-0.7301323413848877,0.44227540493011475,-0.30514311790466309,-0.26221174001693726,-0.95411854982376099,0.15738894045352936,-0.55174088478088379,0.11292935907840729,-0.82828265428543091,0.51867538690567017,-0.29719135165214539,-0.005993373692035675,-0.85088962316513062,0.16073332726955414,-1.0483176708221436,-0.51757299900054932,-0.95993030071258545,0.39542853832244873,-0.54742473363876343,-0.46762627363204956,-0.86105805635452271,0.3334442675113678,-0.53331196308135986,-0.66956740617752075
-0.72506701946258545,0.36046791076660156,-0.21718874573707581,-0.31998017430305481,-1.0069106817245483,0.076792046427726746,-0.45850712060928345,0.069048784673213959,-0.78944230079650879,0.51665341854095459,-0.21221323311328888,-0.07260286808013916,-0.81147295236587524,0.21776966750621796,-0.93095779418945312,-0.58255404233932495,-1.0759398937225342,0.30691874027252197,-0.42476570606231689,-0.53147876262664795,-0.8577343225479126,0.2286553829908371,-0.41058555245399475,-0.72526127099990845
-0.84053325653076172,0.37905400991439819,-0.12741614878177643,-0.36483395099639893,-1.0358401536941528,-0.0068191029131412506,-0.3583928644657135,0.038137827068567276,-0.87463957071304321,0.51439565420150757,-0.12833617627620697,-0.13436916470527649,-0.95400750637054443,0.10593845695257187,-0.81503933668136597,-0.64699751138687134,-1.1180704832077026,0.27726125717163086,-0.28809463977813721,-0.57998257875442505,-1.002433180809021,0.19680465757846832,-0.28618660569190979,-0.76402610540390015
-0.82941567897796631,0.32623529434204102,-0.024425730109214783,-0.40680244565010071,-1.0646547079086304,0.001026500016450882,-0.2544722855091095,0.020759262144565582,-0.8644787073135376,0.38311412930488586,-0.033390380442142487,-0.19135361909866333,-0.92667752504348755,-0.0085622109472751617,-0.68238496780395508,-0.69409173727035522,-1.0903044939041138,0.10060067474842072,-0.14564999938011169,-0.61842173337936401,-1.0129358768463135,0.15847757458686829,-0.14616511762142181,-0.79317790269851685
-0.86050868034362793,0.22578978538513184,0.07889828085899353,-0.43810588121414185,-1.0598745346069336,-0.02624824270606041,-0.14745353162288666,0.0078723803162574768,-0.82134616374969482,0.40185964107513428,0.062781542539596558,-0.23013320565223694,-1.0163366794586182,-0.20577420294284821,-0.55094814300537109,-0.72284555435180664,-1.0578048229217529,0.037322677671909332,-0.0049579627811908722,-0.63187158107757568,-1.0062810182571411,-0.11225846409797668,-0.0045161172747612,-0.81135213375091553
-0.91570460796356201,0.12562979757785797,0.18624448776245117,-0.45403140783309937,-1.0754741430282593,-0.054882250726222992,-0.040938783437013626,0.0031153028830885887,-0.90399652719497681,0.37086400389671326,0.15596945583820343,-0.26576307415962219,-1.0108615159988403,-0.32085809111595154,-0.40993446111679077,-0.72516262531280518,-1.0852310657501221,-0.020806211978197098,0.13227632641792297,-0.63191324472427368,-1.1470779180526733,-0.11642512679100037,0.13648858666419983,-0.79529529809951782
-0.92704510688781738,0.11209875345230103,0.29923337697982788,-0.4545033872127533,-1.1486967802047729,-0.15185940265655518,0.066708795726299286,0.0065482351928949356,-0.89945745468139648,0.31002405285835266,0.25861361622810364,-0.29343715310096741,-0.97702962160110474,-0.39485976099967957,-0.27023175358772278,-0.70894432067871094,-1.0831332206726074,-0.15729913115501404,0.27140018343925476,-0.61931705474853516,-1.1532087326049805,-0.19008331000804901,0.28989586234092712,-0.77190977334976196
-0.89446836709976196,0.049495797604322433,0.41267576813697815,-0.44800040125846863,-1.0039957761764526,-0.23308433592319489,0.18083715438842773,0.025010794401168823,-0.84672665596008301,0.31844326853752136,0.36154055595397949,-0.30975031852722168,-0.96202588081359863,-0.4233938455581665,-0.13558922708034515,-0.67847955226898193,-0.91037929058074951,-0.18837907910346985,0.4088209867477417,-0.58623147010803223,-1.1793212890625,-0.42800173163414001,0.44179737567901611,-0.73367518186569214
-0.81626290082931519,0.017566386610269547,0.52183026075363159,-0.429636150598526,-0.95624411106109619,-0.24985456466674805,0.27886617183685303,0.057156398892402649,-0.92990404367446899,0.22269824147224426,0.45936429500579834,-0.32168522477149963,-0.91401869058609009,-0.4836675226688385,-0.0048010684549808502,-0.63865536451339722,-0.84584701061248779,-0.26200005412101746,0.52646481990814209,-0.54341012239456177,-1.0721457004547119,-0.42454880475997925,0.59346228837966919,-0.66433292627334595
-0.73504060506820679,-0.11141079664230347,0.62157076597213745,-0.4027651846408844,-0.94474941492080688,-0.31965795159339905,0.3699105978012085,0.095653697848320007,-0.92963320016860962,0.1235346645116806,0.56548976898193359,-0.31910648941993713,-0.8066786527633667,-0.50373053550720215,0.11839097738265991,-0.58654791116714478,-0.79778760671615601,-0.32882866263389587,0.63479286432266235,-0.48764306306838989,-1.0345025062561035,-0.53036725521087646,0.73001617193222046,-0.58822572231292725
-0.65389901399612427,-0.20454049110412598,0.7112312912940979,-0.35820382833480835,-0.80320525169372559,-0.35445830225944519,0.45732378959655762,0.14541909098625183,-0.92397558689117432,0.020401962101459503,0.670798659324646,-0.30134984850883484,-0.63246238231658936,-0.59921133518218994,0.22749011218547821,-0.52663248777389526,-0.70191770792007446,-0.51988071203231812,0.7348666787147522,-0.42015352845191956,-0.98829954862594604,-0.62723881006240845,0.85817009210586548,-0.49522009491920471
-0.49603316187858582,-0.18408398330211639,0.79000294208526611,-0.30014833807945251,-0.70682770013809204,-0.31905573606491089,0.52756309509277344,0.20270147919654846,-0.79852050542831421,-0.12715491652488708,0.7740025520324707,-0.26815357804298401,-0.49925807118415833,-0.68760442733764648,0.31550824642181396,-0.45211681723594666,-0.6435057520866394,-0.47774094343185425,0.82137370109558105,-0.32900261878967285,-0.81814390420913696,-0.74820446968078613,0.97628003358840942,-0.3867337703704834
-0.43377706408500671,-0.24168254435062408,0.84961014986038208,-0.24058295786380768,-0.65064859390258789,-0.42508453130722046,0.58487826585769653,0.25957965850830078,-0.77836549282073975,-0.21020136773586273,0.86236703395843506,-0.21527615189552307,-0.40109318494796753,-0.80025774240493774,0.38595181703567505,-0.3648490309715271,-0.49562978744506836,-0.49246180057525635,0.89696753025054932,-0.23833167552947998,-0.7314484715461731,-0.90463155508041382,1.0712435245513916,-0.26095324754714966
-0.33332479000091553,-0.35816353559494019,0.89965808391571045,-0.17266461253166199,-0.59987205266952515,-0.31496861577033997,0.63338983058929443,0.32955661416053772,-0.67933744192123413,-0.23932698369026184,0.94553583860397339,-0.15002921223640442,-0.34340596199035645,-0.81195950508117676,0.44180014729499817,-0.2633565366268158,-0.37783855199813843,-0.60209596157073975,0.95279371738433838,-0.14299434423446655,-0.5228767991065979,-0.98487162590026855,1.1506905555725098,-0.11559125781059265
-0.12100805342197418,-0.39297294616699219,0.93597137928009033,-0.091032475233078003,-0.45819166302680969,-0.33191102743148804,0.67304152250289917,0.39049839973449707,-0.60328441858291626,-0.23642483353614807,1.0150389671325684,-0.078140273690223694,-0.13484665751457214,-0.77085769176483154,0.48648455739021301,-0.15854893624782562,-0.3031412661075592,-0.54931068420410156,0.99175179004669189,-0.034511417150497437,-0.42367905378341675,-0.93904578685760498,1.2015566825866699,0.040839865803718567
-0.019405465573072433,-0.36335012316703796,0.94676715135574341,-0.0046221911907196045,-0.30751454830169678,-0.25360769033432007,0.69524753093719482,0.45472657680511475,-0.47720596194267273,-0.29153034090995789,1.0729285478591919,-0.0035331100225448608,-0.015251435339450836,-0.73422330617904663,0.50482255220413208,-0.056282423436641693,-0.094818145036697388,-0.63522458076477051,1.0176025629043579,0.069954410195350647,-0.35423466563224792,-1.0554097890853882,1.2344067096710205,0.19424325227737427
0.032675847411155701,-0.39008921384811401,0.9430382251739502,0.078824251890182495,-0.3064427375793457,-0.21859417855739594,0.69905340671539307,0.51182854175567627,-0.32769560813903809,-0.41952037811279297,1.1141394376754761,0.078998565673828125,0.036640971899032593,-0.69765233993530273,0.5060010552406311,0.042595375329256058,0.091320984065532684,-0.48938286304473877,1.017264723777771,0.18364624679088593,-0.14034087955951691,-0.95399683713912964,1.2524789571762085,0.35996082425117493
0.13372267782688141,-0.34581637382507324,0.92997467517852783,0.16423921287059784,-0.21929144859313965,-0.22339613735675812,0.69988870620727539,0.56526261568069458,-0.17321796715259552,-0.43409013748168945,1.1360381841659546,0.17586439847946167,0.24724544584751129,-0.60156142711639404,0.49706578254699707,0.13725857436656952,0.18369212746620178,-0.53392058610916138,0.99266129732131958,0.2820286750793457,0.00058957561850547791,-0.92952615022659302,1.2408080101013184,0.51540327072143555
0.22060918807983398,-0.3500804603099823,0.90264010429382324,0.24404501914978027,-0.1169760674238205,-0.19788525998592377,0.68934637308120728,0.61888545751571655,-0.098031565546989441,-0.36432370543479919,1.1375356912612915,0.27467265725135803,0.27621906995773315,-0.49503022432327271,0.46241813898086548,0.22127848863601685,0.33352047204971313,-0.39049407839775085,0.95408153533935547,0.38302835822105408,0.20156598091125488,-0.9801599383354187,1.2073866128921509,0.66684961318969727
0.37654811143875122,-0.32667446136474609,0.86281847953796387,0.32242059707641602,-0.0075237471610307693,-0.074156723916530609,0.66597151756286621,0.66909879446029663,0.017122931778430939,-0.37372025847434998,1.1265914440155029,0.36596307158470154,0.39278486371040344,-0.4146704375743866,0.42091077566146851,0.29239872097969055,0.47753548622131348,-0.38874021172523499,0.89573657512664795,0.46713748574256897,0.40022891759872437,-0.83874893188476562,1.1465444564819336,0.82075369358062744
0.42940109968185425,-0.22144806385040283,0.80375349521636963,0.39598691463470459,0.072435729205608368,0.015781000256538391,0.62929999828338623,0.70546400547027588,0.10939553380012512,-0.31392481923103333,1.0996600389480591,0.45708006620407104,0.48647484183311462,-0.35522916913032532,0.36446863412857056,0.35297566652297974,0.5651165246963501,-0.34488800168037415,0.81917101144790649,0.5476456880569458,0.55879783630371094,-0.80417007207870483,1.0585615634918213,0.95653200149536133
0.52313792705535889,-0.080462023615837097,0.73611277341842651,0.45563489198684692,0.087537512183189392,0.094472460448741913,0.58305263519287109,0.73078513145446777,0.25122347474098206,-0.28029423952102661,1.0591378211975098,0.54031044244766235,0.43856322765350342,-0.22082683444023132,0.29599669575691223,0.40442419052124023,0.62537473440170288,-0.16424232721328735,0.73032075166702271,0.61945939064025879,0.69011044502258301,-0.76253712177276611,0.94851768016815186,1.0836310386657715
0.57710450887680054,-0.030496096238493919,0.65655362606048584,0.49744886159896851,0.22511270642280579,0.17936500906944275,0.53432399034500122,0.74577945470809937,0.38131478428840637,-0.29507249593734741,1.0005463361740112,0.61764395236968994,0.52132290601730347,-0.17963021993637085,0.23018404841423035,0.43870678544044495,0.66261047124862671,-0.092310845851898193,0.63242697715759277,0.66834253072738647,0.76991480588912964,-0.50068032741546631,0.81970757246017456,1.2003023624420166
0.72140681743621826,-0.041322588920593262,0.57001411914825439,0.53004920482635498,0.32506346702575684,0.25510901212692261,0.4713958203792572,0.74976789951324463,0.51022428274154663,-0.24555575847625732,0.92546510696411133,0.69305968284606934,0.57800078392028809,-0.1214076429605484,0.15480062365531921,0.46538323163986206,0.764046311378479,0.06534789502620697,0.52898865938186646,0.70485967397689819,0.7989317774772644,-0.34203213453292847,0.67791759967803955,1.2836552858352661
0.66954785585403442,0.028722010552883148,0.4679623544216156,0.55922544002532959,0.30176758766174316,0.30314818024635315,0.39866632223129272,0.74302762746810913,0.61917203664779663,-0.16141211986541748,0.83421033620834351,0.75932008028030396,0.55880510807037354,0.0067265480756759644,0.072892516851425171,0.48232242465019226,0.75623685121536255,0.21404147148132324,0.41423529386520386,0.72023946046829224,0.87975835800170898,-0.26567944884300232,0.52996426820755005,1.3435728549957275
0.73107761144638062,0.14747989177703857,0.37028145790100098,0.57614040374755859,0.38675922155380249,0.38947722315788269,0.32905480265617371,0.7279086709022522,0.67917925119400024,0.014565803110599518,0.72933423519134521,0.81221514940261841,0.50341266393661499,0.19900058209896088,-0.0074280351400375366,0.48226934671401978,0.8479040265083313,0.27151992917060852,0.30021306872367859,0.7149474024772644,0.91199660301208496,-0.14245162904262543,0.3718704879283905,1.3881239891052246
0.78837168216705322,0.22906804084777832,0.26621502637863159,0.57621651887893677,0.32688286900520325,0.50298309326171875,0.25212970376014709,0.70078921318054199,0.76953756809234619,0.083325311541557312,0.61648041009902954,0.84196734428405762,0.47699445486068726,0.29918906092643738,-0.081706225872039795,0.45899486541748047,0.81235706806182861,0.45763698220252991,0.17799776792526245,0.69827014207839966,0.85787582397460938,0.079329386353492737,0.20932242274284363,1.4122127294540405
0.84119009971618652,0.21296772360801697,0.15706387162208557,0.56295818090438843,0.3197953999042511,0.61158865690231323,0.1830202043056488,0.65866267681121826,0.84187912940979004,0.19839729368686676,0.49381440877914429,0.85904604196548462,0.43945512175559998,0.39321202039718628,-0.15172232687473297,0.42215269804000854,0.79725766181945801,0.56096142530441284,0.060928050428628922,0.65700733661651611,0.92346131801605225,0.20230650901794434,0.052001364529132843,1.4058898687362671
0.88547003269195557,0.43092966079711914,0.043970342725515366,0.54596436023712158,0.32695335149765015,0.73517227172851562,0.11714503169059753,0.6025012731552124,0.72939777374267578,0.32899102568626404,0.36382925510406494,0.85841089487075806,0.43850138783454895,0.46625614166259766,-0.21571604907512665,0.37265592813491821,0.8399999737739563,0.64863491058349609,-0.051850263029336929,0.59984731674194336,0.78170877695083618,0.49723482131958008,-0.11058354377746582,1.3794851303100586
0.88002419471740723,0.50443381071090698,-0.072001397609710693,0.50165611505508423,0.24883446097373962,0.72719419002532959,0.053757436573505402,0.53105545043945312,0.76379567384719849,0.44540205597877502,0.24593375623226166,0.83825623989105225,0.43001404404640198,0.52715009450912476,-0.27675417065620422,0.3129807710647583,0.75730973482131958,0.78204262256622314,-0.16535753011703491,0.52866768836975098,0.69920915365219116,0.62863606214523315,-0.25666701793670654,1.3156667947769165
0.77954638004302979,0.52719807624816895,-0.18450246751308441,0.44450628757476807,0.1813807487487793,0.81019747257232666,0.0021296944469213486,0.45770037174224854,0.67755836248397827,0.58796268701553345,0.12633538246154785,0.80072313547134399,0.50379753112792969,0.61073076725006104,-0.3335956335067749,0.24455262720584869,0.63031107187271118,0.9473344087600708,-0.26634874939918518,0.43894609808921814,0.70124858617782593,0.72469455003738403,-0.39041662216186523,1.2318412065505981
0.73226547241210938,0.64211994409561157,-0.28341272473335266,0.37984147667884827,0.099566414952278137,0.83730411529541016,-0.038783043622970581,0.37393459677696228,0.59996205568313599,0.75668686628341675,0.017972465604543686,0.74322021007537842,0.42804580926895142,0.78431582450866699,-0.39405831694602966,0.16536606848239899,0.62836182117462158,1.0785447359085083,-0.34954896569252014,0.32823207974433899,0.61875516176223755,0.89875149726867676,-0.51936811208724976,1.132280707359314
0.7032085657119751,0.72283488512039185,-0.3737628161907196,0.29916861653327942,0.0144820436835289,0.92784279584884644,-0.067093759775161743,0.28594553470611572,0.52988576889038086,0.76394927501678467,-0.079095989465713501,0.66381430625915527,0.35910117626190186,0.88262748718261719,-0.44263112545013428,0.066307604312896729,0.48117083311080933,1.1648486852645874,-0.42653003334999084,0.20094935595989227,0.45189666748046875,0.92857843637466431,-0.63431566953659058,1.0095221996307373
0.58900278806686401,0.74927711486816406,-0.45663237571716309,0.20643380284309387,0.044833406805992126,0.86445903778076172,-0.082343950867652893,0.18804296851158142,0.50942468643188477,0.89933282136917114,-0.16460314393043518,0.57934975624084473,0.2564052939414978,0.88866710662841797,-0.47908070683479309,-0.044380307197570801,0.45181164145469666,1.2528840303421021,-0.48198258876800537,0.062001079320907593,0.28760915994644165,1.1506948471069336,-0.72575634717941284,0.87882959842681885
0.53233420848846436,0.7494773268699646,-0.5229533314704895,0.10751151293516159,0.03434479609131813,0.8201899528503418,-0.095665566623210907,0.096330411732196808,0.51153445243835449,0.90772485733032227,-0.24333097040653229,0.47762081027030945,0.12113374471664429,0.90203964710235596,-0.49952906370162964,-0.15679511427879333,0.32015573978424072,1.264495849609375,-0.52724379301071167,-0.0876426100730896,0.12532484531402588,1.1885747909545898,-0.79369914531707764,0.72219234704971313
0.39975154399871826,0.82060939073562622,-0.57827478647232056,0.0058874562382698059,-0.077384434640407562,0.77928942441940308,-0.10329445451498032,0.0089537426829338074,0.41329535841941833,1.0414628982543945,-0.31672024726867676,0.37177145481109619,-0.018075089901685715,0.98672664165496826,-0.500732421875,-0.27086359262466431,0.036911815404891968,1.2400006055831909,-0.55161559581756592,-0.23976588249206543,0.048490744084119797,1.220152735710144,-0.8372005820274353,0.55936431884765625
0.29152160882949829,0.84559458494186401,-0.61493951082229614,-0.10496771335601807,-0.19026033580303192,0.80225229263305664,-0.095357656478881836,-0.074167817831039429,0.28476318717002869,1.1538125276565552,-0.37456446886062622,0.24955819547176361,-0.074072033166885376,1.0186842679977417,-0.48233482241630554,-0.3927498459815979,-0.15220211446285248,1.3167043924331665,-0.53994613885879517,-0.38970375061035156,-0.010284163057804108,1.2806469202041626,-0.8646501898765564,0.39222976565361023
0.15077853202819824,0.8385690450668335,-0.63503992557525635,-0.21945399045944214,-0.3305499255657196,0.88230234384536743,-0.072049088776111603,-0.15867303311824799,0.24280163645744324,1.2218806743621826,-0.41311737895011902,0.11399489641189575,-0.1313977986574173,1.0511438846588135,-0.45239076018333435,-0.51615750789642334,-0.33762350678443909,1.2793867588043213,-0.50198161602020264,-0.54579740762710571,-0.19683948159217834,1.2456005811691284,-0.87773966789245605,0.21872210502624512
0.074010781943798065,0.80845010280609131,-0.63524740934371948,-0.33352392911911011,-0.30206179618835449,0.8445972204208374,-0.030654359608888626,-0.24949756264686584,0.18524536490440369,1.1819980144500732,-0.44049236178398132,-0.029447756707668304,-0.18130657076835632,1.0352877378463745,-0.41076365113258362,-0.6405530571937561,-0.46447274088859558,1.180791974067688,-0.43794897198677063,-0.69529873132705688,-0.30344933271408081,1.2092698812484741,-0.86346352100372314,0.049149289727210999
-0.038754239678382874,0.87968218326568604,-0.62210410833358765,-0.44388151168823242,-0.2999158501625061,0.76475584506988525,0.012150313705205917,-0.33392709493637085,0.062575012445449829,1.2425841093063354,-0.45480775833129883,-0.16936971247196198,-0.37814491987228394,0.89216047525405884,-0.35821887850761414,-0.76051777601242065,-0.6165580153465271,1.0216637849807739,-0.35419571399688721,-0.83082467317581177,-0.50043314695358276,1.1860285997390747,-0.83018249273300171,-0.1150238960981369
-0.1841997504234314,0.82143855094909668,-0.59227818250656128,-0.5600210428237915,-0.42483142018318176,0.69267082214355469,0.058672349900007248,-0.40771773457527161,-0.039824381470680237,1.1837922334671021,-0.44980862736701965,-0.31519031524658203,-0.42717400193214417,0.87934261560440063,-0.28035184741020203,-0.86280918121337891,-0.76942068338394165,0.92440509796142578,-0.24901609122753143,-0.94542825222015381,-0.63772803544998169,1.133202075958252,-0.76924622058868408,-0.27419495582580566
-0.32652580738067627,0.76723897457122803,-0.54231792688369751,-0.6681293249130249,-0.42250734567642212,0.62427270412445068,0.1210656613111496,-0.47152656316757202,-0.16939651966094971,1.0527471303939819,-0.42734906077384949,-0.45397454500198364,-0.64748090505599976,0.87163418531417847,-0.19298017024993896,-0.9593091607093811,-0.81490862369537354,0.89109110832214355,-0.1235063448548317,-1.0443613529205322,-0.72741496562957764,1.1256848573684692,-0.68704456090927124,-0.42406117916107178
-0.40228623151779175,0.65695613622665405,-0.47306019067764282,-0.76765948534011841,-0.5521509051322937,0.63032996654510498,0.18601098656654358,-0.52499514818191528,-0.15886837244033813,1.0044360160827637,-0.38517051935195923,-0.57767260074615479,-0.72417277097702026,0.73093658685684204,-0.079323269426822662,-1.0500919818878174,-0.9451177716255188,0.76737678050994873,0.010690074414014816,-1.1331050395965576,-0.81023657321929932,1.0013577938079834,-0.58893352746963501,-0.568153977394104
-0.51378840208053589,0.50353050231933594,-0.39170831441879272,-0.8520970344543457,-0.58153873682022095,0.53491371870040894,0.26617500185966492,-0.57550662755966187,-0.26000183820724487,0.89474970102310181,-0.3381560742855072,-0.69367122650146484,-0.73257917165756226,0.62773984670639038,0.045809239149093628,-1.1205872297286987,-1.0101313591003418,0.64841002225875854,0.16148443520069122,-1.2022507190704346,-0.92463821172714233,0.87731289863586426,-0.47598597407341003,-0.69403719902038574
-0.55749219655990601,0.39697349071502686,-0.29551401734352112,-0.91662031412124634,-0.59834831953048706,0.50006890296936035,0.35129022598266602,-0.61217516660690308,-0.39125773310661316,0.89086675643920898,-0.2755526602268219,-0.79564034938812256,-0.89633464813232422,0.51157838106155396,0.17450839281082153,-1.1741006374359131,-1.015339732170105,0.383291095495224,0.32127916812896729,-1.2515698671340942,-1.0182328224182129,0.69400495290756226,-0.34604188799858093,-0.80111467838287354
-0.48465672135353088,0.25387650728225708,-0.19234003126621246,-0.96530205011367798,-0.65329939126968384,0.38412311673164368,0.43937957286834717,-0.64089798927307129,-0.40415343642234802,0.72341728210449219,-0.19514280557632446,-0.89347261190414429,-0.90677112340927124,0.38213932514190674,0.32144239544868469,-1.2092642784118652,-1.0244208574295044,0.12889166176319122,0.48305171728134155,-1.2661232948303223,-1.0265964269638062,0.60233783721923828,-0.20222306251525879,-0.88273203372955322
-0.50968170166015625,0.15427269041538239,-0.094671517610549927,-0.9942399263381958,-0.6029517650604248,0.40503060817718506,0.5338435173034668,-0.65346658229827881,-0.50663012266159058,0.691231369972229,-0.10907922685146332,-0.96995151042938232,-0.85220229625701904,0.20286265015602112,0.47025316953659058,-1.223957896232605,-1.0773025751113892,0.064291000366210938,0.64544808864593506,-1.2471010684967041,-1.0042766332626343,0.49643507599830627,-0.054405190050601959,-0.94752204418182373
-0.50009047985076904,-0.013627991080284119,0.0063299983739852905,-1.0081800222396851,-0.5824967622756958,0.24021333456039429,0.62330913543701172,-0.66334986686706543,-0.49694672226905823,0.45769965648651123,-0.0095009543001651764,-1.0384553670883179,-0.83484607934951782,0.010568883270025253,0.61341053247451782,-1.2132320404052734,-1.0999270677566528,-0.22260577976703644,0.81117480993270874,-1.2136614322662354,-0.9748656153678894,0.26102906465530396,0.093481644988059998,-0.99396711587905884
-0.55278992652893066,-0.132594034075737,0.10643628984689713,-1.0002204179763794,-0.50781184434890747,0.24339498579502106,0.71066325902938843,-0.65224075317382812,-0.57129961252212524,0.2832549512386322,0.091895192861557007,-1.078227162361145,-0.83487588167190552,-0.057973332703113556,0.75340688228607178,-1.1762244701385498,-0.97060173749923706,-0.40719187259674072,0.97646832466125488,-1.1434988975524902,-0.97469228506088257,0.18498691916465759,0.2398156076669693,-1.0092277526855469
-0.56039577722549438,-0.2555614709854126,0.21079292893409729,-0.97543555498123169,-0.41697344183921814,0.11044313013553619,0.7894521951675415,-0.63717490434646606,-0.52310627698898315,0.1421591192483902,0.20207267999649048,-1.0952643156051636,-0.90082108974456787,-0.20883771777153015,0.89069348573684692,-1.1256312131881714,-0.93167805671691895,-0.59060263633728027,1.1243101358413696,-1.0470949411392212,-0.94546931982040405,0.010607538744807243,0.38597932457923889,-1.0095119476318359
-0.44038903713226318,-0.36074650287628174,0.31402736902236938,-0.93331873416900635,-0.42082753777503967,0.061276953667402267,0.85791707038879395,-0.60498958826065063,-0.44014382362365723,0.082399792969226837,0.30759155750274658,-1.0926065444946289,-0.76952153444290161,-0.3255140483379364,1.0312032699584961,-1.0534394979476929,-0.81580460071563721,-0.65183132886886597,1.2625442743301392,-0.9255983829498291,-0.92926371097564697,-0.097391813993453979,0.52832412719726562,-0.98508769273757935
-0.39574730396270752,-0.48281979560852051,0.40252339839935303,-0.87581205368041992,-0.31767067313194275,0.00051700137555599213,0.92474013566970825,-0.56468343734741211,-0.44984221458435059,-0.18736323714256287,0.40402454137802124,-1.0787420272827148,-0.71355700492858887,-0.47749599814414978,1.1541174650192261,-0.96304243803024292,-0.70691615343093872,-0.81199473142623901,1.3822876214981079,-0.79186165332794189,-0.79630619287490845,-0.30378240346908569,0.66694682836532593,-0.94293689727783203
-0.31586933135986328,-0.60002219676971436,0.48314404487609863,-0.80205541849136353,-0.27370443940162659,-0.03670194000005722,0.97882682085037231,-0.51522940397262573,-0.41977331042289734,-0.37896379828453064,0.50013697147369385,-1.0331920385360718,-0.51112884283065796,-0.60061484575271606,1.2661738395690918,-0.85189801454544067,-0.48350512981414795,-0.85825175046920776,1.4837454557418823,-0.63698709011077881,-0.73916620016098022,-0.38985726237297058,0.78931385278701782,-0.87351596355438232
-0.28096473217010498,-0.72034585475921631,0.55160659551620483,-0.71302890777587891,-0.21801175177097321,-0.04458613321185112,1.0257203578948975,-0.45967182517051697,-0.30867904424667358,-0.51312047243118286,0.59037846326828003,-0.9639860987663269,-0.4201754629611969,-0.69941139221191406,1.351762056350708,-0.72356164455413818,-0.33492425084114075,-0.92897433042526245,1.5545279979705811,-0.4734063446521759,-0.63770157098770142,-0.48079165816307068,0.90175211429595947,-0.78983485698699951
-0.13243836164474487,-0.80451118946075439,0.61172491312026978,-0.60912013053894043,-0.12165682017803192,-0.12612898647785187,1.0639897584915161,-0.40134003758430481,-0.11144962906837463,-0.5438961386680603,0.66550660133361816,-0.87730801105499268,-0.22565941512584686,-0.80626577138900757,1.4213393926620483,-0.58188903331756592,-0.09114682674407959,-1.0051925182342529,1.6018766164779663,-0.30025258660316467,-0.49471631646156311,-0.65736138820648193,0.99918186664581299,-0.69199013710021973
-0.084836669266223907,-0.91876524686813354,0.65144860744476318,-0.49445253610610962,-0.050096742808818817,-0.16872599720954895,1.0894843339920044,-0.33331429958343506,0.044587697833776474,-0.62690979242324829,0.7161332368850708,-0.78435629606246948,-0.04607970267534256,-0.8789563775062561,1.4639861583709717,-0.42695364356040955,0.014169670641422272,-1.0450963973999023,1.6159416437149048,-0.11820131540298462,-0.34541082382202148,-0.61775451898574829,1.0768402814865112,-0.57225298881530762
-0.02917708083987236,-1.0118199586868286,0.68046212196350098,-0.3670985996723175,0.026632700115442276,-0.24257369339466095,1.1042810678482056,-0.2601848840713501,0.073270179331302643,-0.74107146263122559,0.74621814489364624,-0.68116474151611328,0.19055087864398956,-0.86330306529998779,1.4807043075561523,-0.26359376311302185,0.14169305562973022,-0.97741097211837769,1.6103339195251465,0.067405439913272858,-0.15108388662338257,-0.84767419099807739,1.1331297159194946,-0.45336064696311951
0.12649762630462646,-1.0355677604675293,0.69739562273025513,-0.22978989779949188,0.18190422654151917,-0.23548173904418945,1.1076760292053223,-0.17939051985740662,0.31322142481803894,-0.87822538614273071,0.76811569929122925,-0.56570392847061157,0.31858178973197937,-0.85002046823501587,1.4655313491821289,-0.10198572278022766,0.31342551112174988,-0.88412964344024658,1.5827785730361938,0.24480825662612915,-0.035158168524503708,-0.90797233581542969,1.1637231111526489,-0.30941790342330933
0.29584991931915283,-1.0653342008590698,0.69182777404785156,-0.090119883418083191,0.35219675302505493,-0.2663036584854126,1.091504693031311,-0.099639952182769775,0.46805238723754883,-0.93447285890579224,0.7601398229598999,-0.43615818023681641,0.45880857110023499,-0.72784054279327393,1.4296131134033203,0.056532531976699829,0.46320047974586487,-0.85898727178573608,1.5293995141983032,0.41040724515914917,0.12670193612575531,-0.80973160266876221,1.1753751039505005,-0.15882086753845215
0.39478698372840881,-1.0283693075180054,0.66241365671157837,0.051379606127738953,0.36088484525680542,-0.19679048657417297,1.0544389486312866,-0.018108315765857697,0.59848791360855103,-0.9242587685585022,0.73028826713562012,-0.30219149589538574,0.56466758251190186,-0.63117867708206177,1.3720129728317261,0.20005884766578674,0.69465631246566772,-0.79453355073928833,1.4531402587890625,0.56980562210083008,0.34830871224403381,-0.75892305374145508,1.1632792949676514,-0.018406808376312256
0.58988022804260254,-0.9443480372428894,0.61625230312347412,0.18683815002441406,0.49013891816139221,-0.25295433402061462,1.0126807689666748,0.054120704531669617,0.71457260847091675,-0.90366744995117188,0.68091696500778198,-0.17156548798084259,0.61452007293701172,-0.61337506771087646,1.2970484495162964,0.33016020059585571,0.8817867636680603,-0.76519978046417236,1.3462836742401123,0.71797299385070801,0.50981354713439941,-0.8278471827507019,1.1221153736114502,0.11544995009899139
0.66044795513153076,-0.90681517124176025,0.54413294792175293,0.31075495481491089,0.57523727416992188,-0.28653860092163086,0.95466548204421997,0.12943941354751587,0.87419420480728149,-0.91383826732635498,0.61374884843826294,-0.046267792582511902,0.79831480979919434,-0.51134282350540161,1.2110956907272339,0.45394256711006165,1.0221871137619019,-0.61406058073043823,1.214011549949646,0.85696983337402344,0.61897420883178711,-0.84123170375823975,1.0584007501602173,0.25331798195838928
0.76292318105697632,-0.80685323476791382,0.45924383401870728,0.42655983567237854,0.69744336605072021,-0.20446017384529114,0.88475620746612549,0.20476214587688446,0.93646246194839478,-0.80332863330841064,0.52480608224868774,0.07592599093914032,0.87239265441894531,-0.52168601751327515,1.1011433601379395,0.56247603893280029,1.2185643911361694,-0.44779622554779053,1.0616112947463989,0.97340875864028931,0.83322429656982422,-0.713478684425354,0.97731095552444458,0.38849687576293945
0.81332731246948242,-0.78546077013015747,0.35887715220451355,0.52742540836334229,0.72433865070343018,-0.16090436279773712,0.79931610822677612,0.26793110370635986,1.1272318363189697,-0.68178802728652954,0.424113929271698,0.18188431859016418,0.98509770631790161,-0.37005949020385742,0.97907102108001709,0.66589957475662231,1.2161284685134888,-0.43655127286911011,0.88473242521286011,1.0649168491363525,1.0319246053695679,-0.60467326641082764,0.86857903003692627,0.50602561235427856
0.91198080778121948,-0.7168964147567749,0.24907943606376648,0.62053197622299194,0.6936105489730835,0.011085525155067444,0.70857745409011841,0.32210198044776917,1.122423529624939,-0.71984755992889404,0.2997029721736908,0.27002093195915222,1.1543102264404297,-0.33284848928451538,0.84134554862976074,0.74744540452957153,1.2657934427261353,-0.24479600787162781,0.70464861392974854,1.1459341049194336,1.0651607513427734,-0.57053422927856445,0.73480987548828125,0.60653424263000488
0.98018521070480347,-0.5674406886100769,0.12547034025192261,0.70074176788330078,0.74887764453887939,0.050611555576324463,0.61878317594528198,0.35422390699386597,1.3010262250900269,-0.55641275644302368,0.17216506600379944,0.35522741079330444,1.2185971736907959,-0.17666454613208771,0.6835017204284668,0.81791293621063232,1.4012962579727173,-0.0055639557540416718,0.51669144630432129,1.1983155012130737,1.1608577966690063,-0.43498432636260986,0.5935523509979248,0.69635039567947388
1.0348507165908813,-0.49046686291694641,-0.0081777982413768768,0.75935912132263184,0.88333237171173096,0.20734977722167969,0.52242428064346313,0.37772762775421143,1.4384950399398804,-0.42570585012435913,0.023324260488152504,0.41721701622009277,1.1925976276397705,-0.10174319893121719,0.51670831441879272,0.86447340250015259,1.4313784837722778,0.15657809376716614,0.31375023722648621,1.2171002626419067,1.3229830265045166,-0.36502736806869507,0.4391387403011322,0.76502716541290283
1.0742745399475098,-0.32575350999832153,-0.14937475323677063,0.80326753854751587,0.92807376384735107,0.27728596329689026,0.41205143928527832,0.3806191086769104,1.4847515821456909,-0.34428203105926514,-0.14141874015331268,0.45834782719612122,1.1999645233154297,0.11874514818191528,0.35123875737190247,0.89495706558227539,1.4927273988723755,0.25361686944961548,0.10813114047050476,1.2094614505767822,1.4421799182891846,-0.047543197870254517,0.26605942845344543,0.81860136985778809
1.0738358497619629,-0.24166938662528992,-0.29581785202026367,0.8234093189239502,0.83875489234924316,0.36479774117469788,0.29774841666221619,0.37101015448570251,1.4557013511657715,-0.22356817126274109,-0.311806321144104,0.48288732767105103,1.248981237411499,0.26957729458808899,0.18454761803150177,0.89497309923171997,1.4902852773666382,0.38531792163848877,-0.10196175426244736,1.1819409132003784,1.4667609930038452,-0.0018241330981254578,0.079474657773971558,0.8314860463142395
0.96647650003433228,0.0035758092999458313,-0.44230625033378601,0.82773458957672119,0.79901647567749023,0.45365580916404724,0.19356735050678253,0.34702560305595398,1.5243831872940063,-0.079754792153835297,-0.47944754362106323,0.48672917485237122,1.3323644399642944,0.45185619592666626,0.01399264857172966,0.87161630392074585,1.3038771152496338,0.61710762977600098,-0.30913275480270386,1.1309739351272583,1.5387513637542725,0.23946188390254974,-0.10904636979103088,0.83043968677520752
0.89524441957473755,0.079304002225399017,-0.57736104726791382,0.80022352933883667,0.84498375654220581,0.47596722841262817,0.095202036201953888,0.30912378430366516,1.4884533882141113,0.058629192411899567,-0.65310341119766235,0.46782898902893066,1.28061842918396,0.55507701635360718,-0.1626763790845871,0.82169550657272339,1.3033589124679565,0.89319789409637451,-0.49383744597434998,1.0468429327011108,1.4952923059463501,0.27426782250404358,-0.30353972315788269,0.79589617252349854
0.79563874006271362,0.17530259490013123,-0.70308297872543335,0.758594810962677,0.85441845655441284,0.54351300001144409,-0.0052622407674789429,0.26433530449867249,1.4730170965194702,0.18706302344799042,-0.82114428281784058,0.42657226324081421,1.210626482963562,0.70828700065612793,-0.33058741688728333,0.75297796726226807,1.2184711694717407,0.94929563999176025,-0.67315566539764404,0.92644178867340088,1.3351247310638428,0.48138114809989929,-0.49075743556022644,0.74841517210006714
0.73444443941116333,0.32472217082977295,-0.81599074602127075,0.70137345790863037,0.78783673048019409,0.49017214775085449,-0.10381666570901871,0.20807522535324097,1.4085590839385986,0.27554386854171753,-0.9845428466796875,0.36437255144119263,1.212116003036499,0.86684340238571167,-0.48703566193580627,0.66101735830307007,1.0264863967895508,1.0546942949295044,-0.8368801474571228,0.79226362705230713,1.3038922548294067,0.61561203002929688,-0.65843063592910767,0.67120832204818726
0.63055497407913208,0.41638994216918945,-0.91922992467880249,0.62395185232162476,0.70882904529571533,0.53552013635635376,-0.19230102002620697,0.15259869396686554,1.2343034744262695,0.37351298332214355,-1.137384295463562,0.28558653593063354,1.0765558481216431,0.97876882553100586,-0.63808488845825195,0.54599398374557495,0.81509160995483398,1.1398866176605225,-0.97371333837509155,0.6402396559715271,1.1514489650726318,0.72421747446060181,-0.81809628009796143,0.57272112369537354
0.51242756843566895,0.44355115294456482,-1.0075868368148804,0.53271180391311646,0.64770352840423584,0.60912084579467773,-0.26957440376281738,0.088532730937004089,1.1489887237548828,0.56967246532440186,-1.2679297924041748,0.18989373743534088,0.96069532632827759,0.96650147438049316,-0.7689167857170105,0.41298308968544006,0.66016232967376709,1.2873085737228394,-1.0809942483901978,0.47383898496627808,0.97265958786010742,0.87084531784057617,-0.95662498474121094,0.45604687929153442
0.33979636430740356,0.53317767381668091,-1.079042911529541,0.43493017554283142,0.68355405330657959,0.52783644199371338,-0.33706775307655334,0.013663090765476227,0.94553989171981812,0.69988977909088135,-1.3843716382980347,0.068689242005348206,0.80217736959457397,1.014000415802002,-0.88073277473449707,0.27552148699760437,0.45032894611358643,1.2761123180389404,-1.1638387441635132,0.28839790821075439,0.93422424793243408,1.043944239616394,-1.070609450340271,0.31854787468910217
0.20113635063171387,0.56533557176589966,-1.1279280185699463,0.32524168491363525,0.55905628204345703,0.57649415731430054,-0.40400236845016479,-0.055968035012483597,0.79435348510742188,0.70595085620880127,-1.4737155437469482,-0.070572406053543091,0.72517198324203491,1.1667037010192871,-0.96916431188583374,0.12860593199729919,0.33545976877212524,1.4120169878005981,-1.2159616947174072,0.10111206769943237,0.73109287023544312,0.98804908990859985,-1.1732022762298584,0.15892729163169861
0.12388596683740616,0.66010141372680664,-1.1571877002716064,0.21058979630470276,0.45187729597091675,0.57684797048568726,-0.45460736751556396,-0.13335970044136047,0.6837342381477356,0.82525289058685303,-1.5404586791992188,-0.21401548385620117,0.49703758955001831,1.1888663768768311,-1.0420382022857666,-0.037062212824821472,0.01686413586139679,1.48045814037323,-1.2469592094421387,-0.10118930786848068,0.59221863746643066,1.1104673147201538,-1.246904730796814,0.00078888237476348877
-0.072459891438484192,0.6183590292930603,-1.1728384494781494,0.085720650851726532,0.38459864258766174,0.59151625633239746,-0.49033048748970032,-0.2128211110830307,0.56563961505889893,0.82523500919342041,-1.5885905027389526,-0.3718140721321106,0.34014171361923218,1.1912181377410889,-1.0834058523178101,-0.20753836631774902,-0.18123207986354828,1.4288233518600464,-1.2358436584472656,-0.31061577796936035,0.3249509334564209,1.0612632036209106,-1.2983963489532471,-0.17227120697498322
-0.23747003078460693,0.6865609884262085,-1.1625473499298096,-0.034974515438079834,0.40268212556838989,0.54358315467834473,-0.5151515007019043,-0.29503074288368225,0.35497015714645386,0.90230530500411987,-1.6167656183242798,-0.53102123737335205,0.23168019950389862,1.1526634693145752,-1.1003484725952148,-0.37924468517303467,-0.39144298434257507,1.4297491312026978,-1.1945730447769165,-0.51302105188369751,0.097034737467765808,1.1129580736160278,-1.3142341375350952,-0.34189322590827942
-0.3495028018951416,0.62179630994796753,-1.1298172473907471,-0.1612260490655899,0.3492739200592041,0.46761906147003174,-0.53753799200057983,-0.37316915392875671,0.15784896910190582,0.85122007131576538,-1.6157809495925903,-0.69834458827972412,0.043562490493059158,1.1305805444717407,-1.0978003740310669,-0.54686814546585083,-0.51883423328399658,1.4054880142211914,-1.122472882270813,-0.71220529079437256,-0.13392642140388489,1.0953494310379028,-1.2987463474273682,-0.51641541719436646
-0.51239585876464844,0.61960190534591675,-1.079809308052063,-0.27858677506446838,0.22157099843025208,0.42232623696327209,-0.55055826902389526,-0.44433754682540894,-0.0038736909627914429,0.79454779624938965,-1.5867692232131958,-0.85946786403656006,-0.073753401637077332,1.1465142965316772,-1.0681205987930298,-0.71111214160919189,-0.74957442283630371,1.2291716337203979,-1.0281773805618286,-0.9041367769241333,-0.2305101603269577,1.0046619176864624,-1.2515798807144165,-0.68731904029846191
-0.7130579948425293,0.68338537216186523,-1.0079872608184814,-0.39250990748405457,0.15728166699409485,0.29686188697814941,-0.5471879243850708,-0.51118069887161255,-0.22443845868110657,0.72238314151763916,-1.5337533950805664,-1.0124771595001221,-0.32626757025718689,1.0660034418106079,-1.0187262296676636,-0.87445014715194702,-0.93666583299636841,1.0997828245162964,-0.90185075998306274,-1.0725513696670532,-0.45872268080711365,0.83808803558349609,-1.1865500211715698,-0.84574341773986816
-0.83970451354980469,0.54968875646591187,-0.91088122129440308,-0.50852978229522705,-0.03148922324180603,0.19375196099281311,-0.53408563137054443,-0.56489330530166626,-0.35199135541915894,0.68345552682876587,-1.4514021873474121,-1.1546800136566162,-0.45407488942146301,0.97685438394546509,-0.93626552820205688,-1.0262629985809326,-1.0849580764770508,0.99010592699050903,-0.74922686815261841,-1.2206954956054688,-0.58291047811508179,0.76120555400848389,-1.0912257432937622,-0.98328942060470581
-0.97915637493133545,0.51795250177383423,-0.79594594240188599,-0.60562801361083984,-0.097269698977470398,0.16428336501121521,-0.49951672554016113,-0.60730868577957153,-0.61758524179458618,0.55791157484054565,-1.3497371673583984,-1.2880088090896606,-0.61946600675582886,0.78462284803390503,-0.8339882493019104,-1.164114236831665,-1.2391750812530518,0.86319601535797119,-0.57535755634307861,-1.3493589162826538,-0.68497222661972046,0.61227357387542725,-0.97723633050918579,-1.1075496673583984
-1.1394505500793457,0.41567158699035645,-0.6629529595375061,-0.69323188066482544,-0.16827167570590973,0.10679189115762711,-0.45647585391998291,-0.6447938084602356,-0.73664164543151855,0.39106348156929016,-1.2155158519744873,-1.4028966426849365,-0.7025676965713501,0.63995736837387085,-0.708953857421875,-1.2767970561981201,-1.3689019680023193,0.68995082378387451,-0.38075152039527893,-1.4558831453323364,-0.91603547334671021,0.4766591489315033,-0.84757161140441895,-1.2104737758636475
-1.3017287254333496,0.31686663627624512,-0.51040267944335938,-0.76344805955886841,-0.18074265122413635,0.021208144724369049,-0.40473884344100952,-0.67415577173233032,-0.91526776552200317,0.30920031666755676,-1.0645118951797485,-1.4937089681625366,-0.87976652383804321,0.48275089263916016,-0.57078462839126587,-1.3680932521820068,-1.4410263299942017,0.49727329611778259,-0.16908793151378632,-1.5347414016723633,-0.95040428638458252,0.22520148754119873,-0.69049012660980225,-1.292746901512146
-1.3822896480560303,0.21564634144306183,-0.33908328413963318,-0.81575995683670044,-0.12624506652355194,-0.04917285218834877,-0.3506169319152832,-0.69220352172851562,-0.98208671808242798,0.15471683442592621,-0.89207011461257935,-1.5682598352432251,-1.0049352645874023,0.21286627650260925,-0.41121628880500793,-1.4362287521362305,-1.4940577745437622,0.16691181063652039,0.052390813827514648,-1.5833145380020142,-1.0165290832519531,0.19831165671348572,-0.52685904502868652,-1.3415499925613403
-1.4613031148910522,-0.031705103814601898,-0.1581738293170929,-0.84910416603088379,-0.24135085940361023,-0.13178367912769318,-0.30138453841209412,-0.70040929317474365,-0.97136086225509644,-0.0399436354637146,-0.71031355857849121,-1.6183222532272339,-1.0440446138381958,0.055608820170164108,-0.23673698306083679,-1.4690159559249878,-1.5560921430587769,-0.079818405210971832,0.28020820021629333,-1.5875346660614014,-1.0780493021011353,-0.013466294854879379,-0.3552081286907196,-1.3792226314544678
-1.4569700956344604,-0.14929865300655365,0.03116791695356369,-0.84850883483886719,-0.25499063730239868,-0.21468277275562286,-0.24054023623466492,-0.69785451889038086,-1.0007792711257935,-0.2888721227645874,-0.52827250957489014,-1.6395678520202637,-1.0731742382049561,-0.1539054661989212,-0.057803399860858917,-1.477196216583252,-1.5440791845321655,-0.16184245049953461,0.5130193829536438,-1.555726170539856,-1.1655285358428955,-0.22658997774124146,-0.17660130560398102,-1.3869465589523315
-1.3974008560180664,-0.35378041863441467,0.2188669890165329,-0.82674193382263184,-0.15150025486946106,-0.36548063158988953,-0.17883813381195068,-0.68399995565414429,-1.0349525213241577,-0.48348453640937805,-0.34336736798286438,-1.6267354488372803,-1.0929465293884277,-0.45379507541656494,0.12333500385284424,-1.4554758071899414,-1.5697618722915649,-0.49799737334251404,0.7415967583656311,-1.5043357610702515,-1.0994275808334351,-0.34966281056404114,0.010024659335613251,-1.3644278049468994
-1.4151676893234253,-0.51467794179916382,0.398357093334198,-0.77532821893692017,-0.17270401120185852,-0.40199890732765198,-0.12855851650238037,-0.65208345651626587,-0.97927653789520264,-0.68200951814651489,-0.15683519840240479,-1.5853264331817627,-1.1223175525665283,-0.73889094591140747,0.30424180626869202,-1.3948937654495239,-1.4143401384353638,-0.77150380611419678,0.96876245737075806,-1.408282995223999,-0.98994207382202148,-0.52692675590515137,0.18775780498981476,-1.3204612731933594
-1.3910070657730103,-0.64337098598480225,0.57594865560531616,-0.69921910762786865,-0.11033093929290771,-0.53115624189376831,-0.078059017658233643,-0.61421364545822144,-0.90987396240234375,-0.76775604486465454,0.020907819271087646,-1.5150467157363892,-1.009394645690918,-0.92204785346984863,0.48394575715065002,-1.2971831560134888,-1.3278038501739502,-0.97511643171310425,1.1741938591003418,-1.2741811275482178,-1.0150609016418457,-0.67730093002319336,0.35124850273132324,-1.2502036094665527
-1.2523480653762817,-0.69427627325057983,0.74623274803161621,-0.60188329219818115,-0.10955165326595306,-0.69996315240859985,-0.035994753241539001,-0.56115275621414185,-0.89000952243804932,-0.93561702966690063,0.18710805475711823,-1.4277911186218262,-0.88831716775894165,-1.0047942399978638,0.64637857675552368,-1.1728290319442749,-1.1595561504364014,-1.0916901826858521,1.3630226850509644,-1.110337495803833,-0.93720722198486328,-0.93764537572860718,0.51273846626281738,-1.1572158336639404
-1.1061397790908813,-0.88206499814987183,0.89674943685531616,-0.49159526824951172,-0.13280870020389557,-0.79616665840148926,0.0030907653272151947,-0.48944991827011108,-0.75887542963027954,-1.0496515035629272,0.3459470272064209,-1.3160279989242554,-0.6479642391204834,-1.1760909557342529,0.78950738906860352,-1.0328973531723022,-0.97962617874145508,-1.3111577033996582,1.5257022380828857,-0.92646694183349609,-0.82659852504730225,-1.1000449657440186,0.66081255674362183,-1.0307422876358032
-1.0572277307510376,-1.035231351852417,1.0262227058410645,-0.35573035478591919,-0.08036697655916214,-0.83205205202102661,0.04069267213344574,-0.40662980079650879,-0.64652788639068604,-1.1933332681655884,0.48512491583824158,-1.1856588125228882,-0.51607775688171387,-1.3466432094573975,0.90075027942657471,-0.869590163230896,-0.82506066560745239,-1.3430746793746948,1.6602312326431274,-0.71370530128479004,-0.68673312664031982,-1.1111205816268921,0.79061353206634521,-0.88145315647125244
-0.88366514444351196,-1.2351584434509277,1.1432415246963501,-0.19895672798156738,-0.054070465266704559,-0.9445641040802002,0.068697467446327209,-0.31886723637580872,-0.48572355508804321,-1.3903992176055908,0.60571759939193726,-1.0348124504089355,-0.3864707350730896,-1.5730386972427368,0.98999005556106567,-0.68471318483352661,-0.58788460493087769,-1.507143497467041,1.7678849697113037,-0.49238759279251099,-0.52166098356246948,-1.1605633497238159,0.89819508790969849,-0.72553163766860962
-0.74554336071014404,-1.3223112821578979,1.2343785762786865,-0.017347902059555054,-0.01924453116953373,-1.0598002672195435,0.089533686637878418,-0.21900764107704163,-0.35346940159797668,-1.5306897163391113,0.70197683572769165,-0.85920238494873047,-0.14999091625213623,-1.6635141372680664,1.0565191507339478,-0.47391077876091003,-0.42016169428825378,-1.7615456581115723,1.840144157409668,-0.25068843364715576,-0.29323536157608032,-1.2519280910491943,0.98084515333175659,-0.56028735637664795
-0.57494473457336426,-1.3016294240951538,1.3021042346954346,0.1763768345117569,0.098855189979076385,-1.0333493947982788,0.10179148614406586,-0.10721047222614288,-0.24825477600097656,-1.4860190153121948,0.77567780017852783,-0.66587048768997192,0.088780969381332397,-1.6201720237731934,1.0885025262832642,-0.25206583738327026,-0.17767529189586639,-1.7266432046890259,1.8831610679626465,0.018538340926170349,-0.1352485716342926,-1.3695096969604492,1.0319200754165649,-0.3828260600566864
-0.37546351552009583,-1.304570198059082,1.3427141904830933,0.37019428610801697,0.11649933457374573,-1.0599255561828613,0.096603274345397949,0.0018545761704444885,-0.044497106224298477,-1.5519490242004395,0.82878363132476807,-0.4745451807975769,0.28534337878227234,-1.6741147041320801,1.0853772163391113,-0.034346893429756165,-0.0094126537442207336,-1.7899477481842041,1.8882726430892944,0.28473657369613647,0.011463753879070282,-1.4767609834671021,1.0580528974533081,-0.19217240810394287
-0.24351614713668823,-1.3730349540710449,1.3534843921661377,0.56511771678924561,0.22540426254272461,-1.0686370134353638,0.084259174764156342,0.1126396432518959,0.15124770998954773,-1.6221095323562622,0.85166829824447632,-0.27517804503440857,0.37595254182815552,-1.6259994506835938,1.0517879724502563,0.18725429475307465,0.27395081520080566,-1.6653544902801514,1.8632881641387939,0.55586075782775879,0.25206857919692993,-1.4363316297531128,1.0598706007003784,0.0093179792165756226
-0.063320815563201904,-1.3429856300354004,1.3412991762161255,0.76620858907699585,0.25230127573013306,-0.99552613496780396,0.055592168122529984,0.22299167513847351,0.45444285869598389,-1.6274598836898804,0.8449212908744812,-0.068899065256118774,0.61971700191497803,-1.558333158493042,0.99832689762115479,0.400992751121521,0.50328165292739868,-1.7746340036392212,1.7966400384902954,0.81159377098083496,0.43448010087013245,-1.3131382465362549,1.0275963544845581,0.20560035109519958
0.094667136669158936,-1.2837141752243042,1.3011701107025146,0.96243554353713989,0.23081564903259277,-1.0115936994552612,0.018926290795207024,0.32391941547393799,0.61094319820404053,-1.5648783445358276,0.7976386547088623,0.13629409670829773,0.74275881052017212,-1.5467343330383301,0.91019326448440552,0.60397416353225708,0.72337740659713745,-1.671381950378418,1.6947566270828247,1.0733468532562256,0.55319738388061523,-1.3077455759048462,0.96752089262008667,0.38673532009124756
0.2849353551864624,-1.095629096031189,1.2357338666915894,1.1495170593261719,0.28675389289855957,-0.95161586999893188,-0.020381683483719826,0.42400166392326355,0.80692219734191895,-1.5158743858337402,0.7247963547706604,0.33159917593002319,0.89653700590133667,-1.437172532081604,0.80021041631698608,0.80014801025390625,1.0111372470855713,-1.5801022052764893,1.5584814548492432,1.3180770874023438,0.67184120416641235,-1.1744940280914307,0.88694018125534058,0.56321483850479126
0.55868232250213623,-0.95774322748184204,1.142375111579895,1.3133702278137207,0.4033203125,-0.9039655327796936,-0.07001563161611557,0.51550769805908203,1.0001097917556763,-1.4043469429016113,0.62309753894805908,0.51716446876525879,1.1264487504959106,-1.3830034732818604,0.66577929258346558,0.97867393493652344,1.2231127023696899,-1.4461501836776733,1.3821090459823608,1.5453774929046631,0.8282896876335144,-0.9873083233833313,0.78622084856033325,0.72126227617263794
0.75949829816818237,-0.84360307455062866,1.0140749216079712,1.4577711820602417,0.43412682414054871,-0.83215838670730591,-0.13554754853248596,0.59921020269393921,1.1152621507644653,-1.1819976568222046,0.49348548054695129,0.6853632926940918,1.2584809064865112,-1.2126176357269287,0.50031661987304688,1.1439852714538574,1.2833566665649414,-1.2074954509735107,1.1743344068527222,1.7490954399108887,1.1026229858398438,-0.91547590494155884,0.66262459754943848,0.85459756851196289
0.91733884811401367,-0.71068841218948364,0.85931158065795898,1.5834779739379883,0.45999902486801147,-0.73310941457748413,-0.20791429281234741,0.67195159196853638,1.2100683450698853,-0.9526178240776062,0.34480130672454834,0.82383352518081665,1.3641632795333862,-0.97841238975524902,0.31446078419685364,1.2829995155334473,1.4491876363754272,-0.97167330980300903,0.95169907808303833,1.9173458814620972,1.1678675413131714,-0.75956851243972778,0.50573444366455078,0.97377240657806396
1.0540214776992798,-0.41834726929664612,0.68347710371017456,1.6874135732650757,0.4708724319934845,-0.58914482593536377,-0.28603476285934448,0.73073601722717285,1.3498711585998535,-0.75695478916168213,0.18067684769630432,0.93110889196395874,1.5009225606918335,-0.84166771173477173,0.11228160560131073,1.3884844779968262,1.682363748550415,-0.79657351970672607,0.70550084114074707,2.0498940944671631,1.354217529296875,-0.54896843433380127,0.33737087249755859,1.0688117742538452
1.0216848850250244,-0.16118799149990082,0.48990127444267273,1.7527233362197876,0.42353531718254089,-0.54181003570556641,-0.36767914891242981,0.77087283134460449,1.3676052093505859,-0.65502947568893433,-0.0017400123178958893,1.0099877119064331,1.4851324558258057,-0.61795663833618164,-0.10755946487188339,1.4695833921432495,1.7708586454391479,-0.4882679283618927,0.43092748522758484,2.1518630981445312,1.3740334510803223,-0.39113503694534302,0.14669504761695862,1.1338262557983398
1.0855789184570312,-0.027036421000957489,0.29751741886138916,1.7822836637496948,0.29006862640380859,-0.39720240235328674,-0.44607707858085632,0.80196589231491089,1.4362940788269043,-0.40493819117546082,-0.18871627748012543,1.0691108703613281,1.5043500661849976,-0.34439203143119812,-0.32848474383354187,1.5168732404708862,1.7969179153442383,-0.14274501800537109,0.14414457976818085,2.2087116241455078,1.4335439205169678,-0.11880441009998322,-0.048007417470216751,1.1731699705123901
1.0466502904891968,0.20448015630245209,0.098472923040390015,1.788677453994751,0.24761892855167389,-0.29910877346992493,-0.51218611001968384,0.81450569629669189,1.3903213739395142,-0.16995900869369507,-0.38433656096458435,1.0935581922531128,1.5633755922317505,-0.14850962162017822,-0.55230695009231567,1.5255253314971924,1.7486071586608887,0.025892138481140137,-0.14628437161445618,2.2163920402526855,1.4158650636672974,0.029813334345817566,-0.24940431118011475,1.175352931022644
0.97778904438018799,0.34695172309875488,-0.09575643390417099,1.7619812488555908,0.25175836682319641,-0.18434418737888336,-0.57426190376281738,0.81387037038803101,1.3789523839950562,0.033844687044620514,-0.57535648345947266,1.0846270322799683,1.593531608581543,0.10776088386774063,-0.78106725215911865,1.5034046173095703,1.6967626810073853,0.20264703035354614,-0.43045452237129211,2.1927177906036377,1.4298878908157349,0.178556889295578,-0.44788694381713867,1.1526451110839844
0.92774409055709839,0.53106546401977539,-0.28056183457374573,1.7115452289581299,0.14741064608097076,-0.062878638505935669,-0.636333167552948,0.79867559671401978,1.3014123439788818,0.23575730621814728,-0.76360505819320679,1.0458718538284302,1.471793532371521,0.28522872924804688,-1.0103176832199097,1.4444184303283691,1.6393841505050659,0.42210757732391357,-0.70649218559265137,2.1373836994171143,1.3871415853500366,0.42371952533721924,-0.64540582895278931,1.1053339242935181
0.90979897975921631,0.73780602216720581,-0.45670303702354431,1.6338217258453369,0.12290384620428085,-0.010021399706602097,-0.68682724237442017,0.76834213733673096,1.260300874710083,0.45802116394042969,-0.94099932909011841,0.97780531644821167,1.4204764366149902,0.58669829368591309,-1.2230324745178223,1.3566523790359497,1.5926477909088135,0.64399951696395874,-0.9723203182220459,2.0467209815979004,1.2429409027099609,0.60546225309371948,-0.83506655693054199,1.0239787101745605
0.83777952194213867,0.91376137733459473,-0.62608695030212402,1.527148962020874,-0.038226351141929626,0.14277562499046326,-0.73304754495620728,0.73040086030960083,1.1087584495544434,0.7011713981628418,-1.1097922325134277,0.87911468744277954,1.2883050441741943,0.80857521295547485,-1.4249255657196045,1.2287079095840454,1.4682717323303223,1.0023677349090576,-1.2273097038269043,1.9212143421173096,1.1710339784622192,0.78066086769104004,-1.0050797462463379,0.91552424430847168
0.75086086988449097,1.0015876293182373,-0.78190869092941284,1.3951219320297241,-0.084231913089752197,0.19995126128196716,-0.76098006963729858,0.67511779069900513,0.96341061592102051,0.79442882537841797,-1.2574713230133057,0.74832987785339355,1.0528712272644043,1.0292659997940063,-1.6059808731079102,1.0693328380584717,1.328776478767395,1.2189887762069702,-1.462031364440918,1.7479724884033203,0.91031724214553833,0.91796916723251343,-1.1614494323730469,0.78177100419998169
0.70364820957183838,1.1433672904968262,-0.92150193452835083,1.2473859786987305,-0.19368065893650055,0.20959869027137756,-0.78138875961303711,0.61307257413864136,0.82356131076812744,0.97317218780517578,-1.3831914663314819,0.60169017314910889,0.94030064344406128,1.2481818199157715,-1.7544388771057129,0.87987804412841797,1.1173673868179321,1.3819030523300171,-1.6727254390716553,1.5424752235412598,0.80240821838378906,1.1202726364135742,-1.2841215133666992,0.62734407186508179
0.51035195589065552,1.3039685487747192,-1.0481572151184082,1.0794506072998047,-0.32315444946289062,0.23978564143180847,-0.78763985633850098,0.54943424463272095,0.63943403959274292,1.0618870258331299,-1.4868508577346802,0.43183785676956177,0.66092365980148315,1.3775250911712646,-1.8812931776046753,0.66232925653457642,0.83759558200836182,1.54228675365448,-1.8507465124130249,1.3114893436431885,0.562336266040802,1.2882615327835083,-1.3875588178634644,0.44754859805107117
0.27115967869758606,1.4680389165878296,-1.1463422775268555,0.89020299911499023,-0.4395233690738678,0.26349523663520813,-0.77773994207382202,0.4828629195690155,0.44505509734153748,1.1445126533508301,-1.5630048513412476,0.24901741743087769,0.4321228563785553,1.4876571893692017,-1.9686007499694824,0.42689326405525208,0.53904688358306885,1.7323787212371826,-1.9881942272186279,1.0570513010025024,0.40984785556793213,1.2412489652633667,-1.4574030637741089,0.24693059921264648
0.062652841210365295,1.5279948711395264,-1.2105849981307983,0.68084478378295898,-0.54952543973922729,0.27454844117164612,-0.75295424461364746,0.41482776403427124,0.24239303171634674,1.2598714828491211,-1.6101548671722412,0.055286452174186707,0.16554476320743561,1.4979734420776367,-2.0207760334014893,0.17756924033164978,0.36827954649925232,1.7766882181167603,-2.0822775363922119,0.77835416793823242,0.18785923719406128,1.3694102764129639,-1.5015865564346313,0.048790574073791504
-0.12037552148103714,1.5220081806182861,-1.2431653738021851,0.46360066533088684,-0.68866032361984253,0.2504984438419342,-0.713939368724823,0.3473438024520874,0.053397856652736664,1.2535915374755859,-1.6271107196807861,-0.15111802518367767,-0.050719182938337326,1.573788046836853,-2.0335698127746582,-0.073827534914016724,0.072360888123512268,1.879179835319519,-2.1448383331298828,0.49228399991989136,-0.0055452995002269745,1.3025442361831665,-1.5134425163269043,-0.16312821209430695
-0.26397788524627686,1.5952373743057251,-1.2464364767074585,0.24668864905834198,-0.78535664081573486,0.34783852100372314,-0.65789812803268433,0.28462553024291992,-0.15486963093280792,1.2545462846755981,-1.6147968769073486,-0.35645163059234619,-0.23562312126159668,1.6134394407272339,-2.012155294418335,-0.33187553286552429,-0.19628758728504181,1.8512498140335083,-2.1631910800933838,0.19463598728179932,-0.28339433670043945,1.2901105880737305,-1.4953453540802002,-0.3676295280456543
-0.51640331745147705,1.5527282953262329,-1.2245398759841919,0.023642644286155701,-0.84055370092391968,0.34613442420959473,-0.58941745758056641,0.21535097062587738,-0.4110901951789856,1.2894202470779419,-1.5715217590332031,-0.55998885631561279,-0.56709408760070801,1.5708962678909302,-1.9595510959625244,-0.59121584892272949,-0.53976452350616455,1.7085921764373779,-2.1397628784179688,-0.099277019500732422,-0.53990083932876587,1.2516721487045288,-1.4394062757492065,-0.56871324777603149
-0.71985191106796265,1.5082565546035767,-1.1664451360702515,-0.19267372786998749,-0.98445701599121094,0.28935122489929199,-0.51239883899688721,0.15008401870727539,-0.62940061092376709,1.2850798368453979,-1.4927723407745361,-0.76359319686889648,-0.8278118371963501,1.547993540763855,-1.8612306118011475,-0.84206986427307129,-0.86894059181213379,1.7535697221755981,-2.067516565322876,-0.37592780590057373,-0.7585415244102478,1.1830732822418213,-1.3481651544570923,-0.76191830635070801
-0.84035414457321167,1.372107982635498,-1.0776100158691406,-0.40030604600906372,-1.1017423868179321,0.1696920245885849,-0.41822400689125061,0.094732172787189484,-0.86198335886001587,1.0997611284255981,-1.3825573921203613,-0.96157866716384888,-1.1569391489028931,1.433861255645752,-1.7249759435653687,-1.0841810703277588,-1.0903990268707275,1.6255605220794678,-1.949044942855835,-0.65175974369049072,-0.89397263526916504,1.0608130693435669,-1.2260204553604126,-0.94252222776412964
-0.99938172101974487,1.2946937084197998,-0.9669528603553772,-0.58861196041107178,-1.0357162952423096,0.057507723569869995,-0.31015485525131226,0.056374453008174896,-1.0376427173614502,1.0008766651153564,-1.2399250268936157,-1.1343176364898682,-1.3989567756652832,1.255060076713562,-1.5446174144744873,-1.3065944910049438,-1.3203935623168945,1.3639332056045532,-1.7954485416412354,-0.90718048810958862,-1.0300015211105347,0.91388273239135742,-1.0821123123168945,-1.1037005186080933
-1.1055924892425537,1.1298927068710327,-0.83171802759170532,-0.76250016689300537,-1.0708767175674438,-0.056581981480121613,-0.2074541300535202,0.034848444163799286,-1.3552861213684082,0.93145650625228882,-1.0720252990722656,-1.2889987230300903,-1.5649082660675049,1.1314947605133057,-1.3301204442977905,-1.5007727146148682,-1.5286219120025635,1.1775740385055542,-1.6071077585220337,-1.1272085905075073,-1.1077978610992432,0.75376260280609131,-0.91748261451721191,-1.2420248985290527
-1.2771183252334595,0.89351797103881836,-0.67805731296539307,-0.91209954023361206,-1.1348071098327637,-0.12446837872266769,-0.100806824862957,0.029972830787301064,-1.5454163551330566,0.7076764702796936,-0.8657151460647583,-1.4274243116378784,-1.7125933170318604,0.94916379451751709,-1.0907083749771118,-1.6707175970077515,-1.8112945556640625,0.93797153234481812,-1.3881757259368896,-1.3178635835647583,-1.3186632394790649,0.61752527952194214,-0.73922020196914673,-1.3552883863449097
-1.3629584312438965,0.7234731912612915,-0.50076192617416382,-1.0294877290725708,-1.151418924331665,-0.2354872077703476,0.011811467818915844,0.037219792604446411,-1.5607587099075317,0.55011188983917236,-0.63479351997375488,-1.5323495864868164,-1.8473391532897949,0.68135970830917358,-0.82956814765930176,-1.8094644546508789,-1.9390065670013428,0.75553494691848755,-1.1328593492507935,-1.4724829196929932,-1.4694763422012329,0.37918686866760254,-0.53534942865371704,-1.4453574419021606
-1.4374381303787231,0.59956932067871094,-0.31014952063560486,-1.1203230619430542,-1.1317397356033325,-0.26045426726341248,0.1250288337469101,0.061123978346586227,-1.5780822038650513,0.25608867406845093,-0.39855861663818359,-1.6093809604644775,-2.025242805480957,0.42737185955047607,-0.54968070983886719,-1.9075798988342285,-2.120206356048584,0.50370073318481445,-0.85867345333099365,-1.595198392868042,-1.4306869506835938,0.17881178855895996,-0.31318855285644531,-1.5008929967880249
-1.3860224485397339,0.28301656246185303,-0.10875962674617767,-1.1887229681015015,-1.0965096950531006,-0.29474112391471863,0.23438405990600586,0.093006208539009094,-1.6368259191513062,-0.009362613782286644,-0.15823261439800262,-1.6447819471359253,-2.0417203903198242,0.13923667371273041,-0.24886760115623474,-1.9657665491104126,-2.1635751724243164,0.18816716969013214,-0.56197333335876465,-1.6783305406570435,-1.4588472843170166,0.081181026995182037,-0.093529112637042999,-1.5249968767166138
-1.5008285045623779,0.095571331679821014,0.089635364711284637,-1.2150262594223022,-0.97178584337234497,-0.30801957845687866,0.33794939517974854,0.13355669379234314,-1.6670873165130615,-0.1037726104259491,0.088230766355991364,-1.6414659023284912,-2.1209621429443359,-0.10492419451475143,0.054612495005130768,-1.9798176288604736,-2.174476146697998,-0.22152355313301086,-0.25865095853805542,-1.7146364450454712,-1.5153142213821411,-0.18103526532649994,0.12877634167671204,-1.5282639265060425
-1.4363473653793335,-0.10919434577226639,0.299582839012146,-1.212554931640625,-0.85576504468917847,-0.44074377417564392,0.426380455493927,0.18033263087272644,-1.712915301322937,-0.41285550594329834,0.33601966500282288,-1.6164728403091431,-2.1176657676696777,-0.32918769121170044,0.36482453346252441,-1.9542731046676636,-2.1548690795898438,-0.48627647757530212,0.045677006244659424,-1.6946629285812378,-1.4961787462234497,-0.37849393486976624,0.35550576448440552,-1.4942337274551392
-1.5033425092697144,-0.32850661873817444,0.5016511082649231,-1.1791818141937256,-0.78170168399810791,-0.58509558439254761,0.50033223628997803,0.2444872111082077,-1.5620251893997192,-0.51409149169921875,0.58560442924499512,-1.5484048128128052,-2.023688793182373,-0.65683406591415405,0.67150366306304932,-1.8910344839096069,-2.140343189239502,-0.74633496999740601,0.34515470266342163,-1.6332043409347534,-1.4824562072753906,-0.58089274168014526,0.57721656560897827,-1.4293944835662842
-1.4030009508132935,-0.43399977684020996,0.707500159740448,-1.1140366792678833,-0.60187381505966187,-0.57407355308532715,0.56322652101516724,0.32635483145713806,-1.5289919376373291,-0.79731595516204834,0.81515997648239136,-1.4582254886627197,-1.7998193502426147,-0.79586964845657349,0.96372932195663452,-1.7801742553710938,-2.0494017601013184,-1.0506970882415771,0.63825744390487671,-1.5312297344207764,-1.3586714267730713,-0.84739965200424194,0.79294919967651367,-1.3336937427520752
-1.2487304210662842,-0.59436249732971191,0.89879274368286133,-1.0285112857818604,-0.60038453340530396,-0.58409953117370605,0.60367488861083984,0.40973785519599915,-1.4275443553924561,-0.97539353370666504,1.0354973077774048,-1.3288698196411133,-1.6178382635116577,-1.0369341373443604,1.2262341976165771,-1.6415687799453735,-1.7921812534332275,-1.3833132982254028,0.91536855697631836,-1.384878396987915,-1.2076128721237183,-1.0561732053756714,0.99019992351531982,-1.2012101411819458
-1.0624126195907593,-0.82793211936950684,1.0692131519317627,-0.9179694652557373,-0.54533034563064575,-0.54082202911376953,0.63957560062408447,0.49561542272567749,-1.1898274421691895,-1.0973511934280396,1.2378840446472168,-1.1715551614761353,-1.4703068733215332,-1.231121301651001,1.4620122909545898,-1.4666662216186523,-1.6268635988235474,-1.5512673854827881,1.1577528715133667,-1.1923966407775879,-1.0263508558273315,-1.2122597694396973,1.1645272970199585,-1.0388654470443726
-0.97346264123916626,-1.0496156215667725,1.2144426107406616,-0.77628445625305176,-0.37921589612960815,-0.57121473550796509,0.66547656059265137,0.57841545343399048,-1.0139172077178955,-1.2216278314590454,1.4074147939682007,-0.99296015501022339,-1.2861394882202148,-1.4330754280090332,1.6728702783584595,-1.2617095708847046,-1.3082039356231689,-1.8785902261734009,1.3725230693817139,-0.97226512432098389,-0.85490745306015015,-1.4023141860961914,1.3115689754486084,-0.85325443744659424
-0.74694108963012695,-1.1792284250259399,1.342826247215271,-0.60609173774719238,-0.28082123398780823,-0.52800023555755615,0.67048704624176025,0.66502690315246582,-0.89324826002120972,-1.3672534227371216,1.5494166612625122,-0.79461967945098877,-1.0314888954162598,-1.5196268558502197,1.8538053035736084,-1.0273486375808716,-0.99494081735610962,-2.0355598926544189,1.5431419610977173,-0.71009242534637451,-0.68194383382797241,-1.4662336111068726,1.4313195943832397,-0.6424822211265564
-0.49250096082687378,-1.1798141002655029,1.4392940998077393,-0.41761374473571777,-0.10524175316095352,-0.55262374877929688,0.66131967306137085,0.74702638387680054,-0.65806961059570312,-1.6012208461761475,1.6686034202575684,-0.57589071989059448,-0.75717067718505859,-1.6740789413452148,1.9964931011199951,-0.77679502964019775,-0.69894987344741821,-2.1656777858734131,1.6683335304260254,-0.42537158727645874,-0.45452210307121277,-1.5074462890625,1.5225460529327393,-0.42067620158195496
-0.27338540554046631,-1.2695919275283813,1.500343918800354,-0.22545422613620758,-0.01794341579079628,-0.4182395339012146,0.630573570728302,0.83052140474319458,-0.41777512431144714,-1.6811656951904297,1.7526522874832153,-0.32920080423355103,-0.51748490333557129,-1.7130483388900757,2.0983998775482178,-0.50526154041290283,-0.33220615983009338,-2.2234578132629395,1.7489868402481079,-0.12318724393844604,-0.19422848522663116,-1.5895843505859375,1.579431414604187,-0.19159427285194397
